{"type":"FeatureCollection","features":[{"type":"Feature","properties":{"name":"Ocean County","state":"NJ"},"geometry":{"type":"Polygon","coordinates":[[[-74.42941499962956,39.845403000252496],[-74.38970799981756,39.77328300015959],[-74.39039900010378,39.59603700032012],[-74.3923010003599,39.59455999966504],[-74.39420400044092,39.59035099971689],[-74.3941249998999,39.5896310003252],[-74.39505800003545,39.58866599979496],[-74.39531199958034,39.58718499976402],[-74.39668800030502,39.58456400030074],[-74.39687999992563,39.582290999744295],[-74.39769699971025,39.58133799996695],[-74.39768300036484,39.57767200030011],[-74.40081900015709,39.57224200013312],[-74.40314800021046,39.57178400003904],[-74.40421400041541,39.57010099996804],[-74.4054670002181,39.56950199997563],[-74.40843999980372,39.56942999983158],[-74.41039499976328,39.57102100028135],[-74.41273399986243,39.57022000024511],[-74.41599000020358,39.57046000000803],[-74.41904099960699,39.56836700016105],[-74.41709599969317,39.56411199985996],[-74.41470999973839,39.56323599995657],[-74.41409700016828,39.562395999665085],[-74.41439799956885,39.5609770001403],[-74.41659899957571,39.55921099977529],[-74.4173929997941,39.557254999897914],[-74.41622799985495,39.556231999700245],[-74.41588999974614,39.55516399999293],[-74.41674800043694,39.55232300032156],[-74.4166610003983,39.550535999887785],[-74.41532700040477,39.54916699998702],[-74.4098109996072,39.54742400031217],[-74.40781999966262,39.54417200015088],[-74.403861000238,39.5409040001495],[-74.40243099998497,39.53911099995509],[-74.38079599983507,39.49853699998742],[-74.36096800040505,39.50202699975361],[-74.35421399987341,39.50557199974092],[-74.33782099998636,39.50688199973244],[-74.32638199958377,39.506332000124665],[-74.32195700000382,39.505144000254816],[-74.31261200037629,39.50011700009494],[-74.29646100033858,39.47529199986229],[-74.23206200022716,39.475197999955704],[-74.21274199988694,39.50011700009494],[-74.21118000028775,39.50011700009494],[-74.18318899998945,39.53299400026687],[-74.12458000031198,39.61513900022968],[-74.09653100028737,39.64994900031353],[-74.08331600002536,39.6695620003076],[-74.0706880002925,39.69125300029026],[-74.06219499971135,39.707035000053885],[-74.04948900016068,39.72378499992701],[-74.04386299975826,39.73635300027306],[-74.03815799971315,39.75011999987939],[-74.03461500021511,39.7624270003247],[-74.03307899965688,39.77001900029608],[-74.02765999984202,39.806503999972286],[-74.01989899955497,39.87511899977096],[-73.99957700038053,39.97679799994903],[-73.98917999989345,40.01332399985982],[-73.9860290000326,40.02112599980654],[-73.97329099979656,40.075142000024215],[-73.96614499962776,40.09057699992517],[-73.96541400005688,40.097642000063864],[-74.00717899976061,40.09771500024742],[-74.02787999995004,40.09921500014164],[-74.03801399977309,40.10432199994028],[-74.04052399957644,40.104039999657125],[-74.04412100039944,40.10533299991451],[-74.04571899998363,40.105294999885466],[-74.05094299980483,40.103663999751575],[-74.05235700016432,40.10245200007701],[-74.05578300038479,40.101059999806644],[-74.05661900043596,40.10013400009995],[-74.05715400018826,40.09748999981639],[-74.0611069997651,40.09642700010102],[-74.06233100015379,40.09446900014083],[-74.06563799965025,40.09282600013673],[-74.07025099955116,40.089405999943196],[-74.07237299991533,40.08938099993406],[-74.07483699968792,40.09141999998289],[-74.07792499979958,40.09254299972493],[-74.08044899984664,40.09432300029025],[-74.08351400039209,40.09556100012333],[-74.08965600028021,40.10204699975065],[-74.09238899966634,40.10599999982463],[-74.09422200032547,40.107508999688655],[-74.09457899980254,40.10856600005236],[-74.09392900042252,40.11024699997099],[-74.09418200014251,40.11220500001483],[-74.09494500039877,40.1133799996965],[-74.09408599988303,40.115412000221724],[-74.09605400026139,40.11825199976177],[-74.09702199965874,40.12158299981688],[-74.09620700042227,40.124570999943685],[-74.0965909996635,40.125817000314754],[-74.09572700002325,40.12852999977478],[-74.09710000037485,40.12908400028176],[-74.09771200012005,40.12871699988539],[-74.0978920000451,40.127720000242064],[-74.0990390004409,40.12778100030127],[-74.10094099979871,40.130012000186206],[-74.10236199983088,40.130392000158785],[-74.10333400032451,40.13126099977867],[-74.10259199998465,40.13215300005399],[-74.10385400000818,40.13247399981477],[-74.10286599962105,40.13307100004937],[-74.10334500019516,40.134411999840886],[-74.10447300032438,40.134514000191004],[-74.10453900044664,40.13542999997562],[-74.10604900016726,40.13532599971269],[-74.1070519997247,40.135815000309904],[-74.10746400035167,40.13703600024569],[-74.12955399988793,40.11730600018986],[-74.13030999957317,40.11775599975825],[-74.13230999973857,40.11486699985127],[-74.15031500035182,40.098876999881455],[-74.15427499960136,40.09958499974975],[-74.15614000004756,40.10311199979483],[-74.15685800009794,40.10265799983717],[-74.15770800039283,40.10293800017214],[-74.1581560001065,40.10512999983871],[-74.16012299976163,40.1069460000157],[-74.16202800039079,40.10763199996963],[-74.16492399998351,40.10657199975494],[-74.16853500015192,40.10674599970217],[-74.17022999982049,40.10791100008414],[-74.1719050002959,40.10770899982002],[-74.17235800003242,40.108247999767805],[-74.17411999964814,40.10834400015297],[-74.17873000007432,40.11094199970609],[-74.18274899977341,40.11010999982783],[-74.18316300005019,40.11064100017366],[-74.1845790000595,40.110706999977445],[-74.18558199961694,40.1113700002306],[-74.1864240004142,40.110930999666714],[-74.18846600041242,40.11143299977542],[-74.18943399980976,40.11066900020232],[-74.18964100039732,40.11114799986455],[-74.1910699999271,40.1114790002132],[-74.19338200026205,40.11103900003852],[-74.19412100022885,40.11222799997654],[-74.19629399974829,40.11129500033655],[-74.19805200006437,40.11199299988213],[-74.19820199985222,40.11149400002062],[-74.20179799995199,40.11206599978203],[-74.20198399972482,40.112478999829605],[-74.20261200026185,40.11190500019031],[-74.20388799963077,40.1125499999977],[-74.2062279995548,40.11227700007807],[-74.20673200024326,40.111546999817584],[-74.20822900044344,40.111508000204324],[-74.20906200012156,40.11061700004178],[-74.21072900020104,40.11074900031887],[-74.21296799984275,40.10989800003534],[-74.21833899997704,40.11023199988856],[-74.22388300036368,40.10940000025681],[-74.22449000008599,40.10894500000747],[-74.22620200037132,40.10936199975152],[-74.22702699965353,40.109087999746414],[-74.22706299963853,40.10952899982506],[-74.22833200023308,40.10995400000586],[-74.23063399962398,40.10956100028193],[-74.23283600035406,40.11021600016337],[-74.2332480000827,40.11092200025781],[-74.23434799972453,40.11134100018057],[-74.23645300037022,40.11168399981436],[-74.23687599996953,40.11219600008748],[-74.23724400021555,40.11181299985993],[-74.23738499978255,40.11231400003324],[-74.23820199956717,40.11199999992299],[-74.2396040002311,40.11238299978445],[-74.23976599971448,40.11305699988533],[-74.24043000023651,40.11315899999144],[-74.24082400042182,40.11444000030113],[-74.24152400003054,40.11444399998435],[-74.24374400030398,40.11609900021609],[-74.24430400017064,40.11722300024646],[-74.24404899990252,40.11786899997899],[-74.24467999991427,40.11837199991711],[-74.2440759996667,40.11987800020913],[-74.24448400009571,40.12021000015059],[-74.24343899980715,40.12139899980094],[-74.24325899988209,40.122633000257174],[-74.2418229997813,40.12378699981303],[-74.24253699963374,40.12496099983389],[-74.24198299961488,40.1259080001493],[-74.24262899969526,40.12631600016689],[-74.24182199995637,40.12756000000682],[-74.24262799987034,40.12765800005826],[-74.24272999997758,40.12825199982738],[-74.24198199978996,40.129027000217306],[-74.24220799974576,40.12990000026607],[-74.24158900032788,40.12993999967002],[-74.2421609998901,40.13048400007852],[-74.24178599997137,40.130888000013734],[-74.24242299983092,40.13178699975422],[-74.24360200001377,40.13190200002136],[-74.2441669999033,40.13281100002695],[-74.24383299999245,40.13361800006887],[-74.24515699994025,40.13412400016711],[-74.24503499974152,40.13478200028709],[-74.24642800018461,40.13566100030061],[-74.24689099996688,40.13710099990898],[-74.24642200033684,40.13770199970408],[-74.24756600035958,40.13839399996433],[-74.24788500020182,40.14044399999704],[-74.24939999994533,40.14242999983726],[-74.2490119996078,40.14383300025193],[-74.25023299962344,40.14424899976917],[-74.25134800023218,40.14530799995046],[-74.2509189998868,40.14579400002967],[-74.25112300010129,40.14646300022878],[-74.25211499978808,40.14604800033512],[-74.25342500039051,40.14712200012531],[-74.25343700008605,40.14765400026791],[-74.25663800017564,40.1486300001916],[-74.25699300000288,40.14914000012395],[-74.25760999977092,40.14839200028602],[-74.2598109997778,40.14905199976269],[-74.25901200043485,40.15044499996352],[-74.2595079998291,40.15105099982122],[-74.25847900033239,40.15215600007799],[-74.25982599984641,40.15344899992685],[-74.26053999969885,40.155300999900845],[-74.26003900028175,40.15572299990429],[-74.2602049999631,40.15670400017936],[-74.2581839998813,40.160074000209285],[-74.25895299998531,40.1605049997825],[-74.25853399968567,40.161694999788615],[-74.25971500041665,40.1620800002517],[-74.25947699986696,40.16398199973265],[-74.26013100034325,40.16496000019719],[-74.26066500027063,40.16492400027405],[-74.26057599968387,40.16652499981599],[-74.26145500029106,40.16703300023939],[-74.40670999997506,40.17240199994656],[-74.46297299988072,40.1329940000698],[-74.52806499992819,40.08979899995243],[-74.55310500038216,40.07912999984969],[-74.52869000009217,40.037449000230815],[-74.50637200005195,39.99122499971777],[-74.43422300042246,39.85515700027402],[-74.42941499962956,39.845403000252496]]]}},{"type":"Feature","properties":{"name":"Monmouth County","state":"NJ"},"geometry":{"type":"Polygon","coordinates":[[[-74.03864300013502,40.104456000201196],[-74.02787999995004,40.09921500014164],[-74.00717899976061,40.09771500024742],[-73.96541400005688,40.097642000063864],[-73.96507900032113,40.10089199977905],[-73.96626500017668,40.10859699992497],[-73.9652750001397,40.112950000256234],[-73.96273500019913,40.11991399996666],[-73.94688000043742,40.15438100016762],[-73.9325300003735,40.19228999996637],[-73.90686300010572,40.25011099986611],[-73.89820800004118,40.27435299971376],[-73.89079099971073,40.310690000159944],[-73.88708199963304,40.345009000182394],[-73.88674600007236,40.42422699984257],[-73.88505999972632,40.45277599985387],[-73.88674699989728,40.47589200014045],[-73.88843400006826,40.484048999772014],[-73.88964500003816,40.486510999918224],[-73.90213999970162,40.49212100024769],[-73.97787399956025,40.519095000327916],[-74.22533100016004,40.4765780002232],[-74.22819599979063,40.47762100023009],[-74.2229130004182,40.45230500009712],[-74.22483200039275,40.45330000022458],[-74.22536399977201,40.45298700029238],[-74.22277399960271,40.45149199974222],[-74.22308400012243,40.449674000185],[-74.22532399958904,40.44800399972633],[-74.22649299972615,40.44462900008472],[-74.23083000034086,40.44572100029111],[-74.23171400007261,40.44534099976536],[-74.23349199958186,40.44314100026747],[-74.23414799970797,40.4432480002669],[-74.23434400042488,40.443811000269314],[-74.23640700033947,40.44344499987146],[-74.24779700033827,40.43119700023215],[-74.2479630000196,40.412192000072],[-74.24947399956515,40.41114200009],[-74.24948500033413,40.41022800019665],[-74.24886500019304,40.40879899990019],[-74.24791199996599,40.40811800018284],[-74.24789400042263,40.4066050001772],[-74.37754500041511,40.30543199997928],[-74.39423100020512,40.28839000022779],[-74.39491200044559,40.28588399972332],[-74.39415199966407,40.28293900030403],[-74.39271999976125,40.28141200021759],[-74.39346799994887,40.27952400017159],[-74.39797100024494,40.278196000131615],[-74.39859300003587,40.27742800020192],[-74.46101700009625,40.251121999942036],[-74.46430100002647,40.25224499981351],[-74.4874070004373,40.25312899997624],[-74.48732399969829,40.25183699969368],[-74.48623999995,40.24953699995388],[-74.48565900016696,40.24881999990241],[-74.48367499989507,40.24808599997238],[-74.48180399960108,40.24594400020267],[-74.48110300016744,40.24391500014815],[-74.48147600043634,40.24289000023249],[-74.54326799976172,40.21669200003176],[-74.54606499962026,40.21402800009323],[-74.54877600016337,40.207390000068564],[-74.55069599996284,40.20608399974389],[-74.55716599991405,40.199764999765634],[-74.56224499997028,40.19029299990026],[-74.56504400037694,40.18821799967651],[-74.57124099961834,40.18529299984105],[-74.57238600036433,40.18639499967824],[-74.57429199992009,40.18704199980253],[-74.57625199990254,40.18675400025477],[-74.58680599985016,40.183759999782154],[-74.58884799984834,40.1822889998792],[-74.58909999974342,40.181613000141766],[-74.59367500000953,40.179421000089796],[-74.59547299961025,40.179824999999724],[-74.59709200000916,40.18614199990082],[-74.59963500032278,40.186791000150784],[-74.61457600021551,40.182383000105176],[-74.60929399976966,40.172010999744494],[-74.60902500015614,40.17239499994869],[-74.60402800011568,40.16541999997559],[-74.58658699956703,40.136461999822664],[-74.57950700041879,40.12354199989282],[-74.55310500038216,40.07912999984969],[-74.52806499992819,40.08979899995243],[-74.46297299988072,40.1329940000698],[-74.40670999997506,40.17240199994656],[-74.26145500029106,40.16703300023939],[-74.26057599968387,40.16652499981599],[-74.26066500027063,40.16492400027405],[-74.26013100034325,40.16496000019719],[-74.25947699986696,40.16398199973265],[-74.25971500041665,40.1620800002517],[-74.25853399968567,40.161694999788615],[-74.25895299998531,40.1605049997825],[-74.2581839998813,40.160074000209285],[-74.2602049999631,40.15670400017936],[-74.26003900028175,40.15572299990429],[-74.26053999969885,40.155300999900845],[-74.25982599984641,40.15344899992685],[-74.25847900033239,40.15215600007799],[-74.2595079998291,40.15105099982122],[-74.25901200043485,40.15044499996352],[-74.2598109997778,40.14905199976269],[-74.25760999977092,40.14839200028602],[-74.25699300000288,40.14914000012395],[-74.25663800017564,40.1486300001916],[-74.25343700008605,40.14765400026791],[-74.25342500039051,40.14712200012531],[-74.25211499978808,40.14604800033512],[-74.25112300010129,40.14646300022878],[-74.2509189998868,40.14579400002967],[-74.25134800023218,40.14530799995046],[-74.25023299962344,40.14424899976917],[-74.2490119996078,40.14383300025193],[-74.24939999994533,40.14242999983726],[-74.24788500020182,40.14044399999704],[-74.24756600035958,40.13839399996433],[-74.24642200033684,40.13770199970408],[-74.24689099996688,40.13710099990898],[-74.24642800018461,40.13566100030061],[-74.24503499974152,40.13478200028709],[-74.24515699994025,40.13412400016711],[-74.24383299999245,40.13361800006887],[-74.2441669999033,40.13281100002695],[-74.24360200001377,40.13190200002136],[-74.24242299983092,40.13178699975422],[-74.24178599997137,40.130888000013734],[-74.2421609998901,40.13048400007852],[-74.24158900032788,40.12993999967002],[-74.24220799974576,40.12990000026607],[-74.24198199978996,40.129027000217306],[-74.24272999997758,40.12825199982738],[-74.24262799987034,40.12765800005826],[-74.24182199995637,40.12756000000682],[-74.24262899969526,40.12631600016689],[-74.24198299961488,40.1259080001493],[-74.24253699963374,40.12496099983389],[-74.2418229997813,40.12378699981303],[-74.24325899988209,40.122633000257174],[-74.24343899980715,40.12139899980094],[-74.24448400009571,40.12021000015059],[-74.2440759996667,40.11987800020913],[-74.24467999991427,40.11837199991711],[-74.24404899990252,40.11786899997899],[-74.24430400017064,40.11722300024646],[-74.24374400030398,40.11609900021609],[-74.24152400003054,40.11444399998435],[-74.24082400042182,40.11444000030113],[-74.24043000023651,40.11315899999144],[-74.23976599971448,40.11305699988533],[-74.2396040002311,40.11238299978445],[-74.23820199956717,40.11199999992299],[-74.23738499978255,40.11231400003324],[-74.23724400021555,40.11181299985993],[-74.23687599996953,40.11219600008748],[-74.23645300037022,40.11168399981436],[-74.23434799972453,40.11134100018057],[-74.2332480000827,40.11092200025781],[-74.23283600035406,40.11021600016337],[-74.23063399962398,40.10956100028193],[-74.22833200023308,40.10995400000586],[-74.22706299963853,40.10952899982506],[-74.22702699965353,40.109087999746414],[-74.22620200037132,40.10936199975152],[-74.22449000008599,40.10894500000747],[-74.22388300036368,40.10940000025681],[-74.21833899997704,40.11023199988856],[-74.21296799984275,40.10989800003534],[-74.21072900020104,40.11074900031887],[-74.20906200012156,40.11061700004178],[-74.20822900044344,40.111508000204324],[-74.20673200024326,40.111546999817584],[-74.2062279995548,40.11227700007807],[-74.20388799963077,40.1125499999977],[-74.20261200026185,40.11190500019031],[-74.20198399972482,40.112478999829605],[-74.20179799995199,40.11206599978203],[-74.19820199985222,40.11149400002062],[-74.19805200006437,40.11199299988213],[-74.19629399974829,40.11129500033655],[-74.19412100022885,40.11222799997654],[-74.19338200026205,40.11103900003852],[-74.1910699999271,40.1114790002132],[-74.18964100039732,40.11114799986455],[-74.18943399980976,40.11066900020232],[-74.18846600041242,40.11143299977542],[-74.1864240004142,40.110930999666714],[-74.18558199961694,40.1113700002306],[-74.1845790000595,40.110706999977445],[-74.18316300005019,40.11064100017366],[-74.18274899977341,40.11010999982783],[-74.17873000007432,40.11094199970609],[-74.17411999964814,40.10834400015297],[-74.17235800003242,40.108247999767805],[-74.1719050002959,40.10770899982002],[-74.17022999982049,40.10791100008414],[-74.16853500015192,40.10674599970217],[-74.16492399998351,40.10657199975494],[-74.16202800039079,40.10763199996963],[-74.16012299976163,40.1069460000157],[-74.1581560001065,40.10512999983871],[-74.15770800039283,40.10293800017214],[-74.15685800009794,40.10265799983717],[-74.15614000004756,40.10311199979483],[-74.15427499960136,40.09958499974975],[-74.15031500035182,40.098876999881455],[-74.13230999973857,40.11486699985127],[-74.13030999957317,40.11775599975825],[-74.12955399988793,40.11730600018986],[-74.10746400035167,40.13703600024569],[-74.1070519997247,40.135815000309904],[-74.10604900016726,40.13532599971269],[-74.10453900044664,40.13542999997562],[-74.10447300032438,40.134514000191004],[-74.10334500019516,40.134411999840886],[-74.10286599962105,40.13307100004937],[-74.10385400000818,40.13247399981477],[-74.10259199998465,40.13215300005399],[-74.10333400032451,40.13126099977867],[-74.10236199983088,40.130392000158785],[-74.10094099979871,40.130012000186206],[-74.0990390004409,40.12778100030127],[-74.0978920000451,40.127720000242064],[-74.09771200012005,40.12871699988539],[-74.09710000037485,40.12908400028176],[-74.09572700002325,40.12852999977478],[-74.0965909996635,40.125817000314754],[-74.09620700042227,40.124570999943685],[-74.09702199965874,40.12158299981688],[-74.09605400026139,40.11825199976177],[-74.09408599988303,40.115412000221724],[-74.09494500039877,40.1133799996965],[-74.09418200014251,40.11220500001483],[-74.09392900042252,40.11024699997099],[-74.09457899980254,40.10856600005236],[-74.09422200032547,40.107508999688655],[-74.09238899966634,40.10599999982463],[-74.08965600028021,40.10204699975065],[-74.08351400039209,40.09556100012333],[-74.08044899984664,40.09432300029025],[-74.07792499979958,40.09254299972493],[-74.07483699968792,40.09141999998289],[-74.07237299991533,40.08938099993406],[-74.07025099955116,40.089405999943196],[-74.06563799965025,40.09282600013673],[-74.06233100015379,40.09446900014083],[-74.0611069997651,40.09642700010102],[-74.05715400018826,40.09748999981639],[-74.05630200024356,40.10064900007276],[-74.05216600036862,40.102557999978096],[-74.05094299980483,40.103663999751575],[-74.04571899998363,40.105294999885466],[-74.04412100039944,40.10533299991451],[-74.04052399957644,40.104039999657125],[-74.03864300013502,40.104456000201196]]]}},{"type":"Feature","properties":{"name":"Hudson County","state":"NJ"},"geometry":{"type":"Polygon","coordinates":[[[-74.02363699994498,40.71806900001664],[-74.0140289996534,40.757550999706794],[-73.98473900041998,40.79766199983964],[-73.99330999992061,40.80128599983746],[-73.99369400006016,40.80287899992514],[-73.9931609999577,40.80575900010788],[-74.01235200042649,40.81597699975253],[-74.01248399977266,40.816703000283454],[-74.0114100000701,40.81769099992155],[-74.01185600013395,40.81835400003363],[-74.01131999965843,40.81897199994181],[-74.0118319998445,40.81971099981276],[-74.01130700013793,40.82065900027486],[-74.01377000008564,40.82305899982692],[-74.01554500012016,40.82286300015275],[-74.01691900029667,40.82358199973667],[-74.01793500027289,40.82326699979107],[-74.01878300001962,40.82247700025231],[-74.01927699976406,40.821028999996095],[-74.0204569997718,40.82072600013123],[-74.01995200015674,40.819956999750026],[-74.02028900044061,40.81871500012708],[-74.0229549998796,40.81848900028726],[-74.02316499994188,40.816673999954816],[-74.02502700001502,40.816280000235004],[-74.02399000012238,40.81530100001115],[-74.02404399965076,40.81474200033011],[-74.02486899983127,40.81475600019474],[-74.02644600039739,40.81622700020111],[-74.02773400036017,40.81595799979959],[-74.02863399998546,40.81495500028239],[-74.02871600000122,40.81297099974644],[-74.03165199977694,40.813255999743234],[-74.03337599975781,40.81005000011556],[-74.03582299981197,40.808102999924316],[-74.03783300002313,40.80758900008047],[-74.04654499998907,40.80747500014718],[-74.06002600038985,40.805987999774274],[-74.0647320001772,40.803474000029446],[-74.06903200008367,40.798349000036886],[-74.07471700003732,40.7968610002094],[-74.07675300018774,40.795621000150355],[-74.0778550003777,40.794283000090765],[-74.08027599959426,40.789107999987316],[-74.08761400028202,40.78160500008415],[-74.08997599994736,40.77817600020653],[-74.0900980001461,40.77688300001234],[-74.08882699990174,40.77226699999933],[-74.0877749999405,40.765422000113844],[-74.087979000155,40.76443999972092],[-74.09026999967523,40.761590000238506],[-74.09245800016161,40.76339200013153],[-74.09347699961258,40.76329500020982],[-74.093717999637,40.76250899992278],[-74.09460599956672,40.76222200006278],[-74.09593600026062,40.76294299974676],[-74.09700300029048,40.76613200028922],[-74.09876900010416,40.76757099985817],[-74.09795599961919,40.76857399969202],[-74.09764099997494,40.77073599979153],[-74.09827399963653,40.77139499999935],[-74.09843600001824,40.77252400008537],[-74.10100799974586,40.773776999793014],[-74.10093699960075,40.77601699999696],[-74.10257400044131,40.776244000247516],[-74.10335100004293,40.775742999905034],[-74.1052280001847,40.7771260002931],[-74.10969999962032,40.77778900024164],[-74.11193300031255,40.776106999790514],[-74.11395900041722,40.77630800009103],[-74.11539899981767,40.77442100023149],[-74.11669799965112,40.77406900019493],[-74.11618299999031,40.77341500012707],[-74.1170270004374,40.773296999884884],[-74.11707900031594,40.77255400002003],[-74.11781699955951,40.772737000144474],[-74.1178790003821,40.771918000273665],[-74.11920699962955,40.77237000002611],[-74.12166000042981,40.77200500002399],[-74.12218400031145,40.77147800019803],[-74.12324600031845,40.771779999685336],[-74.12718999967446,40.771342000178905],[-74.12762200039289,40.77235900020261],[-74.12968100010954,40.77374000023524],[-74.12968399958427,40.77653000011219],[-74.13045000021356,40.77763700007467],[-74.14752900036395,40.78649099984739],[-74.14846199960118,40.784537999760495],[-74.14832600005707,40.779606000047885],[-74.14898700020606,40.77800099978626],[-74.15326600019613,40.77418899978301],[-74.15515900023142,40.77173199976844],[-74.15768800030135,40.76609999989647],[-74.16252799998298,40.76083399998378],[-74.1645130000798,40.756388000216155],[-74.16608700027285,40.74740200007546],[-74.16598699981542,40.745199000221014],[-74.16378800035669,40.7392009998955],[-74.1620929997898,40.73610900029364],[-74.1599799996465,40.7344849997023],[-74.15568700031102,40.73350099986136],[-74.14718799988209,40.73440099966142],[-74.14528800017412,40.73570100011486],[-74.14268799995908,40.73930099984769],[-74.13749199972698,40.741398000016],[-74.12278600001089,40.742101000090756],[-74.12118699970348,40.74170099988273],[-74.1176049998474,40.73963799966858],[-74.11699300010221,40.73712499974152],[-74.12138699972003,40.72100099979038],[-74.12028700007819,40.71590099970707],[-74.11278699990707,40.703102000003305],[-74.1607189996133,40.64526000011179],[-74.16136999971654,40.64540300027023],[-74.16142800034117,40.644147999840854],[-74.14310999973347,40.6419899997715],[-74.13292099965885,40.64368400015368],[-74.12601800006259,40.6421510000512],[-74.1098479997583,40.64806400010058],[-74.09344200035079,40.648064999970195],[-74.08698599974498,40.6515060002768],[-74.0557490000496,40.65147600027673],[-74.02639000032089,40.700102999681974],[-74.02363699994498,40.71806900001664]],[[-74.04720699996298,40.690843000275905],[-74.04598199974936,40.69110900019767],[-74.04388500039789,40.69018500002999],[-74.04345500022758,40.68963000022541],[-74.04361900025911,40.68876000021331],[-74.04479199969586,40.688589999847366],[-74.04624799988815,40.689319000181996],[-74.04720699996298,40.690843000275905]],[[-74.04074000038482,40.70013100006191],[-74.03893600003799,40.69965500017506],[-74.03837199997338,40.698668999999704],[-74.03993100009782,40.69859000003386],[-74.04074000038482,40.70013100006191]]]}},{"type":"Feature","properties":{"name":"Nassau County","state":"NY"},"geometry":{"type":"Polygon","coordinates":[[[-73.7801930000948,40.82640000003959],[-73.77895799983546,40.811712999777704],[-73.7637120003442,40.79380300010298],[-73.75710299957753,40.789692000071994],[-73.75029500041583,40.78247799996935],[-73.70163300006533,40.752493000179236],[-73.70016900037544,40.73953999994117],[-73.707938999985,40.72777099985681],[-73.71752700018509,40.72624200019824],[-73.72552600012351,40.72407600006793],[-73.73032599962218,40.7221569997828],[-73.72689600010207,40.70997599979494],[-73.72562999988058,40.67958800018986],[-73.72755700025107,40.67410100030061],[-73.72826400043081,40.66807299975992],[-73.727814000169,40.66322399986007],[-73.72833100037796,40.66304399992585],[-73.72592699998151,40.65773100019083],[-73.72478700015671,40.65400099987266],[-73.72505199957227,40.65234099986427],[-73.73000400030521,40.6504799998417],[-73.73513500023999,40.649732000308376],[-73.7414369999617,40.64688899983903],[-73.74166100026768,40.64219800011465],[-73.74205100025503,40.64147399970044],[-73.74142799974086,40.64050200022552],[-73.74228300005862,40.64012100020135],[-73.73947100013149,40.63570599995443],[-73.73995999985301,40.63514400022885],[-73.74264999958143,40.63504500003821],[-73.74120099996016,40.637590000150084],[-73.7432949998369,40.63804799981759],[-73.74602200027354,40.63521199971699],[-73.76742499972154,40.62660599973842],[-73.76878399982944,40.62428900031018],[-73.76757100020971,40.6214769997605],[-73.76671900026501,40.61500399998758],[-73.76524399980616,40.614941999846266],[-73.76002099980987,40.61134900016838],[-73.75473199969133,40.61040499984997],[-73.74799300012661,40.61231000017721],[-73.74674699999662,40.6114030002948],[-73.74553000017895,40.61187100024443],[-73.74305899983534,40.60799799980832],[-73.74355099992992,40.60745200029726],[-73.73923500012994,40.60402799987255],[-73.73826500018446,40.60255699995145],[-73.73846299965287,40.595866000286655],[-73.73718499973582,40.59296500023699],[-73.74446899999687,40.5929040001263],[-73.74774899972917,40.59150300002617],[-73.75550199962026,40.585386999718445],[-73.75570099981192,40.578687999953],[-73.7582559998211,40.555363999970325],[-73.76223400041061,40.55020300001449],[-73.76493199963663,40.544402000327494],[-73.7687810003547,40.533746999671216],[-73.70609399963027,40.5345419999069],[-73.62457400043398,40.53451099974986],[-73.5526740003265,40.528908999857755],[-73.51784400000608,40.523305999708164],[-73.48649599998262,40.520505000031335],[-73.46559700032476,40.52610699978769],[-73.44121499964673,40.531708999723215],[-73.42530999965632,40.534264999756765],[-73.42531200020446,40.551717999735324],[-73.42378800024011,40.60920199998058],[-73.42558599984085,40.656291000059774],[-73.42388000030162,40.655973000233715],[-73.42479599982043,40.665350999933665],[-73.4233580000698,40.668742999756596],[-73.42327500022913,40.67048299997415],[-73.44416600038937,40.78200100005151],[-73.44530600021415,40.78592999993966],[-73.45462499990242,40.83500100029248],[-73.455489000441,40.840164999971684],[-73.4553630000443,40.84259299988229],[-73.45660499997635,40.845112000207195],[-73.45749399973096,40.848712000170465],[-73.46406699961432,40.859553999725236],[-73.46225899996784,40.86670999975518],[-73.4625300001295,40.867295000191326],[-73.46385499990221,40.867311999751664],[-73.46403599965218,40.867906999955295],[-73.4673659996132,40.8680979997925],[-73.47607900030236,40.87711100020448],[-73.4773069999907,40.89925000012335],[-73.4801790001923,40.901088000194875],[-73.48356299968165,40.9055689999852],[-73.48571000016017,40.90977599979287],[-73.4878609999383,40.91576800019067],[-73.487979999764,40.91515000010943],[-73.48846299963776,40.915172999855656],[-73.49097300033941,40.91947100017774],[-73.49550099985153,40.92168600016929],[-73.49713199994599,40.92285100032673],[-73.49740499975746,40.923765999933174],[-73.49638700013142,40.92854800025183],[-73.49335599992116,40.937381000014874],[-73.49402399974284,40.93975999987156],[-73.49369300020504,40.94069799981064],[-73.49318199984388,40.9415219999446],[-73.49001699973932,40.94356099972954],[-73.48817999978054,40.94564500020176],[-73.4846220002139,40.946928999682775],[-73.48498299988891,40.946220000261164],[-73.4806650004391,40.94356999998105],[-73.47360100028605,40.94066999969137],[-73.46436500043846,40.93763500017417],[-73.46110700044748,40.93724800029793],[-73.45923699997842,40.93795900020484],[-73.44879699983363,40.935106000082236],[-73.44725799980067,40.93499200029313],[-73.44216100020108,40.93618499999916],[-73.43757500006434,40.93502000010478],[-73.4306930003845,40.929784999680415],[-73.42964800009594,40.92815699979164],[-73.42924899988778,40.928593999914355],[-73.42944800007942,40.93399300004794],[-73.43191900042302,40.98900899999758],[-73.61288499978615,40.95094299982573],[-73.74800399999728,40.871873999831834],[-73.75780100043475,40.84567899979301],[-73.7801930000948,40.82640000003959]]]}},{"type":"Feature","properties":{"name":"Essex County","state":"NJ"},"geometry":{"type":"Polygon","coordinates":[[[-74.13957499973307,40.805409000023324],[-74.13864999999343,40.80764699982825],[-74.13847400026634,40.81325900007303],[-74.13700499965526,40.81733700003363],[-74.13540299987311,40.81855200017561],[-74.13001599984528,40.81993800025714],[-74.13025900041785,40.82018500003789],[-74.19831099963216,40.85728899981302],[-74.19788899985775,40.85720899992846],[-74.19729800002898,40.85806400002072],[-74.19759099993193,40.85818000019304],[-74.19699900027821,40.859464000292924],[-74.20172199978401,40.86036500006282],[-74.20200200016649,40.8593520000284],[-74.24028999959611,40.880435999786705],[-74.25316799957425,40.88157299999201],[-74.25476299968369,40.88306499999216],[-74.25808400032219,40.88306900029474],[-74.25981300032592,40.8837689999425],[-74.2642889999595,40.88690600022754],[-74.26628699957678,40.894035000277526],[-74.26857999964515,40.89603100013782],[-74.27023400020416,40.89680700003265],[-74.27216200039955,40.8973280001643],[-74.27563399975244,40.89697699978114],[-74.28002599972042,40.89796300029967],[-74.28094499961227,40.89759600015859],[-74.28282099992913,40.895345999873406],[-74.28446399971916,40.89489500003904],[-74.28466399973571,40.89565800015172],[-74.28387000041565,40.897977999753316],[-74.28458400026808,40.8982040001636],[-74.28602700004157,40.897544000153374],[-74.28708099965264,40.8979929998826],[-74.28726700032378,40.89853700028044],[-74.2857890003902,40.89934700030136],[-74.28204799962715,40.89970200030691],[-74.28180900015087,40.90075899993198],[-74.28287299980767,40.9012660002472],[-74.28535099982396,40.9013219999205],[-74.28880700018166,40.89943999966648],[-74.29097600040147,40.899628999856944],[-74.29251899973409,40.901031000179835],[-74.2914070003967,40.90196699967448],[-74.29238200036504,40.9033150002449],[-74.29179999985877,40.904998000175276],[-74.2924209998248,40.90580400022277],[-74.29762299990469,40.905715999986064],[-74.30064700044224,40.904629000189274],[-74.30304599991752,40.9043289998976],[-74.30370799989142,40.90514299992458],[-74.30237700027091,40.906385999874],[-74.30324699975897,40.90723600014697],[-74.30541299960572,40.90541900010475],[-74.30712300024122,40.90563799969375],[-74.30969699961867,40.90449400022645],[-74.31206000000725,40.90549399974803],[-74.31450299986345,40.903790000118875],[-74.3184570001635,40.90321299990133],[-74.31892999999152,40.90351000018428],[-74.31858500021002,40.90734800019899],[-74.31905700021314,40.908109999881404],[-74.32277600033657,40.90672299976383],[-74.32314899970714,40.90708900013036],[-74.3225269999162,40.908357000310325],[-74.32272100008497,40.90887899978379],[-74.32611399979517,40.90860499984564],[-74.32776800035415,40.90782000017658],[-74.32779500011836,40.90727399999193],[-74.32733999983368,40.90701899984591],[-74.32558099969269,40.90767300010033],[-74.32483599987812,40.90604500003247],[-74.32758199968302,40.90525999984644],[-74.328058999709,40.90547699980919],[-74.32810999976262,40.90640300025811],[-74.32934900021993,40.90851199978943],[-74.33045800008256,40.908669999668604],[-74.33108400007147,40.90811800017363],[-74.33085100044296,40.90666799996957],[-74.33352699992767,40.90608700015171],[-74.33429400038187,40.90545999986598],[-74.33505199971692,40.9027359997213],[-74.33760300042647,40.89888500000588],[-74.33728100021118,40.89826300026978],[-74.33455399977454,40.89767000033056],[-74.33404599978643,40.89651399969642],[-74.33776599973477,40.89617199966491],[-74.33910700029932,40.89440400029065],[-74.33899799962107,40.893958000041],[-74.33666699991785,40.8937670001169],[-74.335712000041,40.89308099991349],[-74.33642300041869,40.89260000027917],[-74.33837599983013,40.89253200014332],[-74.33934099975274,40.89135399977991],[-74.33985499958864,40.88890700015939],[-74.33822000019454,40.88734500005962],[-74.34040299975972,40.88139100020407],[-74.34044700014064,40.87978499990832],[-74.33846100021896,40.879650000183666],[-74.33781900033654,40.87821400016895],[-74.33522800034234,40.87749200006608],[-74.33527400037309,40.87671000015306],[-74.33742000012836,40.87610999969815],[-74.3378949996062,40.87517799991296],[-74.33685600006376,40.874142999710244],[-74.33439300011608,40.8732390002516],[-74.33476200018701,40.872742999981156],[-74.33669200003222,40.87282400001352],[-74.33750899981683,40.87236600022905],[-74.33750899981683,40.87136499998023],[-74.3360209998375,40.870470999894806],[-74.33824399958566,40.86988099998932],[-74.33666100007008,40.869360999709215],[-74.33653399984847,40.868841000100666],[-74.33765000028212,40.86840199981271],[-74.33721099989098,40.86686700031224],[-74.33656200033587,40.86650200022665],[-74.33614200021131,40.86789600033913],[-74.33479200032424,40.86776599998163],[-74.33289699974083,40.86919899990331],[-74.33232799965333,40.86883499971557],[-74.33283599964145,40.86810900005443],[-74.33209500002482,40.86716100010762],[-74.32957500017574,40.86708899973771],[-74.32794300025635,40.86595900003767],[-74.32624199984168,40.8660849998965],[-74.32533200017068,40.86487099986801],[-74.32209400027118,40.86404500000648],[-74.32073500016328,40.864313000284554],[-74.32027700040388,40.86586099983078],[-74.31867200024867,40.86595400006528],[-74.3174500004081,40.86518799983706],[-74.31748300002008,40.86360499982425],[-74.3186389997384,40.86276699996739],[-74.3201400001365,40.86267400001303],[-74.32094900042351,40.86192099993482],[-74.31899399956562,40.859648000073754],[-74.31891599974782,40.85881400015806],[-74.31949099968308,40.858225999888866],[-74.32198499959291,40.85855799996598],[-74.32525500017776,40.857671999832924],[-74.32610499957434,40.856397000219246],[-74.32523199971324,40.85412399969043],[-74.3268700003787,40.85299400029532],[-74.3276789997674,40.85015099993115],[-74.33036400037125,40.848686999910726],[-74.32912099971598,40.84735100019796],[-74.32844899969633,40.84426600031704],[-74.3269809998085,40.844405000069266],[-74.32547299973766,40.84337099971207],[-74.32658499997336,40.8427319997454],[-74.32741699982658,40.84135599991563],[-74.32946499967257,40.84157599984717],[-74.32879799967579,40.84034300009441],[-74.32902000033197,40.83718000011728],[-74.32995900031528,40.83513599996485],[-74.32971499991781,40.83375900033164],[-74.3287840003304,40.83232099994455],[-74.32913199958662,40.83115200000199],[-74.33001500039178,40.830152000058796],[-74.33289900028895,40.82945599996815],[-74.33490399957891,40.827810000041154],[-74.33425500002382,40.82494400031194],[-74.33219999960681,40.82170199988236],[-74.33498700031791,40.81705199989192],[-74.3371539999896,40.81553900006212],[-74.33777800032864,40.813642000272694],[-74.33886700009981,40.81281600021234],[-74.34084700017374,40.81250700017903],[-74.34406099978379,40.813719000088476],[-74.34736499980552,40.81247800005584],[-74.34893800017366,40.81271899970998],[-74.34971700032342,40.81182099979977],[-74.3499189999898,40.810159000281494],[-74.35090999985167,40.8089630000114],[-74.35090400000388,40.806938999768136],[-74.35596299996865,40.803973999689575],[-74.35973599962044,40.7998999997503],[-74.36220199994115,40.79999399970151],[-74.36424700031242,40.79908199986501],[-74.36520499966402,40.79569999986428],[-74.36617399978458,40.7949419999723],[-74.3670619997143,40.7932859998132],[-74.3661539996931,40.79061600033954],[-74.36701400003372,40.78903199997594],[-74.3667310001765,40.78630900003779],[-74.36706500008735,40.78441399968372],[-74.36647699973328,40.78267599968632],[-74.36681099964413,40.78049000019769],[-74.36862800040976,40.77957000027263],[-74.36941699970693,40.778030000008265],[-74.37177599989755,40.77684000027323],[-74.3729550000804,40.77557799985324],[-74.37275300041405,40.7749760000316],[-74.37104399960344,40.775004000207524],[-74.37048600028493,40.774477999692806],[-74.36954899995143,40.771391999818114],[-74.37009399974947,40.76980499992232],[-74.37197300043935,40.767731000167544],[-74.37002400032758,40.76684299981192],[-74.37060799958536,40.764248999896914],[-74.37250599964351,40.76409599988058],[-74.3736389997956,40.76300000020922],[-74.3757999996195,40.76297999987345],[-74.37740899997266,40.761385999688436],[-74.37556299979303,40.760629999835146],[-74.37491300041302,40.7594899998471],[-74.37556899964082,40.75838200008237],[-74.37413099989021,40.75797399975904],[-74.37239699986357,40.75945100001911],[-74.37032599955305,40.75946000013849],[-74.36762999997687,40.76106499989658],[-74.36709699987439,40.7594180002515],[-74.36783900021423,40.75810100029652],[-74.36532799968766,40.75809899977558],[-74.36120000020864,40.755692999752206],[-74.35807799976179,40.75608199970581],[-74.35754700020745,40.75478800000222],[-74.3584109998477,40.754016999900486],[-74.35958300035787,40.751060000290664],[-74.3620560003513,40.750952999790236],[-74.36761999993112,40.74911600001341],[-74.3677809995896,40.74839599980469],[-74.36490699973818,40.746678999748404],[-74.36484099961594,40.746000000157075],[-74.36636600030353,40.74379300027942],[-74.36871799992312,40.74279199977875],[-74.37070800004278,40.74415499999307],[-74.3720400003865,40.743731000021775],[-74.37241399958201,40.740550000334494],[-74.37173800026272,40.73964000006434],[-74.36914800009343,40.739368000139926],[-74.36647099988551,40.737976999734805],[-74.35634000043551,40.7350100002776],[-74.35474799980078,40.73346299971542],[-74.34866299981405,40.730220999892865],[-74.34144300002542,40.72443700010601],[-74.32559599976132,40.717074999892205],[-74.32061299996454,40.7193110003255],[-74.31980600022567,40.718918999936015],[-74.31634200037037,40.71928400000274],[-74.31284199963174,40.71740099987948],[-74.31140499970603,40.71567000019208],[-74.3095719999452,40.71517500018602],[-74.30925300010298,40.71443899991894],[-74.30352299994348,40.71318799970425],[-74.30128900032466,40.71348499988928],[-74.29721200000094,40.7151889999328],[-74.29729700038976,40.71585500004739],[-74.29670700038588,40.716442999935175],[-74.29533999988205,40.71685700024229],[-74.29378599978048,40.71846900000903],[-74.2940679998128,40.71872000006204],[-74.29346899958807,40.7192129999339],[-74.29407700003361,40.71966499991287],[-74.29307199992803,40.720051999915775],[-74.2925410003737,40.720929000052514],[-74.28552499990124,40.72226200007554],[-74.25584499978217,40.7133689999999],[-74.2219490003205,40.70734100034019],[-74.21300800002571,40.700908000120904],[-74.2092479998944,40.6907090000053],[-74.20154699988181,40.686671999889946],[-74.16992699987178,40.68854900011491],[-74.16763299997851,40.689962999845456],[-74.16505000038023,40.69016099991682],[-74.16178599964313,40.68939700031173],[-74.1583410000544,40.68602299984761],[-74.1538610002229,40.685917000325574],[-74.148983999833,40.68223599984721],[-74.1357750003171,40.67555899996719],[-74.13655699994159,40.67436799975193],[-74.11278699990707,40.703102000003305],[-74.12028700007819,40.71590099970707],[-74.12138699972003,40.72100099979038],[-74.11699300010221,40.73712499974152],[-74.1176049998474,40.73963799966858],[-74.12118699970348,40.74170099988273],[-74.12278600001089,40.742101000090756],[-74.13749199972698,40.741398000016],[-74.14268799995908,40.73930099984769],[-74.14528800017412,40.73570100011486],[-74.14718799988209,40.73440099966142],[-74.15568700031102,40.73350099986136],[-74.1599799996465,40.7344849997023],[-74.1620929997898,40.73610900029364],[-74.16378800035669,40.7392009998955],[-74.16598699981542,40.745199000221014],[-74.16608700027285,40.74740200007546],[-74.1645130000798,40.756388000216155],[-74.16338800032362,40.75940100024108],[-74.16207400042155,40.761479000196985],[-74.15768800030135,40.76609999989647],[-74.1557979997408,40.770814999856704],[-74.15326600019613,40.77418899978301],[-74.14898700020606,40.77800099978626],[-74.14832600005707,40.779606000047885],[-74.14824800023926,40.785163000018365],[-74.14500899961654,40.79016299981438],[-74.13832399958018,40.79822000026582],[-74.13803200040046,40.800013000145725],[-74.1395560003648,40.80369899976467],[-74.13957499973307,40.805409000023324]]]}},{"type":"Feature","properties":{"name":"Bergen County","state":"NJ"},"geometry":{"type":"Polygon","coordinates":[[[-74.01235200042649,40.81597699975253],[-73.9931609999577,40.80575900010788],[-73.99369400006016,40.80287899992514],[-73.99330999992061,40.80128599983746],[-73.98473900041998,40.79766199983964],[-73.96357700009808,40.82664200000648],[-73.95282899998172,40.851106000262064],[-73.92982100037852,40.88868200023685],[-73.9142529997737,40.92795999976817],[-73.90846300023804,40.947879999699914],[-73.89614400030167,40.981872999729994],[-73.89362799975223,40.997165000085786],[-73.9027149996369,40.99732700032531],[-74.09676800011384,41.083896999911104],[-74.16813799959357,41.11530699981764],[-74.21122399977037,41.13371400032804],[-74.25045799975435,41.06081599969075],[-74.27222599997364,41.017935000131956],[-74.2642680000431,41.01193499973161],[-74.24853200010709,40.99209400012606],[-74.22453299974372,40.98130299969506],[-74.17114100021473,40.97706600015953],[-74.17027500002632,40.983903999751945],[-74.14104799964379,40.96634800033681],[-74.14162799960191,40.96359400017697],[-74.14434099979486,40.95635400017075],[-74.14816299985046,40.942074000062],[-74.14807099978894,40.94164300009836],[-74.14642799999889,40.941676000163525],[-74.14409200027283,40.94091999989987],[-74.13998399998698,40.93503100010023],[-74.13969899958163,40.932868999911335],[-74.14207899968862,40.93028700018197],[-74.14251499970673,40.92895299992776],[-74.14186100012873,40.92629999988655],[-74.14040300028663,40.92420100032154],[-74.13800999976084,40.92294099978157],[-74.13303700000981,40.92268899977745],[-74.13040599983262,40.92140299980721],[-74.12940800029806,40.920213000192646],[-74.13110100031682,40.916561999713174],[-74.13307800001768,40.91381399987822],[-74.133500999617,40.9121640001659],[-74.132149999905,40.90889900027992],[-74.13164199991688,40.905685999832286],[-74.13346100033233,40.90219199990895],[-74.13347899987568,40.898472000003906],[-74.13282299974956,40.89707399989721],[-74.13021400021202,40.89591100020246],[-74.12845599989593,40.894276999758375],[-74.13031499959602,40.88548600002502],[-74.12150399989588,40.88095399980433],[-74.11941800041505,40.87800900021685],[-74.11566300030663,40.87500200002864],[-74.11397899961038,40.87028800022175],[-74.11240000029277,40.86885500009137],[-74.11107100032211,40.8653810000502],[-74.10742400016869,40.86313799980055],[-74.10678599958592,40.859298999770445],[-74.10772399974435,40.85657000022772],[-74.10870399973558,40.85565800018613],[-74.11026299986003,40.85517100009973],[-74.1122329998882,40.855914000034915],[-74.11259399956323,40.85859300027622],[-74.11447200042822,40.85989800029365],[-74.1177949998182,40.85972400005563],[-74.12111399990854,40.85789699985513],[-74.12124799980285,40.85686400021123],[-74.11985100006011,40.85501300019408],[-74.11923799959169,40.8520430001363],[-74.12109299999216,40.84721399970475],[-74.12221699992341,40.84243200019473],[-74.12402999959276,40.83927899989358],[-74.12380199998712,40.83796100017049],[-74.12088899977765,40.8321909997799],[-74.12112300012937,40.82986799978301],[-74.1226110001087,40.825041999865604],[-74.12363200010782,40.822905999999094],[-74.12643599963903,40.820782999955746],[-74.13540299987311,40.81855200017561],[-74.13700499965526,40.81733700003363],[-74.13847400026634,40.81325900007303],[-74.13864999999343,40.80764699982825],[-74.1396769998403,40.80464099980326],[-74.13810500019538,40.80037200014376],[-74.13820200027978,40.7984920001332],[-74.14752900036395,40.78649099984739],[-74.13045000021356,40.77763700007467],[-74.12968399958427,40.77653000011219],[-74.12968100010954,40.77374000023524],[-74.12762200039289,40.77235900020261],[-74.12718999967446,40.771342000178905],[-74.12324600031845,40.771779999685336],[-74.12218400031145,40.77147800019803],[-74.12166000042981,40.77200500002399],[-74.11920699962955,40.77237000002611],[-74.1178790003821,40.771918000273665],[-74.11781699955951,40.772737000144474],[-74.11707900031594,40.77255400002003],[-74.1170270004374,40.773296999884884],[-74.11618299999031,40.77341500012707],[-74.11669799965112,40.77406900019493],[-74.11539899981767,40.77442100023149],[-74.11395900041722,40.77630800009103],[-74.11193300031255,40.776106999790514],[-74.10969999962032,40.77778900024164],[-74.1052280001847,40.7771260002931],[-74.10335100004293,40.775742999905034],[-74.10257400044131,40.776244000247516],[-74.10093699960075,40.77601699999696],[-74.10100799974586,40.773776999793014],[-74.09843600001824,40.77252400008537],[-74.09827399963653,40.77139499999935],[-74.09764099997494,40.77073599979153],[-74.09795599961919,40.76857399969202],[-74.09876900010416,40.76757099985817],[-74.09700300029048,40.76613200028922],[-74.09593600026062,40.76294299974676],[-74.09460599956672,40.76222200006278],[-74.093717999637,40.76250899992278],[-74.09347699961258,40.76329500020982],[-74.09245800016161,40.76339200013153],[-74.09026999967523,40.761590000238506],[-74.087979000155,40.76443999972092],[-74.0877749999405,40.765422000113844],[-74.08882699990174,40.77226699999933],[-74.0900980001461,40.77688300001234],[-74.08997599994736,40.77817600020653],[-74.08914300026923,40.7795959999989],[-74.08027599959426,40.789107999987316],[-74.0778550003777,40.794283000090765],[-74.07675300018774,40.795621000150355],[-74.07471700003732,40.7968610002094],[-74.06903200008367,40.798349000036886],[-74.06524600001309,40.80302499989488],[-74.0627050002476,40.80479600007476],[-74.05854900028119,40.80627700002767],[-74.04654499998907,40.80747500014718],[-74.03783300002313,40.80758900008047],[-74.03582299981197,40.808102999924316],[-74.03337599975781,40.81005000011556],[-74.03165199977694,40.813255999743234],[-74.02871600000122,40.81297099974644],[-74.02863399998546,40.81495500028239],[-74.02773400036017,40.81595799979959],[-74.02644600039739,40.81622700020111],[-74.02486899983127,40.81475600019474],[-74.02404399965076,40.81474200033011],[-74.02399000012238,40.81530100001115],[-74.02502700001502,40.816280000235004],[-74.02316499994188,40.816673999954816],[-74.0229549998796,40.81848900028726],[-74.02028900044061,40.81871500012708],[-74.01995200015674,40.819956999750026],[-74.0204569997718,40.82072600013123],[-74.01927699976406,40.821028999996095],[-74.01868299956222,40.822606999747585],[-74.01703099955134,40.823576999965006],[-74.01554500012016,40.82286300015275],[-74.01377000008564,40.82305899982692],[-74.01137599973492,40.820837999739965],[-74.0118319998445,40.81971099981276],[-74.01131999965843,40.81893799980391],[-74.01185600013395,40.81835400003363],[-74.0114100000701,40.81769099992155],[-74.01248399977266,40.816703000283454],[-74.01235200042649,40.81597699975253]]]}},{"type":"Feature","properties":{"name":"Rockland County","state":"NY"},"geometry":{"type":"Polygon","coordinates":[[[-73.89379000013393,41.09319299984128],[-73.88757999957542,41.12879499979255],[-73.88718000044064,41.133095000178784],[-73.8874800000163,41.13829500024096],[-73.8894800001817,41.14509500021825],[-73.89248100025475,41.15059499986267],[-73.89538100004543,41.153995000175904],[-73.9065810000734,41.16189499971176],[-73.90928099984758,41.164395000171424],[-73.91168100004607,41.167795000167985],[-73.91438099982021,41.17419499970471],[-73.92188199981626,41.18659400000479],[-73.92568200013052,41.19519399970254],[-73.9314819997119,41.20499400007505],[-73.95328300044147,41.228993999857195],[-73.96138299976391,41.23419400024996],[-73.9607829997143,41.239393999757986],[-73.9612830002048,41.24199399973734],[-73.97078400036627,41.247893000139996],[-73.9719839995672,41.25149300015529],[-73.97228400004117,41.256193000179465],[-73.97148399997499,41.259593000336],[-73.96968399982613,41.263192999798],[-73.96688399959457,41.26719299984994],[-73.96418399982039,41.26999299972978],[-73.94748299996179,41.28459300000368],[-73.94578300027034,41.2875929996775],[-73.94588299982945,41.2894930003304],[-73.94658300033652,41.29099300027061],[-73.9490830000941,41.292592999945825],[-73.95518300014946,41.29499299978486],[-73.96448299957116,41.299693000227656],[-73.96698300022706,41.30169300009885],[-73.97178400044896,41.307293000175314],[-73.97748399957291,41.312092999754256],[-73.98098400031154,41.31419300027886],[-73.9832840000526,41.31739300014791],[-73.98258400044388,41.321692999928786],[-73.98075400015777,41.325419999812276],[-74.1514190001916,41.203736000218754],[-74.2344170002198,41.143063000190075],[-74.21776599969158,41.13601700025649],[-74.21270000005414,41.13433800000137],[-74.15259800037445,41.108487999952445],[-73.9027149996369,40.99732700032531],[-73.89398400030268,40.99717199971931],[-73.89357900024675,41.00529699975481],[-73.89007900040643,41.02259700028824],[-73.88937999972428,41.03759699995583],[-73.89037999980698,41.045796000023245],[-73.89387999964731,41.05789600022175],[-73.89447999969693,41.06459600028342],[-73.89487999973,41.08239600014413],[-73.89379000013393,41.09319299984128]]]}},{"type":"Feature","properties":{"name":"Putnam County","state":"NY"},"geometry":{"type":"Polygon","coordinates":[[[-73.66061900002397,41.35502599992812],[-73.54470700017514,41.366539999972005],[-73.54342500006014,41.376621999757425],[-73.54146900027567,41.404394000053685],[-73.53633400014292,41.446632000130506],[-73.53496900018723,41.46839500025238],[-73.53006699968299,41.5271940001506],[-73.57978299964456,41.526461000203085],[-73.62279799967624,41.52176499973438],[-73.69266400018144,41.5122460000068],[-73.75962400014984,41.50586899970227],[-73.77254700033379,41.50418600010696],[-73.90272200020792,41.492314999952086],[-73.90753299957724,41.490975000288394],[-73.93377499978027,41.488278999882795],[-73.98155099985088,41.439007999852585],[-73.97279200002929,41.42458899969355],[-73.96839800041147,41.42015600022147],[-73.96664299957013,41.41742500015611],[-73.96487299955848,41.41310599971379],[-73.96305700041442,41.41034400004005],[-73.96264499978744,41.40476000009776],[-73.9617750002994,41.40282199976222],[-73.95913599972629,41.40044199985742],[-73.95109400013018,41.398900000027346],[-73.94933800036223,41.39815999991684],[-73.94787399977403,41.396481999677796],[-73.9472939998159,41.3947649998665],[-73.94752300014474,41.39331599983165],[-73.95098700000005,41.38681500003016],[-73.95268099984372,41.38007099985835],[-73.95503099981349,41.376554000023376],[-73.95680099982513,41.37220499980772],[-73.95890700029577,41.36424000002449],[-73.95989899998254,41.352307999700635],[-73.96125700026555,41.34853900014225],[-73.96435399969971,41.344273999825695],[-73.98138400034463,41.324693000055014],[-73.982531999667,41.321824000155644],[-73.66061900002397,41.35502599992812]]]}},{"type":"Feature","properties":{"name":"Union County","state":"NJ"},"geometry":{"type":"Polygon","coordinates":[[[-74.20239999965143,40.63159199976999],[-74.19816400021737,40.634786999905145],[-74.19624699989265,40.63768899997528],[-74.1914299997772,40.642024999746795],[-74.1856410000665,40.64604200002757],[-74.1816499999565,40.64652800004766],[-74.16142800034117,40.644147999840854],[-74.16136999971654,40.64540300027023],[-74.1607189996133,40.64526000011179],[-74.1357750003171,40.67555899996719],[-74.148983999833,40.68223599984721],[-74.1538610002229,40.685917000325574],[-74.1583410000544,40.68602299984761],[-74.16178599964313,40.68939700031173],[-74.16505000038023,40.69016099991682],[-74.16763299997851,40.689962999845456],[-74.16992699987178,40.68854900011491],[-74.20154699988181,40.686671999889946],[-74.2092479998944,40.6907090000053],[-74.21300800002571,40.700908000120904],[-74.2219490003205,40.70734100034019],[-74.25584499978217,40.7133689999999],[-74.28552499990124,40.72226200007554],[-74.2925410003737,40.720929000052514],[-74.29307199992803,40.720051999915775],[-74.29407700003361,40.71966499991287],[-74.29346899958807,40.7192129999339],[-74.2940679998128,40.71872000006204],[-74.29378599978048,40.71846900000903],[-74.29533999988205,40.71685700024229],[-74.29670700038588,40.716442999935175],[-74.29729700038976,40.71585500004739],[-74.29721200000094,40.7151889999328],[-74.30128900032466,40.71348499988928],[-74.30352299994348,40.71318799970425],[-74.30925300010298,40.71443899991894],[-74.3095719999452,40.71517500018602],[-74.31140499970603,40.71567000019208],[-74.31284199963174,40.71740099987948],[-74.31634200037037,40.71928400000274],[-74.31980600022567,40.718918999936015],[-74.32061299996454,40.7193110003255],[-74.32559599976132,40.717074999892205],[-74.34144300002542,40.72443700010601],[-74.34866299981405,40.730220999892865],[-74.35474799980078,40.73346299971542],[-74.35634000043551,40.7350100002776],[-74.36647099988551,40.737976999734805],[-74.36914800009343,40.739368000139926],[-74.37173800026272,40.73964000006434],[-74.37064699994342,40.735995000175286],[-74.37112700034245,40.734580000269],[-74.37452699972533,40.73354099988414],[-74.37774700008146,40.734348000294176],[-74.37973100035336,40.733982999793575],[-74.37998200042352,40.73278300002623],[-74.37747400027,40.73001899976594],[-74.37889799977692,40.729291999680186],[-74.38002799955595,40.72781400002629],[-74.38426600043647,40.724492000049295],[-74.38525099955226,40.724363999913024],[-74.3877820001703,40.726183000100576],[-74.38989299976548,40.72608899985994],[-74.3906259998845,40.7256410002059],[-74.39120699966755,40.721316000195806],[-74.39085400038844,40.71828399992831],[-74.39597000025462,40.717223000234675],[-74.39809900029145,40.7178610000239],[-74.40241400026653,40.71792900030254],[-74.4042910004083,40.71543299990973],[-74.40750400019343,40.713262999724726],[-74.40752099991187,40.71193800009019],[-74.4085999996373,40.7100029998071],[-74.41048699982481,40.709480000044685],[-74.41170100016775,40.71031500028844],[-74.41256200033328,40.710244000187366],[-74.41320099984264,40.7098100003118],[-74.41394900003027,40.7082130001217],[-74.41384799974794,40.70727100013597],[-74.41479799960194,40.706116000103414],[-74.41610300018148,40.70547100025682],[-74.41836600011261,40.70520200002906],[-74.42157200022507,40.703169999692406],[-74.4235110002911,40.70304900022753],[-74.42486600020104,40.70184200021361],[-74.42685899979546,40.701813000127025],[-74.42755000008167,40.69997099987281],[-74.43005499986215,40.69792400022684],[-74.42961299999628,40.697036999932436],[-74.4302690001224,40.69621800006279],[-74.43042700030614,40.69388500024397],[-74.43089699976112,40.693335999840095],[-74.43213399967028,40.69295300004451],[-74.43466100009039,40.69353300023619],[-74.43618800042778,40.69241500024296],[-74.43789200031718,40.69191600012554],[-74.43773900015631,40.69076900011915],[-74.43812800031871,40.69019499990428],[-74.44122200027817,40.6895299998857],[-74.44370699996716,40.688047999752065],[-74.44527799978718,40.688040000139914],[-74.44613099955679,40.68653900006131],[-74.44772700038948,40.685643000214405],[-74.4486720002206,40.68545900020857],[-74.45032800042941,40.68604100019957],[-74.45159299992767,40.68570300012128],[-74.4530650000135,40.682527000244555],[-74.4515589995925,40.679316000112614],[-74.45207900017449,40.67809399985773],[-74.45337299998505,40.677174999667855],[-74.45258399978955,40.67623599990831],[-74.45371799976657,40.675213000085954],[-74.45394899974522,40.67427399994458],[-74.4591619996958,40.674366000119804],[-74.46103499963958,40.67350399979506],[-74.45084599956495,40.65414800017862],[-74.44812999989729,40.65528300007917],[-74.44743199993839,40.65622100006101],[-74.44508899964129,40.65655899968766],[-74.44460400011772,40.65719100012114],[-74.44319200030637,40.657515000005986],[-74.44262700041683,40.65843399993496],[-74.44153699992243,40.65841900013119],[-74.44185400011484,40.65881300026361],[-74.43947499983275,40.660755999894604],[-74.4360360000918,40.662715999675],[-74.43643500029998,40.66301399966247],[-74.43619299955233,40.663388000300856],[-74.43542099997356,40.66302899979586],[-74.43408199995716,40.6642189998554],[-74.43277300007794,40.66466299994172],[-74.42977600020289,40.66498000029275],[-74.42820000036001,40.663246000166964],[-74.42619900036969,40.66291200030141],[-74.42268899958532,40.65914200032956],[-74.4201179996826,40.65763700010169],[-74.41715500014271,40.65989499982339],[-74.41725499970184,40.660772000214955],[-74.41678600007178,40.66120700029923],[-74.41292499965812,40.662187999739025],[-74.41096700022383,40.66351300015418],[-74.40854500028402,40.66637800022231],[-74.40725899997106,40.666591000187644],[-74.40549900000515,40.66773400030076],[-74.40326200001329,40.6665469997291],[-74.40293899997309,40.66522100001153],[-74.4018350001333,40.66455800014671],[-74.40174200024691,40.66330300018505],[-74.40276900009378,40.66138400004787],[-74.40302099998885,40.65888699977982],[-74.40246500032018,40.656980000275574],[-74.40358900025143,40.65527400018116],[-74.4034040003035,40.653834000175195],[-74.40480799971894,40.6531810002349],[-74.40599100009975,40.65111299975218],[-74.40697500028892,40.65076299980421],[-74.40640899967617,40.64754600020322],[-74.40856100017756,40.64428699995072],[-74.40819399975643,40.643086000083],[-74.4085360000632,40.64269099983023],[-74.41212299994216,40.642347999704256],[-74.41441099998764,40.640676999729656],[-74.41452899998842,40.639798999685844],[-74.41402600002318,40.639216000289935],[-74.41473499985275,40.63907299982768],[-74.41509499970286,40.63832899997833],[-74.41477300038589,40.636830000210594],[-74.41542399959081,40.63422600001957],[-74.41493400004437,40.632470000036214],[-74.41532599968153,40.63161699994733],[-74.41667800011675,40.630842000323014],[-74.4161960000679,40.62932799996236],[-74.41698799973814,40.62892500022854],[-74.41764600041239,40.62754099999956],[-74.42269199995836,40.62522000011699],[-74.42328299978716,40.62375200034088],[-74.42319699957345,40.62115000001491],[-74.42434999981701,40.619595000323535],[-74.42794599991679,40.616567999831474],[-74.42937699999473,40.616246000289465],[-74.42994100005933,40.6156160001657],[-74.4313600004417,40.61573599977054],[-74.43214399971602,40.61440600011906],[-74.4336989996425,40.61321700002301],[-74.43546000033163,40.61284499995526],[-74.43671099958618,40.61068400022418],[-74.43801100014286,40.60979499988243],[-74.44077700003925,40.609237999862415],[-74.44230000017869,40.609515000123345],[-74.44349600007997,40.608911999997545],[-74.44569100023905,40.609001000283726],[-74.44837599994459,40.60750300009574],[-74.45044999972984,40.60404699969224],[-74.4509469998473,40.60491200001257],[-74.45171799960114,40.60410200010896],[-74.4514320002692,40.60349000018865],[-74.45399700032414,40.60401599966063],[-74.45563900028924,40.60201999989923],[-74.4571990002386,40.60238299999932],[-74.45957599997257,40.601181000211255],[-74.45972699958531,40.60008800002688],[-74.4612460004251,40.59966600016594],[-74.46230599988394,40.59988900002034],[-74.46329099989804,40.59918700020865],[-74.45846600028501,40.59480500004096],[-74.45624900038462,40.595858999820074],[-74.30292100024404,40.608683000210505],[-74.30296200025192,40.60727599985138],[-74.30479900021072,40.60666999987792],[-74.30313399978107,40.605711000244014],[-74.3053259995671,40.600585999788095],[-74.29994799976011,40.59811999985178],[-74.29098999974687,40.59192500025295],[-74.25955899988271,40.59731300001731],[-74.25768900031197,40.602276000003705],[-74.25506499980747,40.60206800012141],[-74.25313499996227,40.60079699987592],[-74.24286800006985,40.599455999834],[-74.23952100039041,40.600495000090966],[-74.23737200026208,40.6024419999045],[-74.23563900006036,40.60252199975056],[-74.23461100038857,40.601952999915156],[-74.23342200015998,40.59958700022563],[-74.23017199966661,40.598787999769975],[-74.22722300037043,40.59979700014606],[-74.21955599979472,40.60042899984335],[-74.21767299980516,40.6012899996896],[-74.21642400020043,40.60357299970614],[-74.21463999994509,40.60414899967276],[-74.21265599967322,40.603171999809746],[-74.21206099964644,40.59961599975696],[-74.21084499965369,40.597563000069265],[-74.20329099995419,40.593041999793996],[-74.19958900044752,40.59784599992768],[-74.19958900044752,40.60038199970998],[-74.2048330003602,40.606062000232335],[-74.20388900035398,40.614275999824876],[-74.20242499976578,40.616770000289485],[-74.203925000339,40.624370000136466],[-74.20228099982575,40.62878100006379],[-74.20239999965143,40.63159199976999]]]}},{"type":"Feature","properties":{"name":"Suffolk County","state":"NY"},"geometry":{"type":"Polygon","coordinates":[[[-71.79097200005245,41.18410100019588],[-71.9072579999951,41.30448300028953],[-71.92945100036182,41.31038699999655],[-71.99948600002308,41.29579399990656],[-72.01921399989402,41.29059400009348],[-72.08184700019176,41.26222400013061],[-72.14153399976973,41.250098000093395],[-72.24955299998534,41.230526000257804],[-72.52790099977581,41.17777399992736],[-72.99954700018289,41.087107999956814],[-73.24955700024373,41.0258660000926],[-73.27539199984268,41.02111999996156],[-73.43191900042302,40.98900899999758],[-73.42944800007942,40.93399300004794],[-73.42924899988778,40.928593999914355],[-73.42964800009594,40.92815699979164],[-73.4306930003845,40.929784999680415],[-73.43757500006434,40.93502000010478],[-73.44216100020108,40.93618499999916],[-73.44725799980067,40.93499200029313],[-73.44879699983363,40.935106000082236],[-73.45923699997842,40.93795900020484],[-73.46110700044748,40.93724800029793],[-73.46436500043846,40.93763500017417],[-73.47360100028605,40.94066999969137],[-73.4806650004391,40.94356999998105],[-73.48498299988891,40.946220000261164],[-73.4846220002139,40.946928999682775],[-73.48817999978054,40.94564500020176],[-73.49001699973932,40.94356099972954],[-73.49318199984388,40.9415219999446],[-73.49369300020504,40.94069799981064],[-73.49402399974284,40.93975999987156],[-73.49335599992116,40.937381000014874],[-73.49638700013142,40.92854800025183],[-73.49740499975746,40.923765999933174],[-73.49713199994599,40.92285100032673],[-73.49550099985153,40.92168600016929],[-73.49097300033941,40.91947100017774],[-73.48846299963776,40.915172999855656],[-73.487979999764,40.91515000010943],[-73.4878609999383,40.91576800019067],[-73.48571000016017,40.90977599979287],[-73.48356299968165,40.9055689999852],[-73.4801790001923,40.901088000194875],[-73.4773069999907,40.89925000012335],[-73.47607900030236,40.87711100020448],[-73.4673659996132,40.8680979997925],[-73.46403599965218,40.867906999955295],[-73.46385499990221,40.867311999751664],[-73.4625300001295,40.867295000191326],[-73.46225899996784,40.86670999975518],[-73.46406699961432,40.859553999725236],[-73.45749399973096,40.848712000170465],[-73.45660499997635,40.845112000207195],[-73.4553630000443,40.84259299988229],[-73.455489000441,40.840164999971684],[-73.45462499990242,40.83500100029248],[-73.44530600021415,40.78592999993966],[-73.44416600038937,40.78200100005151],[-73.42327500022913,40.67048299997415],[-73.4233580000698,40.668742999756596],[-73.42479599982043,40.665350999933665],[-73.42388000030162,40.655973000233715],[-73.42558599984085,40.656291000059774],[-73.42378800024011,40.60920199998058],[-73.42531200020446,40.551717999735324],[-73.42530999965632,40.534264999756765],[-73.40638400039973,40.53731000022712],[-73.3785189995998,40.545712999956486],[-73.34368800035278,40.5541160000745],[-73.3262719999185,40.556916000254255],[-73.3123400003293,40.55411500016371],[-73.29144099977314,40.55131400029438],[-73.27402500023717,40.55131400029438],[-73.24964199973424,40.56256499979778],[-73.12455799961195,40.59836599988745],[-73.09530099999047,40.605272999754156],[-73.07200700015701,40.60975799985734],[-73.03208400043493,40.61952800023028],[-73.01400400037693,40.62509900028922],[-72.8745419997033,40.67501899979619],[-72.82860699978944,40.68690099992036],[-72.74954399979472,40.713405000222004],[-72.62453900021346,40.74556699974044],[-72.39653099982532,40.81260300019162],[-72.3745290001526,40.81859500009742],[-72.24952500039626,40.86676500016147],[-71.99951600016031,40.95601900026319],[-71.93169800039944,40.98249699978778],[-71.89990699978686,40.99049600020868],[-71.88477500009844,40.99226900013462],[-71.87013899980424,40.99697099996981],[-71.86461899970703,41.000101999756815],[-71.83708799971627,41.01089199979676],[-71.80816300035585,41.027811999990135],[-71.79413899980685,41.0369770002384],[-71.78274799998314,41.055307000326934],[-71.77749099965166,41.06729200025733],[-71.77749099965166,41.077161999696315],[-71.77924399994487,41.0884419998838],[-71.781871999749,41.09619699966996],[-71.79063499976856,41.101836999793356],[-71.79097200005245,41.18410100019588]]]}},{"type":"Feature","properties":{"name":"Passaic County","state":"NJ"},"geometry":{"type":"Polygon","coordinates":[[[-74.27222599997364,41.017935000131956],[-74.25045799975435,41.06081599969075],[-74.21122399977037,41.13371400032804],[-74.21776599969158,41.13601700025649],[-74.23490299956829,41.14326900025046],[-74.33067499981756,41.18545699999806],[-74.36751000032625,41.20324099994721],[-74.38312900008641,41.19073200027345],[-74.39000900011645,41.185795000073895],[-74.42126000005553,41.16053399974756],[-74.50321199997028,41.085872999809666],[-74.50048700008176,41.085999000113276],[-74.49951200011341,41.0850539997338],[-74.49866299964346,41.08307600007273],[-74.49588800042454,41.08229799997266],[-74.49585499991427,41.08116700020803],[-74.4939419997875,41.08060199986432],[-74.49180000023019,41.078186000304754],[-74.49000500010418,41.07767500013958],[-74.48850999955384,41.07803099970435],[-74.48683499997675,41.07644499976188],[-74.48803400025109,41.074702000066836],[-74.48909200006011,41.071805999818864],[-74.48737700030006,41.06754000010752],[-74.48742400015573,41.0658770000909],[-74.48887699997496,41.064641000231646],[-74.49321299986644,41.06306300013634],[-74.49506499989386,41.06125599974771],[-74.4978569997295,41.053197999792665],[-74.49863599987928,41.048394999695894],[-74.50000000001005,41.04471699973084],[-74.50169200020389,41.04209800033784],[-74.50163000027962,41.041075000143856],[-74.50101400033647,41.04042399999512],[-74.50198199973381,41.03899599999949],[-74.49978999994778,41.03805000011387],[-74.49933800003616,41.03541199969897],[-74.49763400014675,41.03411599981535],[-74.49701400000565,41.034296000157916],[-74.49714100022724,41.03518900024911],[-74.4965100002155,41.03574700023599],[-74.49404899991762,41.03625499990927],[-74.49367099962585,41.03671799968072],[-74.49427700042156,41.036955999791644],[-74.49405700031355,41.0372319999986],[-74.49280500033576,41.03725600002085],[-74.49184000041316,41.03782700011455],[-74.49080400034543,41.03735499968121],[-74.4898650003621,41.03839900009441],[-74.48836899998685,41.03840000019073],[-74.4882469997881,41.03878699972938],[-74.48882900029439,41.03907000031532],[-74.4873100003529,41.0393580000934],[-74.48720800024566,41.04010099971492],[-74.48574799985542,41.04208299973456],[-74.48508699970643,41.04209400017733],[-74.48493699991859,41.042853999890085],[-74.48374900041323,41.043180000281154],[-74.48327800023503,41.04279700026692],[-74.48261600026113,41.04353999968467],[-74.48203100028013,41.04307499974544],[-74.4816990000191,41.043985000177834],[-74.48205399984634,41.044613000294284],[-74.4813109996816,41.045508999950215],[-74.47941400034665,41.045696000201254],[-74.47646299960402,41.046802999828],[-74.47713999964654,41.047286999791105],[-74.47599899999685,41.0478580002554],[-74.4707800001985,41.0481220000776],[-74.47013199957,41.04775700022552],[-74.46630600021477,41.04896400015824],[-74.46449900039319,41.05030900028227],[-74.46260999965756,41.05078000003967],[-74.46127300018928,41.052024999934446],[-74.456783000312,41.051961000217155],[-74.45251099999462,41.05260500020691],[-74.44963299994524,41.0540879999166],[-74.44691399990452,41.05442599978968],[-74.44590399977608,41.05262700028248],[-74.44526699991653,41.05225999990768],[-74.44357300007286,41.0525780000426],[-74.44337800007919,41.051385999859185],[-74.4419069998183,41.050430000087246],[-74.4413799995636,41.045573999833245],[-74.44027900009688,41.04355900002755],[-74.43772200043786,41.042970999746544],[-74.4375569996831,41.04225999985987],[-74.43601099997744,41.04157999988434],[-74.43577900017387,41.04053699985102],[-74.433129999555,41.039402999690765],[-74.43344900029557,41.03855399993304],[-74.43262199956689,41.03786999987243],[-74.4286089997156,41.03757799992446],[-74.42694300035934,41.035980999937564],[-74.42689599960539,41.03414000029605],[-74.42768999982374,41.031891000227326],[-74.43313100027825,41.02541100021956],[-74.43504000020705,41.02002099973441],[-74.43055700000248,41.020105999741475],[-74.42815299960601,41.0206730000441],[-74.42588300000219,41.02297199997631],[-74.4236860001933,41.02761499986321],[-74.41887599975057,41.02872899967657],[-74.4151189999923,41.02794899983764],[-74.4110369996457,41.02625500000835],[-74.41004699960875,41.025088000144365],[-74.40620399963677,41.02417600011088],[-74.40408399982076,41.02224900023986],[-74.40333999983109,41.02041700016402],[-74.40251999967344,41.02053500028003],[-74.40257599974993,41.01920200024156],[-74.39991000031098,41.01737200028944],[-74.39126899959183,41.015954000118874],[-74.38990299981123,41.01433900007643],[-74.39006699984276,41.01310999993618],[-74.38943099980811,41.012346999709045],[-74.38729099990063,41.011693000034306],[-74.38606999988498,41.0118070002209],[-74.38257099986959,41.013922000048446],[-74.37980800034626,41.014260999935416],[-74.37688699974085,41.013922000048446],[-74.37222000031157,41.01139500025583],[-74.36702999992724,41.01192100021028],[-74.36419700008369,41.01093600003464],[-74.36212800032132,41.01383299967305],[-74.35972700029791,41.013993000033246],[-74.35790500040773,41.01349299982042],[-74.3554740002471,41.01391100032082],[-74.35113699963239,41.010493000195744],[-74.35113099978462,41.007249000018874],[-74.35246999980104,41.00579900030449],[-74.35018900032654,41.00397499985759],[-74.34589400044293,41.00481300019808],[-74.34206800018939,41.006922000095436],[-74.34071499992928,41.00576599975919],[-74.33845899967082,41.00724499977464],[-74.33664900037454,41.00760399988356],[-74.33493299989124,41.00629199990966],[-74.33468799966884,41.00361299979783],[-74.33317700012329,41.00293399992999],[-74.33107200037591,41.00279900016893],[-74.32822299974053,41.00116000007891],[-74.32443500002013,41.00102900001764],[-74.31549200007548,41.00237699981547],[-74.31278300008053,41.00043000029665],[-74.31230299968149,40.99952899997786],[-74.30949400012739,40.998408999708694],[-74.30519000002298,40.99932599993438],[-74.30143400008961,40.99924500028689],[-74.301010999592,41.00035299995686],[-74.30151699993029,41.00210499982954],[-74.30022099957158,41.003085000048216],[-74.29885099959303,41.00291300015106],[-74.29759100011763,41.00098699991699],[-74.2981440003116,40.99953300001254],[-74.29783600034001,40.996619999990074],[-74.29555199959415,40.99470299966746],[-74.29517099982765,40.99264800000991],[-74.29594499995454,40.99136599987848],[-74.29413700030807,40.99044500021551],[-74.29283299955344,40.98795499999616],[-74.29751300029983,40.98348400032449],[-74.29767300013339,40.98233100000532],[-74.29721799984873,40.98110999998509],[-74.29766899993544,40.97991200000652],[-74.29524399962258,40.97880300030045],[-74.29309100019461,40.97985199991431],[-74.29051899956866,40.97998300001123],[-74.28838000038441,40.97910700015725],[-74.28682600028282,40.97986600014417],[-74.28619299972293,40.978986999810026],[-74.28480000017814,40.97864299995585],[-74.28415099972472,40.97921600019295],[-74.2832200001373,40.978948999835445],[-74.28326500034315,40.979425000292714],[-74.28168799977703,40.979961000075235],[-74.28175300007437,40.97637600028174],[-74.27886499997925,40.97547000032768],[-74.27750800041947,40.97354999971526],[-74.27824700038627,40.97152800015629],[-74.27918299999656,40.97147300003545],[-74.2806919998923,40.9722869998543],[-74.28189000034172,40.9712740001402],[-74.28242099989605,40.97002600017965],[-74.28113299993326,40.96817699967698],[-74.28109799977315,40.96619200033054],[-74.27930900039325,40.965093999663395],[-74.27994799990263,40.96321500020237],[-74.28045000004296,40.957301000238004],[-74.27980099958954,40.9563040002216],[-74.27721899981616,40.95476500007561],[-74.27942099964794,40.943319000121136],[-74.28113299993326,40.938517999992094],[-74.28481199987371,40.93178600005672],[-74.28588300010153,40.93062700016961],[-74.28924599967449,40.928791000083756],[-74.28906800029758,40.927811000200926],[-74.28805599962098,40.92674399971403],[-74.28851099990565,40.924833000313455],[-74.28528499970173,40.92308300012015],[-74.28510200030195,40.92252400005421],[-74.28591200041384,40.92159300018637],[-74.28374800021689,40.92067400029716],[-74.28371399988173,40.919875999822324],[-74.28472400001016,40.91843999989259],[-74.28420299960327,40.91714799998798],[-74.28203599993158,40.91696000021327],[-74.27887099982702,40.918254000164644],[-74.27766400005508,40.916980000301386],[-74.27894500034519,40.91631200032962],[-74.2789179996827,40.915885000320145],[-74.27159300031207,40.91539500018254],[-74.2669770000381,40.91043499994254],[-74.26659100024871,40.908925000236955],[-74.26701200019819,40.90763899998073],[-74.26904900017352,40.90763599984953],[-74.27061499997066,40.90910200022102],[-74.27072100027587,40.91016899970736],[-74.27191800000207,40.90968700007693],[-74.27225100008799,40.90835899969704],[-74.27163799961959,40.9077469998609],[-74.27178099973472,40.90726300012839],[-74.27334400005712,40.9067080002565],[-74.27351300011154,40.90626300019958],[-74.27209899975205,40.90515799978688],[-74.27091100024667,40.90318899995738],[-74.27098999988938,40.902197999986186],[-74.27290300001616,40.89907300025097],[-74.27197499990348,40.897321000124556],[-74.26857999964515,40.89603100013782],[-74.26663800010436,40.894532999704836],[-74.26564899989232,40.892725000096895],[-74.2642889999595,40.88690600022754],[-74.25981300032592,40.8837689999425],[-74.25808400032219,40.88306900029474],[-74.25476299968369,40.88306499999216],[-74.25316799957425,40.88157299999201],[-74.24028999959611,40.880435999786705],[-74.20200200016649,40.8593520000284],[-74.20172199978401,40.86036500006282],[-74.19699900027821,40.859464000292924],[-74.19759099993193,40.85818000019304],[-74.19729800002898,40.85806400002072],[-74.19788899985775,40.85720899992846],[-74.19831099963216,40.85728899981302],[-74.13001599984528,40.81993800025714],[-74.12675899967923,40.820654000282865],[-74.12520100027801,40.82160000021541],[-74.12308999978451,40.82378600029514],[-74.12099000005999,40.83053899999866],[-74.12106700005288,40.83305900011605],[-74.12404300001155,40.83897000012699],[-74.12221699992341,40.84243200019473],[-74.12109299999216,40.84721399970475],[-74.11927000027706,40.851683999795995],[-74.11943099993555,40.853913999691514],[-74.12121500019089,40.85676600013524],[-74.12116800033522,40.85779899994849],[-74.11998999997726,40.85883899999375],[-74.1177949998182,40.85972400005563],[-74.11447200042822,40.85989800029365],[-74.11259399956323,40.85859300027622],[-74.11218600003254,40.855865999798915],[-74.11083000029767,40.85519099984588],[-74.10966100016059,40.855272000284934],[-74.10829899967963,40.855971000185086],[-74.10726599998495,40.85734799970848],[-74.10678599958592,40.859298999770445],[-74.10696899988403,40.861599999713206],[-74.10780900013316,40.86354400000521],[-74.11107100032211,40.8653810000502],[-74.11240000029277,40.86885500009137],[-74.11397899961038,40.87028800022175],[-74.11566300030663,40.87500200002864],[-74.11941800041505,40.87800900021685],[-74.12150399989588,40.88095399980433],[-74.13031499959602,40.88548600002502],[-74.12845599989593,40.894276999758375],[-74.13021400021202,40.89591100020246],[-74.13282299974956,40.89707399989721],[-74.13347899987568,40.898472000003906],[-74.13346100033233,40.90219199990895],[-74.13164199991688,40.905685999832286],[-74.132149999905,40.90889900027992],[-74.133500999617,40.9121640001659],[-74.13307800001768,40.91381399987822],[-74.13110100031682,40.916561999713174],[-74.12940800029806,40.920213000192646],[-74.13040599983262,40.92140299980721],[-74.13303700000981,40.92268899977745],[-74.13800999976084,40.92294099978157],[-74.14040300028663,40.92420100032154],[-74.14186100012873,40.92629999988655],[-74.14251499970673,40.92895299992776],[-74.14207899968862,40.93028700018197],[-74.13969899958163,40.932868999911335],[-74.13998399998698,40.93503100010023],[-74.14409200027283,40.94091999989987],[-74.14642799999889,40.941676000163525],[-74.14807099978894,40.94164300009836],[-74.14816299985046,40.942074000062],[-74.14434099979486,40.95635400017075],[-74.14162799960191,40.96359400017697],[-74.14104799964379,40.96634800033681],[-74.17027500002632,40.983903999751945],[-74.17114100021473,40.97706600015953],[-74.22453299974372,40.98130299969506],[-74.24853200010709,40.99209400012606],[-74.2642680000431,41.01193499973161],[-74.27222599997364,41.017935000131956]]]}},{"type":"Feature","properties":{"name":"Hunterdon County","state":"NJ"},"geometry":{"type":"Polygon","coordinates":[[[-75.105521999973,40.644914999721955],[-75.10938900023443,40.64177800028845],[-75.10849200008387,40.64090299966081],[-75.108451000076,40.63956900011955],[-75.11386599969292,40.63727299985296],[-75.12096400018115,40.636150000286236],[-75.12748500018597,40.63444199992112],[-75.12917599965658,40.63372699999906],[-75.13044199987806,40.63228200013842],[-75.13633400041927,40.6301499997972],[-75.14531499999873,40.62898100009512],[-75.14799600040462,40.626301000092205],[-75.14777499957336,40.62262099977516],[-75.14966699978373,40.62050099986136],[-75.15155899999412,40.62067900012654],[-75.15303899957752,40.62171299982511],[-75.15441899960182,40.621691999726],[-75.15676699992179,40.619717999800805],[-75.16167600009872,40.61794900009382],[-75.16231399978317,40.61701399988649],[-75.16158499986211,40.61636699978901],[-75.16145299961765,40.615029999919784],[-75.16276700041801,40.612620000245506],[-75.16288299987065,40.611132999908236],[-75.16548800010857,40.61058900027644],[-75.1678000004435,40.60716399982232],[-75.17253700019297,40.60489400027291],[-75.17369499956112,40.60320499995159],[-75.17497000000344,40.598799000313164],[-75.18015199999184,40.59781299986851],[-75.18134399969516,40.59624299987228],[-75.18103200042395,40.59418300032515],[-75.18372399980218,40.593782000034324],[-75.18525899963717,40.59230899970644],[-75.18767899992716,40.592817000263544],[-75.18959999955155,40.59177599999373],[-75.18926800018885,40.589918999756904],[-75.18969199961303,40.58767099987214],[-75.19414999970328,40.5828430002105],[-75.195221999756,40.58030300026703],[-75.19549600029069,40.57862699978281],[-75.19493700024897,40.577141999710555],[-75.18826999975595,40.570546999991635],[-75.18490700018299,40.56830800004971],[-75.18125099980877,40.56671500025224],[-75.171623000324,40.56422199977658],[-75.16231399978317,40.56419299991006],[-75.15904099972357,40.564845999883666],[-75.14841999982883,40.57202100024976],[-75.1444830001455,40.57405499996691],[-75.14017200036837,40.57537000008221],[-75.13499500040284,40.575662000100905],[-75.11553600014544,40.57286000009449],[-75.0998269999736,40.5673979997545],[-75.09583400021378,40.564480999862276],[-75.09210699969447,40.56053900014855],[-75.07804700005875,40.54787599979533],[-75.07513800004723,40.54557899974042],[-75.0703989997496,40.54348600025044],[-75.06858100005739,40.54218500024643],[-75.06705600026814,40.53844299979377],[-75.06510200013348,40.52641300005726],[-75.06568499956634,40.521677000072664],[-75.06484199984249,40.50350299990593],[-75.06330000033478,40.4997280001551],[-75.0625760004366,40.49407399982863],[-75.06266400030016,40.480439000221615],[-75.06479499998682,40.476475000174815],[-75.067714999869,40.47366900020205],[-75.06801600016786,40.471377999843206],[-75.06701600008518,40.46530800003551],[-75.06817199980348,40.462158999909484],[-75.07028499994681,40.45877499994704],[-75.07067800030717,40.45679400011246],[-75.0663420004157,40.44666699982452],[-75.0655749999615,40.441839000155376],[-75.06416499979997,40.438156000017386],[-75.0643799998851,40.43639599965847],[-75.06238800011563,40.43060199987899],[-75.06208000014405,40.425038999884414],[-75.06006499991003,40.42031900025596],[-75.05857500028087,40.418192999772],[-75.05702399965402,40.41701200017549],[-75.05250000033989,40.415328999767375],[-75.0455259997002,40.41367900018132],[-75.04231100026526,40.41099899987895],[-75.03550400003016,40.40744300000615],[-75.03442699995456,40.406066000133244],[-75.02863300022098,40.40397099970239],[-75.0257130003388,40.40347899992094],[-75.02302799973496,40.40369300009812],[-75.00744300030999,40.407597000044646],[-75.00404899987656,40.407524000247996],[-74.99999699966722,40.409776000096805],[-74.99585999996735,40.410384000022766],[-74.98841300039798,40.4084940002741],[-74.98313099995214,40.40459899979363],[-74.97806199994164,40.40229199992826],[-74.96942199994572,40.39964000016441],[-74.96696900004379,40.39847500004477],[-74.96377700017504,40.394841999965166],[-74.96147800025891,40.38893500026032],[-74.95578499990934,40.380028000053315],[-74.94890099968134,40.36505500023659],[-74.9458279996383,40.35507200009339],[-74.9453559996352,40.34876799984139],[-74.94451700010929,40.345062999978175],[-74.94290899958102,40.34168300020672],[-74.93227699981563,40.33942700000212],[-74.8562619997496,40.34669599976677],[-74.86967799985307,40.377773999809385],[-74.80201599972779,40.384972000083565],[-74.80846999978546,40.416663999988465],[-74.74814700017285,40.424155999900904],[-74.79788099967776,40.51566999977169],[-74.78741700014184,40.51215900007333],[-74.78496300041498,40.51001300010417],[-74.78486700015551,40.508140000076665],[-74.78139300025447,40.505000999671054],[-74.7766990001627,40.503307000181046],[-74.77597899956416,40.50360600014511],[-74.74265899986267,40.55389800005565],[-74.73549000012765,40.55893400028021],[-74.73367200043543,40.561138999670256],[-74.73070200032456,40.56358399981179],[-74.72459700024633,40.566184000082444],[-74.71296200002519,40.58423099977131],[-74.72493700000496,40.58875499977158],[-74.7185819996815,40.599655999677886],[-74.72175199980892,40.60070200019678],[-74.71330000013397,40.61209700015685],[-74.71147599969566,40.61153200030652],[-74.70270299963035,40.62111699987034],[-74.70562000003778,40.621694999838],[-74.70856199966127,40.62435699994369],[-74.71142899984,40.62492899989603],[-74.71182200020039,40.625586999792176],[-74.71138600018229,40.62748299993324],[-74.7133870001726,40.630746999723804],[-74.71658599971404,40.63170399975529],[-74.71924299983048,40.630899000072255],[-74.72567500014685,40.63171699988145],[-74.72654399980999,40.63240999995226],[-74.72764599999995,40.635988999848465],[-74.72725799966243,40.636632999951644],[-74.72535999960425,40.63720599976947],[-74.72283999975517,40.63904699971074],[-74.72203100036648,40.64151800033762],[-74.72403300018172,40.64434000010759],[-74.72386499995224,40.64734699977361],[-74.72092699962839,40.6509550001237],[-74.71949899992353,40.65190199996771],[-74.72016099989742,40.65343000000682],[-74.71951999983992,40.654323999799075],[-74.72051800027279,40.65451999986774],[-74.7212930002246,40.655527999790635],[-74.72217199993348,40.65547900005659],[-74.72272500012744,40.65658799970492],[-74.72763400030438,40.65868200015436],[-74.72892200026718,40.66045399994227],[-74.72896499992487,40.66262199979607],[-74.73012200036642,40.663227999792504],[-74.73007100031279,40.664123999740035],[-74.73080199988368,40.66545700013339],[-74.72875999988547,40.66666800006846],[-74.72627400037156,40.66711200020444],[-74.72270099983801,40.67009000017975],[-74.72187700038072,40.674450000287386],[-74.72205099955966,40.67593399987822],[-74.72161200006684,40.67665899985676],[-74.72208400006994,40.67736299982637],[-74.72181899975607,40.678477999991],[-74.71846399968071,40.68057299995849],[-74.71823299970202,40.68302999992997],[-74.71772800008696,40.68386900006252],[-74.71928800003631,40.68538800017786],[-74.72193699975685,40.68540600002009],[-74.7230039997867,40.68635299985072],[-74.72392500022669,40.68815100012198],[-74.72115599995725,40.69157600007799],[-74.72091499993284,40.692833000290456],[-74.72133300040758,40.69501399976991],[-74.72073099980983,40.69683000012283],[-74.71930599957967,40.69770000033345],[-74.71765899959168,40.69791599975714],[-74.71657300019358,40.69873400007379],[-74.71575899988369,40.7002950002996],[-74.71802400036299,40.70313199993476],[-74.71656999982052,40.70378999966441],[-74.71680499999715,40.704761000034054],[-74.72019799970735,40.706584000015326],[-74.71951499981704,40.70777899994745],[-74.7205890004179,40.70938699968021],[-74.72117199985078,40.71256100025894],[-74.72007899988165,40.71412600013622],[-74.72025100030909,40.71519099970185],[-74.72209099974262,40.71596100028118],[-74.72354899958475,40.71728699971041],[-74.72457499960672,40.7189450002383],[-74.72437799996321,40.71943899996661],[-74.73270400013979,40.72008199970065],[-74.73733299993424,40.72161900029444],[-74.74093800025486,40.72402099978086],[-74.74250200040217,40.72605799999773],[-74.74418000035229,40.726417000064956],[-74.75289999981584,40.73112899969731],[-74.77098900009467,40.73604800027251],[-74.79367600020583,40.74033900027355],[-74.79797299973926,40.74218599975703],[-74.79861399979677,40.74171200001591],[-74.80355899995871,40.741793000198044],[-74.80822799993612,40.74114199987726],[-74.81305799957202,40.74131499968814],[-74.81310899962565,40.74190100028746],[-74.81706799994859,40.742890999968566],[-74.8236309997862,40.742210000179604],[-74.82748399980395,40.74407199970265],[-74.84302399992137,40.756021000309595],[-74.84406800038501,40.75858399981936],[-74.88981900017585,40.787729000077896],[-74.89286000043185,40.78624100027988],[-74.8955309998937,40.7839919997833],[-74.89979900001312,40.782913999746704],[-74.90448100040932,40.78075499980126],[-74.90449300010488,40.77994400027392],[-74.90243500021316,40.7772749996729],[-74.9035010004181,40.77589900029452],[-74.90348600034947,40.773413000067066],[-74.90271800007037,40.77183599999806],[-74.90571699959526,40.77045000015654],[-74.90769900021732,40.76877699985058],[-74.9131530001923,40.76673199969852],[-74.91381099996823,40.76529100002782],[-74.91502799978592,40.7645040000486],[-74.9155059996368,40.76195899974309],[-74.91690499992767,40.76129900032403],[-74.91865999987071,40.75928600033672],[-74.9209830000763,40.758111999758405],[-74.92264000011005,40.7566469996743],[-74.9248479997896,40.756154999802035],[-74.92693900019161,40.7549409996688],[-74.92812599987205,40.75226500010509],[-74.92962899992001,40.75208000006733],[-74.93105900017302,40.750978999825925],[-74.93080200025508,40.74904100024199],[-74.93228299966341,40.74808700006927],[-74.93408500036041,40.747957000260236],[-74.93473800011348,40.74618099969847],[-74.94042800009001,40.74091399967924],[-74.94103399998741,40.73883199999628],[-74.94307299961257,40.73789999988593],[-74.94392299990744,40.73669800017555],[-74.94652399994739,40.73481100018537],[-74.95172699985218,40.72774000009732],[-74.9583230002001,40.72542700030057],[-74.96019000029611,40.7228129998884],[-74.96350900038645,40.72046799985688],[-74.96532500042885,40.71753100016847],[-74.96537300010941,40.71606000022506],[-74.9689270003764,40.71039200005353],[-74.97063200009072,40.709770999950706],[-74.97520200033395,40.71065699993536],[-74.97957000001247,40.71079800025204],[-74.9802339996362,40.71025300015641],[-74.98058900036176,40.70709999966815],[-74.98141199999414,40.70590000003011],[-74.9914629999765,40.70289599970022],[-74.99604400009038,40.70009999968923],[-75.00024000023977,40.69644900031201],[-75.00160600002037,40.69456399970549],[-75.00383899981429,40.6930400002589],[-75.00692899957579,40.692931999881786],[-75.00975599957154,40.69519399989816],[-75.013406000098,40.69277600031458],[-75.01464800003004,40.692955999678034],[-75.01600999961266,40.69430700003506],[-75.01729599992565,40.69457299975019],[-75.01920499985445,40.69205500015018],[-75.02245699999764,40.692233000321835],[-75.02318099989583,40.690950000044324],[-75.03304000025757,40.68394899978507],[-75.03402600009657,40.68356899990714],[-75.03671599982499,40.68376199982369],[-75.03872799968596,40.68317600026954],[-75.0432219997612,40.67894000006188],[-75.04481900041877,40.67871500029458],[-75.04750199957618,40.67968199999853],[-75.04883599956972,40.67964000015841],[-75.05285400034221,40.67633199992914],[-75.05479500005808,40.676341999838186],[-75.05972400032648,40.67343699997648],[-75.06238300009275,40.66951699993349],[-75.06790800021284,40.66879199996814],[-75.06971800040745,40.666933000129234],[-75.07341999991411,40.666114000280864],[-75.07515599959058,40.665049999958676],[-75.07857799961307,40.66152400003998],[-75.07944700017454,40.65940599992785],[-75.08200399983355,40.65769200001046],[-75.0894200003391,40.655166999710076],[-75.0900050003201,40.65464700020636],[-75.08969499980039,40.653856000171494],[-75.09577599958916,40.64824900025794],[-75.10108200032444,40.646608000269914],[-75.10304499978162,40.64534400013233],[-75.105521999973,40.644914999721955]]]}},{"type":"Feature","properties":{"name":"Somerset County","state":"NJ"},"geometry":{"type":"Polygon","coordinates":[[[-74.41441099998764,40.640676999729656],[-74.41204400029942,40.64237799971803],[-74.40841800006243,40.64275599996352],[-74.40814699990077,40.643358000024804],[-74.40856100017756,40.64428699995072],[-74.40640899967617,40.64754600020322],[-74.40697500028892,40.65076299980421],[-74.40599100009975,40.65111299975218],[-74.40480799971894,40.6531810002349],[-74.4034040003035,40.653834000175195],[-74.40358900025143,40.65527400018116],[-74.40246500032018,40.656980000275574],[-74.4030090002933,40.65994599978583],[-74.4017509995694,40.664280000274154],[-74.40296400008745,40.665256999679855],[-74.40326200001329,40.6665469997291],[-74.40471099963455,40.667570999903155],[-74.40549900000515,40.66773400030076],[-74.40725899997106,40.666591000187644],[-74.40854500028402,40.66637800022231],[-74.41096700022383,40.66351300015418],[-74.41302199974251,40.66213399978873],[-74.41424500030628,40.66215500011529],[-74.41678600007178,40.66120700029923],[-74.41725499970184,40.660772000214955],[-74.41712099980754,40.65993200001383],[-74.41989400027492,40.65765999993274],[-74.4225389997975,40.65901699978101],[-74.42619900036969,40.66291200030141],[-74.42820000036001,40.663246000166964],[-74.42986599971626,40.66499300007081],[-74.434050999995,40.664231000154444],[-74.43545399958553,40.66301899993445],[-74.43615900011545,40.663407000271846],[-74.43643500029998,40.66301399966247],[-74.4360360000918,40.662715999675],[-74.43947499983275,40.660755999894604],[-74.44185400011484,40.65881300026361],[-74.44153699992243,40.65841900013119],[-74.44262700041683,40.65843399993496],[-74.44319200030637,40.657515000005986],[-74.44460400011772,40.65719100012114],[-74.44508899964129,40.65655899968766],[-74.44743199993839,40.65622100006101],[-74.44812999989729,40.65528300007917],[-74.45084599956495,40.65414800017862],[-74.46103499963958,40.67350399979506],[-74.46229400018838,40.67150000031422],[-74.46662400023207,40.66921699991702],[-74.46780900026272,40.66908800027173],[-74.46926200008195,40.66800400011217],[-74.47056799958808,40.66800900001005],[-74.47376799985275,40.669308000023754],[-74.47436399970441,40.66888600000894],[-74.47430900035113,40.668072000190136],[-74.47566199971295,40.66787500016456],[-74.4758340001404,40.66686099985693],[-74.4764120004487,40.666470999983716],[-74.48469800044231,40.6658999998712],[-74.4840849999739,40.663439999957546],[-74.48537999960939,40.662436999966324],[-74.48631899959273,40.662515999860624],[-74.48740400006423,40.66370400026252],[-74.49020900031869,40.66358699990782],[-74.49095999998104,40.66324800013255],[-74.49192999992653,40.66143100019483],[-74.49402200015345,40.66104200027224],[-74.49554500029288,40.66203599976732],[-74.49728099996932,40.6612019998914],[-74.49916099958583,40.6613369998678],[-74.49937300019624,40.6605729997054],[-74.4987150004203,40.65950900025957],[-74.50123299972127,40.65878000033315],[-74.50369999986691,40.659629999738236],[-74.50604999983669,40.65842699989067],[-74.50495400039281,40.65683399981414],[-74.50551000006152,40.65565699976666],[-74.50652100001487,40.65517600030403],[-74.50749099996035,40.65272099984893],[-74.51012399978735,40.65170899983192],[-74.51040699964457,40.65038400008994],[-74.51230499970274,40.649591000258965],[-74.51305700008831,40.649544999796554],[-74.51372900010797,40.65038400008994],[-74.51540700005809,40.65109699984135],[-74.51602999967393,40.65013499985589],[-74.51787500002865,40.65017799971635],[-74.51757700010282,40.649072000091735],[-74.5185060000404,40.648447000178685],[-74.51996700025556,40.649882999847264],[-74.52245699996743,40.64912200029536],[-74.52363299977723,40.649422000048894],[-74.52388700022044,40.65016099974313],[-74.52279400025131,40.6508610000292],[-74.52269799999186,40.651751000226824],[-74.52466800002003,40.65116199996648],[-74.52617000024307,40.65198299969239],[-74.52437599994198,40.652939000154596],[-74.52366799993733,40.653969000069125],[-74.52411800019912,40.65445399983242],[-74.5262920004418,40.654103999689845],[-74.52587399996706,40.65457999984317],[-74.52584700020287,40.65603400001568],[-74.52645300010029,40.65807200018537],[-74.52728699960333,40.65897900005848],[-74.52557400039142,40.66074299997219],[-74.52873799977273,40.66262599976461],[-74.52928699976874,40.664308999660506],[-74.5303399995549,40.66529800011128],[-74.53177200035604,40.66579699986859],[-74.53398800043152,40.665469000209626],[-74.53378699969176,40.66633999992347],[-74.53437300039599,40.667246999802444],[-74.53337900016108,40.66792199982575],[-74.53195700030398,40.66700200020371],[-74.53052399967791,40.667020000241024],[-74.52890199980428,40.66935900028384],[-74.52571800033147,40.670487000152626],[-74.52586499974625,40.67332099983646],[-74.52726599968695,40.675517000254565],[-74.528727999727,40.67991900010915],[-74.52787900015535,40.684344000328515],[-74.52628099967285,40.685126999875344],[-74.52576900038507,40.68701500033819],[-74.5246579999743,40.68773200003751],[-74.52404899970384,40.6895260001687],[-74.52300900033649,40.689491999839895],[-74.52101699966867,40.68822900025656],[-74.51787500002865,40.68855100000276],[-74.51676199996803,40.68925000004351],[-74.51683399993806,40.69079300001328],[-74.51893500038582,40.69165899977686],[-74.51902999992205,40.693301000220494],[-74.51792400043244,40.693927999825306],[-74.51645200034665,40.69303199988381],[-74.51429800019544,40.69441699993851],[-74.51507899999503,40.69498400026882],[-74.51506999977421,40.69597799984006],[-74.51341699993843,40.69722999966575],[-74.5139919998737,40.699060999746365],[-74.51340000022,40.69943499977627],[-74.51444600033344,40.70013100006191],[-74.51387499969782,40.70109699983233],[-74.51541899975366,40.70232899996936],[-74.51678999955712,40.702157999751755],[-74.5165350001873,40.70338599976655],[-74.5175839997755,40.70430199966196],[-74.51789599994505,40.7055729998819],[-74.518589999706,40.70625800017975],[-74.51972000038336,40.70642099995654],[-74.51990100013333,40.707151999960395],[-74.52142199972462,40.70784500031947],[-74.52198699961414,40.708672999738525],[-74.52359900034035,40.70841499969633],[-74.5248830001052,40.70873300001682],[-74.52541399965952,40.70958499990472],[-74.52619799983216,40.709441000171275],[-74.52685099958524,40.71088200012494],[-74.52420299968962,40.7133460003207],[-74.52410899997831,40.715617999742726],[-74.52470999985283,40.716115999811784],[-74.5260379999986,40.71576499970351],[-74.526355000191,40.71651300002981],[-74.52751900030523,40.71666400018758],[-74.52874699999357,40.71761800028298],[-74.52842300012847,40.71812200009418],[-74.52907300040683,40.718382999822],[-74.52884800027591,40.719186999736316],[-74.53122800038291,40.71968300002627],[-74.53150500039234,40.7212669997919],[-74.52995899978839,40.726236999903534],[-74.52926500002744,40.72664899978183],[-74.53059399999812,40.72735099977961],[-74.53089299974886,40.72985399988796],[-74.53446600028242,40.73031499974286],[-74.53570499984141,40.731197000035614],[-74.53644999965599,40.73111399991368],[-74.53664999967252,40.73172000005467],[-74.53875799979296,40.732370000038046],[-74.53997999963353,40.73380500024787],[-74.54131799982503,40.733562000175716],[-74.54350399976327,40.73456900031778],[-74.5473069995523,40.733783000087385],[-74.54935000027372,40.73385300032523],[-74.54866099963732,40.736157000070065],[-74.54767599962324,40.73698699974634],[-74.54813299955772,40.73792600026032],[-74.54778100010354,40.73832000008256],[-74.54906099967042,40.741160000307424],[-74.54877699998828,40.74216400032626],[-74.54940200015226,40.74309500010123],[-74.54901700018779,40.744415999714825],[-74.54940899982495,40.74506000018528],[-74.54871099986605,40.746119000305804],[-74.5491090002493,40.747044999752674],[-74.54991000014037,40.74716900015639],[-74.55069799961267,40.74807900018255],[-74.55205400024583,40.74834300001817],[-74.55289199994684,40.74953199996823],[-74.55198899994849,40.75064000023806],[-74.55087599988791,40.750980000193536],[-74.55195700016147,40.752883999799586],[-74.55149000018122,40.753389999938015],[-74.55211100014724,40.75407399985133],[-74.55195200013858,40.75480200026207],[-74.5532140001621,40.75639300028615],[-74.5552069997565,40.75690100013329],[-74.55601799969332,40.75828799974625],[-74.72566599992602,40.719531999907886],[-74.72437799996321,40.71943899996661],[-74.72457499960672,40.7189450002383],[-74.72354899958475,40.71728699971041],[-74.72209099974262,40.71596100028118],[-74.7203490002184,40.71538500016352],[-74.72007899988165,40.71412600013622],[-74.72117199985078,40.71256100025894],[-74.7205890004179,40.70938699968021],[-74.71951499981704,40.70777899994745],[-74.72019799970735,40.706584000015326],[-74.71680499999715,40.704761000034054],[-74.71656999982052,40.70378999966441],[-74.71802400036299,40.70313199993476],[-74.71575899988369,40.7002950002996],[-74.71657300019358,40.69873400007379],[-74.71765899959168,40.69791599975714],[-74.71930599957967,40.69770000033345],[-74.72073099980983,40.69683000012283],[-74.72133300040758,40.69501399976991],[-74.72091499993284,40.692833000290456],[-74.72115599995725,40.69157600007799],[-74.72392500022669,40.68815100012198],[-74.7230039997867,40.68635299985072],[-74.72193699975685,40.68540600002009],[-74.71928800003631,40.68538800017786],[-74.71772800008696,40.68386900006252],[-74.71823299970202,40.68302999992997],[-74.71846399968071,40.68057299995849],[-74.72181899975607,40.678477999991],[-74.72208400006994,40.67736299982637],[-74.72161200006684,40.67665899985676],[-74.72205099955966,40.67593399987822],[-74.72187700038072,40.674450000287386],[-74.72270099983801,40.67009000017975],[-74.72627400037156,40.66711200020444],[-74.72875999988547,40.66666800006846],[-74.73080199988368,40.66545700013339],[-74.73007100031279,40.664123999740035],[-74.73012200036642,40.663227999792504],[-74.72896499992487,40.66262199979607],[-74.72892200026718,40.66045399994227],[-74.72763400030438,40.65868200015436],[-74.72272500012744,40.65658799970492],[-74.72217199993348,40.65547900005659],[-74.7212930002246,40.655527999790635],[-74.72051800027279,40.65451999986774],[-74.71951999983992,40.654323999799075],[-74.72016099989742,40.65343000000682],[-74.71949899992353,40.65190199996771],[-74.72092699962839,40.6509550001237],[-74.72386499995224,40.64734699977361],[-74.72403300018172,40.64434000010759],[-74.72203100036648,40.64151800033762],[-74.72283999975517,40.63904699971074],[-74.72535999960425,40.63720599976947],[-74.72725799966243,40.636632999951644],[-74.72764599999995,40.635988999848465],[-74.72654399980999,40.63240999995226],[-74.72567500014685,40.63171699988145],[-74.71924299983048,40.630899000072255],[-74.71658599971404,40.63170399975529],[-74.7133870001726,40.630746999723804],[-74.71138600018229,40.62748299993324],[-74.71182200020039,40.625586999792176],[-74.71142899984,40.62492899989603],[-74.70856199966127,40.62435699994369],[-74.70562000003778,40.621694999838],[-74.70270299963035,40.62111699987034],[-74.71147599969566,40.61153200030652],[-74.71330000013397,40.61209700015685],[-74.72175199980892,40.60070200019678],[-74.7185819996815,40.599655999677886],[-74.72493700000496,40.58875499977158],[-74.71296200002519,40.58423099977131],[-74.72459700024633,40.566184000082444],[-74.73070200032456,40.56358399981179],[-74.73367200043543,40.561138999670256],[-74.73549000012765,40.55893400028021],[-74.74265899986267,40.55389800005565],[-74.77597899956416,40.50360600014511],[-74.7766990001627,40.503307000181046],[-74.78139300025447,40.505000999671054],[-74.78486700015551,40.508140000076665],[-74.78496300041498,40.51001300010417],[-74.78741700014184,40.51215900007333],[-74.79788099967776,40.51566999977169],[-74.78042599978373,40.484163000069344],[-74.7220609996054,40.375204999832256],[-74.71816300028016,40.376778999727826],[-74.7109650002328,40.378172999766775],[-74.70778199968657,40.37938199991013],[-74.674242999702,40.384340999813965],[-74.67100300015268,40.38593300017781],[-74.65392800020025,40.39104799966517],[-74.62251900007742,40.38429600008508],[-74.62135900016115,40.38359999967512],[-74.61848399958649,40.3803769998712],[-74.61749400044785,40.37788399985859],[-74.62024000025275,40.3737489996733],[-74.61261100021018,40.37591499973466],[-74.60217000024048,40.380969000315964],[-74.59583800038155,40.385733000025596],[-74.5918430000736,40.39202700011803],[-74.58876099980972,40.39313999987487],[-74.5878650003824,40.39413600005441],[-74.58740699972468,40.399262000217995],[-74.58579200042205,40.40242699989136],[-74.58623699976266,40.40649200033905],[-74.58526500016735,40.41081400024077],[-74.58599800028638,40.41651499973547],[-74.58498700033302,40.4181760003389],[-74.576164000039,40.422304000099814],[-74.55454599960751,40.430159999705864],[-74.53619000026329,40.43832599972536],[-74.52664700026905,40.44476699971909],[-74.52033799997633,40.451277999844756],[-74.51238900026664,40.456620999953174],[-74.50771500026633,40.461062999839285],[-74.49512000014543,40.46909000003351],[-74.48234400027458,40.48175100024617],[-74.47849899975444,40.48391800007224],[-74.4682090002958,40.4868450001809],[-74.45986300002775,40.49104600015332],[-74.46014000003719,40.49157499996048],[-74.45897900029598,40.49557500005232],[-74.45917900031255,40.49661900008038],[-74.46253799968754,40.50032199979564],[-74.46503499997041,40.5012580000643],[-74.46699499995283,40.502929000265276],[-74.46749399972013,40.50768599999018],[-74.46694700027227,40.50889800031907],[-74.47417399973362,40.51056300010752],[-74.4782140002474,40.51073900024863],[-74.48190200040868,40.51200099971251],[-74.48511500019383,40.515316999836664],[-74.49518799991749,40.52906500008733],[-74.49913499964656,40.532096000012935],[-74.5118529997911,40.53987999995829],[-74.51412199957004,40.542031000024735],[-74.5159069996503,40.54506800007795],[-74.5170690001147,40.5510450002086],[-74.51816899975653,40.55337499996547],[-74.52012700008913,40.55591499970805],[-74.52281299961957,40.55815599966007],[-74.52668499990389,40.55947399979862],[-74.52666900001036,40.56072699988565],[-74.52491999991511,40.56075699970048],[-74.52443500039152,40.5622630000149],[-74.52588599966265,40.56838700009375],[-74.52359799961714,40.56877100025796],[-74.52389200024331,40.569726000146616],[-74.5231449998806,40.57021600007242],[-74.52324000031516,40.57106100002447],[-74.52190299994857,40.57239599988081],[-74.52269799999186,40.573383999743626],[-74.52080199958353,40.57417800001224],[-74.51920099962628,40.576057000329804],[-74.51594600000834,40.57853300021701],[-74.51509400006364,40.57999699987618],[-74.51627400007142,40.58051899986067],[-74.51614900039793,40.5813269999391],[-74.51342600015924,40.581200000002454],[-74.51037700040565,40.58271599974092],[-74.50978099965567,40.58418600013655],[-74.5079310001764,40.58499499971378],[-74.50703300020093,40.584504000090206],[-74.5064380001742,40.58568200004121],[-74.5052559996183,40.58625500032394],[-74.50457600010104,40.5861739999997],[-74.50386300007352,40.585037999906504],[-74.50312400010672,40.58497800020108],[-74.50234900015492,40.58400599993034],[-74.50137800038453,40.58492700027273],[-74.50194900012184,40.585468999756024],[-74.50008299985073,40.58573500031745],[-74.50039500002026,40.586565999916246],[-74.4995380000527,40.58690400017158],[-74.49923799957872,40.58617799977377],[-74.49807600001262,40.5858020001818],[-74.49782999996533,40.58634000031446],[-74.49452299957055,40.586444000244185],[-74.49398600016843,40.587194000131085],[-74.49283200009994,40.58749000008204],[-74.49118400028702,40.58754200019629],[-74.49120299965529,40.58674299973822],[-74.4905690001688,40.586518000161306],[-74.4901120002343,40.58726500028946],[-74.48936200039687,40.58700099987691],[-74.48884000016504,40.58800300016234],[-74.48577700016774,40.588221999700224],[-74.48564900012123,40.58882400017034],[-74.4824249995671,40.58983899983664],[-74.48070099958623,40.59149200032898],[-74.47877199956592,40.592422000090316],[-74.47650500033514,40.595137999680865],[-74.4749339996168,40.59556500002665],[-74.47478899985185,40.59637700030572],[-74.47368699966191,40.59710600033082],[-74.4709540002758,40.59770099967028],[-74.46984000039025,40.59843599984859],[-74.46866299985723,40.59795799988299],[-74.46725799971858,40.59866000032301],[-74.46614300000816,40.59779099982001],[-74.4658929997629,40.598360000296594],[-74.4662660000318,40.599077000108416],[-74.46353899959516,40.59909500005039],[-74.46230599988394,40.59988900002034],[-74.4612460004251,40.59966600016594],[-74.45972699958531,40.60008800002688],[-74.4593449999939,40.60135700033821],[-74.45716200042868,40.602395999693876],[-74.45563900028924,40.60201999989923],[-74.45399700032414,40.60401599966063],[-74.45146900007913,40.60347200006602],[-74.4517569999592,40.604044999998635],[-74.4509469998473,40.60491200001257],[-74.45044999972984,40.60404699969224],[-74.44840899955655,40.60747000002997],[-74.44569100023905,40.609001000283726],[-74.44349600007997,40.608911999997545],[-74.442097999614,40.60954100014551],[-74.44004200027041,40.60929800030442],[-74.43686700012012,40.61052499994836],[-74.43546000033163,40.61284499995526],[-74.4336989996425,40.61321700002301],[-74.43214399971602,40.61440600011906],[-74.4313600004417,40.61573599977054],[-74.42994100005933,40.6156160001657],[-74.42937699999473,40.616246000289465],[-74.42794599991679,40.616567999831474],[-74.42440099987064,40.61954499982271],[-74.42319699957345,40.62115000001491],[-74.42328299978716,40.62375200034088],[-74.42269199995836,40.62522000011699],[-74.41764600041239,40.62754099999956],[-74.41698799973814,40.62892500022854],[-74.41623000040308,40.62928099970083],[-74.41667800011675,40.630842000323014],[-74.41532599968153,40.63161699994733],[-74.41494200044029,40.632424000044885],[-74.41542500031404,40.63416899970179],[-74.41477300038589,40.636830000210594],[-74.41509499970286,40.63832899997833],[-74.41473499985275,40.63907299982768],[-74.41403600006892,40.639186000218345],[-74.41452700033861,40.63995999979692],[-74.41441099998764,40.640676999729656]]]}},{"type":"Feature","properties":{"name":"Middlesex County","state":"NJ"},"geometry":{"type":"Polygon","coordinates":[[[-74.52668499990389,40.55948700032733],[-74.52281299961957,40.55815599966007],[-74.52012700008913,40.55591499970805],[-74.51843499989529,40.55374300023038],[-74.5170690001147,40.5510450002086],[-74.5159069996503,40.54506800007795],[-74.51341500028862,40.541220000303234],[-74.49913499964656,40.532096000012935],[-74.49518799991749,40.52906500008733],[-74.48511500019383,40.515316999836664],[-74.48190200040868,40.51200099971251],[-74.4782140002474,40.51073900024863],[-74.47417399973362,40.51056300010752],[-74.46694700027227,40.50889800031907],[-74.46749399972013,40.50768599999018],[-74.46699499995283,40.502929000265276],[-74.46503499997041,40.5012580000643],[-74.46253799968754,40.50032199979564],[-74.45917900031255,40.49661900008038],[-74.45897900029598,40.49557500005232],[-74.46014000003719,40.49157499996048],[-74.45986300002775,40.49104600015332],[-74.4682090002958,40.4868450001809],[-74.47849899975444,40.48391800007224],[-74.48234400027458,40.48175100024617],[-74.49512000014543,40.46909000003351],[-74.50771500026633,40.461062999839285],[-74.51238900026664,40.456620999953174],[-74.52033799997633,40.451277999844756],[-74.52664700026905,40.44476699971909],[-74.53619000026329,40.43832599972536],[-74.55454599960751,40.430159999705864],[-74.576164000039,40.422304000099814],[-74.58498700033302,40.4181760003389],[-74.58599800028638,40.41651499973547],[-74.58526500016735,40.41081400024077],[-74.58623699976266,40.40649200033905],[-74.58579200042205,40.40242699989136],[-74.58740699972468,40.399262000217995],[-74.5878650003824,40.39413600005441],[-74.58876099980972,40.39313999987487],[-74.5918430000736,40.39202700011803],[-74.59583800038155,40.385733000025596],[-74.60247200036429,40.380770000237156],[-74.61297799973298,40.37575999993653],[-74.62024000025275,40.3737489996733],[-74.6209409996864,40.371107999854104],[-74.62312599979974,40.367936000067836],[-74.62521600037682,40.36312099966757],[-74.62582700029711,40.35639599997823],[-74.62828199984888,40.34599499988659],[-74.62891200003573,40.344990000180566],[-74.63046500031238,40.34406700006104],[-74.63015999981555,40.34258599976316],[-74.63101099993533,40.3401109996965],[-74.62317900040149,40.33430199987511],[-74.62302299986759,40.33195400032196],[-74.62447300021208,40.32883800005371],[-74.62363899981072,40.32903300000811],[-74.62236000006875,40.32824400019742],[-74.6226510003219,40.32531399982538],[-74.6221790003188,40.324501999765936],[-74.62062900041518,40.32417000024131],[-74.61787900041232,40.32501399972664],[-74.6158499999346,40.324936999862935],[-74.61399899973209,40.324586000154184],[-74.61135599985936,40.322952000160264],[-74.61010399988156,40.32315699995654],[-74.60978300038951,40.32248899999335],[-74.60777800020124,40.322063999994455],[-74.60653700009411,40.32111499966689],[-74.60573600020304,40.321614999889896],[-74.60341700019539,40.32143800025904],[-74.60334799970009,40.32046600010909],[-74.60257799977116,40.31996900020388],[-74.60328599977582,40.31865300032279],[-74.60095500007262,40.31710900008726],[-74.6002219999536,40.315444000034915],[-74.59685900038065,40.31456400018736],[-74.59566900032713,40.31507300003259],[-74.59610199997219,40.315472999864284],[-74.59415100021059,40.315971000021555],[-74.59302300008135,40.315577999992584],[-74.59292299962392,40.31496400029438],[-74.58994400019053,40.31467399993928],[-74.58899699981126,40.31376200026673],[-74.58756200043368,40.31364399985377],[-74.58706799979097,40.3131189996676],[-74.58648000033521,40.31357299976717],[-74.58558700038265,40.313241999999036],[-74.58565099995674,40.312504000129714],[-74.58406800044116,40.31186799985916],[-74.58394100021955,40.31123399997174],[-74.58460800021632,40.31105500031344],[-74.58491100016504,40.310380999788734],[-74.58390000021167,40.30987100007398],[-74.58442900011619,40.30911999997062],[-74.58351000022435,40.307947999836934],[-74.58360099956262,40.30690199997504],[-74.58259600035535,40.30692899971215],[-74.5828750000146,40.30608199967271],[-74.58086999982633,40.305855000172265],[-74.5802840000204,40.304136999999834],[-74.57871099965226,40.303984000046775],[-74.57807600034086,40.30348100014542],[-74.57785100020996,40.30422899998386],[-74.57573899989154,40.30406799992961],[-74.57506500022208,40.30351800000699],[-74.57551200011083,40.3029060000436],[-74.5735529999533,40.300933999974475],[-74.57223099965532,40.300965999951465],[-74.57157799990225,40.30023100033844],[-74.5704270002068,40.30011099972619],[-74.57046300019182,40.29957200009096],[-74.56984800007358,40.29994800027735],[-74.56946800013198,40.29957700010353],[-74.56755300035537,40.299920000219],[-74.56481800042114,40.29696599978062],[-74.56377599960732,40.29738400005471],[-74.5623880000854,40.296308000213934],[-74.56134299979688,40.29650999977123],[-74.56095199998461,40.29602599980844],[-74.55896799971272,40.29586599972075],[-74.55890400013861,40.29507999977467],[-74.55840199999831,40.295061999762964],[-74.55873099988628,40.29423600023384],[-74.55800600016318,40.292596000111885],[-74.5566980001089,40.29165600033097],[-74.55625799989285,40.29184600019658],[-74.55670999980445,40.292537000284945],[-74.55602600008925,40.29252899997928],[-74.55512499974076,40.292075999968304],[-74.55545100015398,40.29149199995977],[-74.55500699973997,40.29171800005009],[-74.55485299975417,40.2912799999096],[-74.55351700011082,40.29088799982334],[-74.55270899964873,40.291221000304176],[-74.55121700036975,40.290468000340226],[-74.55132399960155,40.290850999897074],[-74.55050799964187,40.29114499999325],[-74.5466739998907,40.29116499979483],[-74.54459199970954,40.292413999934325],[-74.54218999986122,40.29174300027443],[-74.54200800028633,40.290474000067356],[-74.54154499960575,40.290651000000295],[-74.54157399991806,40.289995999809726],[-74.53991799970925,40.288329999712126],[-74.53975700005076,40.28872000005611],[-74.53806700040508,40.28903799993609],[-74.53831299955405,40.289605000237515],[-74.53660100016704,40.28947100014234],[-74.53376699960027,40.29195599994674],[-74.53435199958128,40.292372999996104],[-74.53395499992126,40.29296199974539],[-74.53228100016908,40.29294700029356],[-74.53203500012178,40.293689999833305],[-74.52814199992108,40.29429999966564],[-74.52651900022254,40.29277099989938],[-74.52584700020287,40.2931069997559],[-74.52455900024009,40.292286000178514],[-74.52374199955717,40.29072900031138],[-74.5215749998855,40.2900339999367],[-74.52169100023646,40.28880899985439],[-74.5232150002008,40.28700899978343],[-74.52287299989405,40.285607999834156],[-74.52213499975214,40.28556999995979],[-74.5224469999217,40.285872999933034],[-74.52207299982788,40.28619400024132],[-74.51996100040779,40.28702500033023],[-74.51740899987333,40.28651900021935],[-74.51490400009286,40.287157000242665],[-74.51273900007101,40.285932000095485],[-74.51250100041962,40.285042000071854],[-74.51175099968387,40.284929999731574],[-74.51122599997731,40.28305400002422],[-74.50986500021958,40.283204999735176],[-74.50894799997755,40.28273200004061],[-74.50852000035538,40.28223800023405],[-74.50882099975594,40.281683999996744],[-74.50698700017018,40.28149000022584],[-74.50672100003142,40.28036000008262],[-74.50466300013969,40.28070500016736],[-74.50304600028893,40.28012299966578],[-74.50259900040018,40.279501000001694],[-74.50162600008164,40.27950799990528],[-74.5005799999682,40.28040099976973],[-74.49892799995732,40.27998100022669],[-74.49889899964501,40.28045499985451],[-74.49782499994245,40.280676999673894],[-74.49592100003652,40.27876699982685],[-74.49472500013523,40.278877000302785],[-74.49399299984114,40.27832499974864],[-74.48930499959714,40.277237000320376],[-74.48686900031194,40.27501099988322],[-74.48199100009715,40.27391400016564],[-74.48496200003295,40.25332500007391],[-74.46430100002647,40.25224499981351],[-74.46101700009625,40.251121999942036],[-74.39859300003587,40.27742800020192],[-74.39797100024494,40.278196000131615],[-74.39346799994887,40.27952400017159],[-74.39271999976125,40.28141200021759],[-74.39415199966407,40.28293900030403],[-74.39491200044559,40.28588399972332],[-74.39423100020512,40.28839000022779],[-74.37754500041511,40.30543199997928],[-74.24789400042263,40.4066050001772],[-74.24791199996599,40.40811800018284],[-74.24886500019304,40.40879899990019],[-74.24948500033413,40.41022800019665],[-74.24947399956515,40.41114200009],[-74.2479630000196,40.412192000072],[-74.24779700033827,40.43119700023215],[-74.23640700033947,40.44344499987146],[-74.23434400042488,40.443811000269314],[-74.23414799970797,40.4432480002669],[-74.23349199958186,40.44314100026747],[-74.23171400007261,40.44534099976536],[-74.23083000034086,40.44572100029111],[-74.2276660000612,40.44463999997677],[-74.22643099980186,40.44466599977671],[-74.22538899988638,40.447901999734775],[-74.22321299999386,40.449392999745925],[-74.22270900020371,40.45130499988854],[-74.22333400036769,40.45213200000039],[-74.22521900000706,40.45256199994403],[-74.22536399977201,40.45298700029238],[-74.22483200039275,40.45330000022458],[-74.2229130004182,40.45230500009712],[-74.22819599979063,40.47762100023009],[-74.25303600022808,40.48666000014258],[-74.25884300038047,40.49887499999904],[-74.2581289996297,40.5087169999171],[-74.254094999862,40.51566100018921],[-74.2460199997556,40.52095800033075],[-74.25028399967708,40.54230000013674],[-74.24748400034382,40.549376999861444],[-74.23141500032189,40.559182000119634],[-74.21800300041636,40.557057999926236],[-74.21457499964777,40.56053299989416],[-74.21014400022004,40.57372399965953],[-74.2072419998812,40.587914999974714],[-74.20329099995419,40.593041999793996],[-74.21084499965369,40.597563000069265],[-74.21206099964644,40.59961599975696],[-74.21265599967322,40.603171999809746],[-74.21463999994509,40.60414899967276],[-74.21642400020043,40.60357299970614],[-74.21767299980516,40.6012899996896],[-74.21955599979472,40.60042899984335],[-74.22722300037043,40.59979700014606],[-74.23017199966661,40.598787999769975],[-74.23342200015998,40.59958700022563],[-74.23461100038857,40.601952999915156],[-74.23563900006036,40.60252199975056],[-74.23737200026208,40.6024419999045],[-74.23952100039041,40.600495000090966],[-74.24286800006985,40.599455999834],[-74.25313499996227,40.60079699987592],[-74.25506499980747,40.60206800012141],[-74.25768900031197,40.602276000003705],[-74.25955899988271,40.59731300001731],[-74.29098999974687,40.59192500025295],[-74.29994799976011,40.59811999985178],[-74.3053259995671,40.600585999788095],[-74.30313399978107,40.605711000244014],[-74.30479900021072,40.60666999987792],[-74.30296200025192,40.60727599985138],[-74.30292100024404,40.608683000210505],[-74.45624900038462,40.595858999820074],[-74.45846600028501,40.59480500004096],[-74.46329099989804,40.59918700020865],[-74.46617200032047,40.599094000129526],[-74.46614300000816,40.59779099982001],[-74.46725799971858,40.59866000032301],[-74.46866299985723,40.59795799988299],[-74.46984000039025,40.59843599984859],[-74.4709540002758,40.59770099967028],[-74.47368699966191,40.59710600033082],[-74.47478899985185,40.59637700030572],[-74.4749339996168,40.59556500002665],[-74.47650500033514,40.595137999680865],[-74.4779389998878,40.59315100026444],[-74.48070099958623,40.59149200032898],[-74.48222999957343,40.58995200030155],[-74.48564900012123,40.58882400017034],[-74.48583599971896,40.5882020000743],[-74.48638100041532,40.58847100023796],[-74.48884000016504,40.58800300016234],[-74.48936200039687,40.58700099987691],[-74.4901120002343,40.58726500028946],[-74.4904989998486,40.586525999668055],[-74.49118000008907,40.58670700002053],[-74.49118400028702,40.58754200019629],[-74.49283200009994,40.58749000008204],[-74.49398600016843,40.587194000131085],[-74.49452299957055,40.586444000244185],[-74.49782999996533,40.58634000031446],[-74.49807600001262,40.5858020001818],[-74.49923799957872,40.58617799977377],[-74.49947000028062,40.58691999977396],[-74.50039500002026,40.586565999916246],[-74.50011700018592,40.58571499994784],[-74.50194900012184,40.585468999756024],[-74.50137800038453,40.58492700027273],[-74.50234900015492,40.58400599993034],[-74.50312400010672,40.58497800020108],[-74.50386300007352,40.585037999906504],[-74.50457600010104,40.5861739999997],[-74.5052559996183,40.58625500032394],[-74.5064380001742,40.58568200004121],[-74.50703300020093,40.584504000090206],[-74.5079310001764,40.58499499971378],[-74.50978099965567,40.58418600013655],[-74.51037700040565,40.58271599974092],[-74.51342600015924,40.581200000002454],[-74.51622800004067,40.58127800033057],[-74.51627400007142,40.58051899986067],[-74.51509400006364,40.57999699987618],[-74.51594600000834,40.57853300021701],[-74.51920099962628,40.576057000329804],[-74.52080199958353,40.57417800001224],[-74.52269799999186,40.573383999743626],[-74.52190299994857,40.57239599988081],[-74.52324000031516,40.57106100002447],[-74.5231449998806,40.57021600007242],[-74.52389200024331,40.569726000146616],[-74.52359799961714,40.56877100025796],[-74.5258610004466,40.56844399989486],[-74.52443500039152,40.5622630000149],[-74.52491999991511,40.56075699970048],[-74.52666900001036,40.56072699988565],[-74.52668499990389,40.55948700032733]]]}},{"type":"Feature","properties":{"name":"Morris County","state":"NJ"},"geometry":{"type":"Polygon","coordinates":[[[-74.43017200003801,41.0201740000748],[-74.43504000020705,41.02002099973441],[-74.43313100027825,41.02541100021956],[-74.42768999982374,41.031891000227326],[-74.42689599960539,41.03414000029605],[-74.42703299987272,41.03617800010419],[-74.42864499970062,41.03758899976495],[-74.43262199956689,41.03786999987243],[-74.43344900029557,41.03855399993304],[-74.433129999555,41.039402999690765],[-74.43577900017387,41.04053699985102],[-74.43601099997744,41.04157999988434],[-74.4375569996831,41.04225999985987],[-74.43772200043786,41.042970999746544],[-74.44027900009688,41.04355900002755],[-74.4413799995636,41.045573999833245],[-74.4419069998183,41.050430000087246],[-74.44337800007919,41.051385999859185],[-74.44357300007286,41.0525780000426],[-74.44526699991653,41.05225999990768],[-74.44590399977608,41.05262700028248],[-74.44691399990452,41.05442599978968],[-74.44963299994524,41.0540879999166],[-74.45251099999462,41.05260500020691],[-74.456783000312,41.051961000217155],[-74.46127300018928,41.052024999934446],[-74.46260999965756,41.05078000003967],[-74.46449900039319,41.05030900028227],[-74.46630600021477,41.04896400015824],[-74.47013199957,41.04775700022552],[-74.4707800001985,41.0481220000776],[-74.47597100040774,41.047868999732806],[-74.47713999964654,41.047286999791105],[-74.47646299960402,41.046802999828],[-74.47941400034665,41.045696000201254],[-74.4813109996816,41.045508999950215],[-74.48205399984634,41.044613000294284],[-74.4816990000191,41.043985000177834],[-74.48203100028013,41.04307499974544],[-74.48261600026113,41.04353999968467],[-74.48327800023503,41.04279700026692],[-74.48374900041323,41.043180000281154],[-74.48493699991859,41.042853999890085],[-74.48508699970643,41.04209400017733],[-74.48574799985542,41.04208299973456],[-74.48720800024566,41.04010099971492],[-74.4873100003529,41.0393580000934],[-74.48882900029439,41.03907000031532],[-74.4882469997881,41.03878699972938],[-74.4883940001012,41.03838600019626],[-74.4898650003621,41.03839900009441],[-74.49080400034543,41.03735499968121],[-74.49184000041316,41.03782700011455],[-74.49280500033576,41.03725600002085],[-74.49405700031355,41.0372319999986],[-74.49427700042156,41.036955999791644],[-74.49367099962585,41.03671799968072],[-74.49404899991762,41.03625499990927],[-74.4965100002155,41.03574700023599],[-74.49712500033372,41.03522100014066],[-74.49694500040867,41.03441499995604],[-74.49735799996223,41.034111999847326],[-74.49898900005668,41.035008000167615],[-74.49977499987916,41.03803200031516],[-74.50199699980242,41.039032999829026],[-74.50101400033647,41.04042399999512],[-74.50163000027962,41.041075000143856],[-74.50169200020389,41.04209800033784],[-74.50000000001005,41.04471699973084],[-74.49863599987928,41.048394999695894],[-74.4978569997295,41.053197999792665],[-74.49506499989386,41.06125599974771],[-74.49321299986644,41.06306300013634],[-74.48887699997496,41.064641000231646],[-74.48742400015573,41.0658770000909],[-74.48737700030006,41.06754000010752],[-74.48909200006011,41.071805999818864],[-74.48803400025109,41.074702000066836],[-74.48683499997675,41.07644499976188],[-74.48850999955384,41.07803099970435],[-74.49000500010418,41.07767500013958],[-74.49180000023019,41.078186000304754],[-74.4939419997875,41.08060199986432],[-74.49585499991427,41.08116700020803],[-74.49588800042454,41.08229799997266],[-74.49866299964346,41.08307600007273],[-74.49951200011341,41.0850539997338],[-74.50048700008176,41.085999000113276],[-74.50321199997028,41.085872999809666],[-74.52193999975847,41.07073400007745],[-74.54776900040798,41.04801600002479],[-74.60634399975027,40.99837100007769],[-74.63237800043916,40.97371700029389],[-74.63219099994309,40.97289299974885],[-74.632888999902,40.97144500007969],[-74.63951899968677,40.96498599988969],[-74.64155999986006,40.96219899990482],[-74.64135300017082,40.959387999696325],[-74.63714899962552,40.95514599973195],[-74.63526999983392,40.95156000028702],[-74.63500500041837,40.947602000159826],[-74.63643999979594,40.94263799991609],[-74.64026900042255,40.9366610001596],[-74.64158099977647,40.93364699979954],[-74.64373800030071,40.93263400018645],[-74.65034399979604,40.93138199978449],[-74.65308499957807,40.929643999879595],[-74.65393499987294,40.928255999788405],[-74.65403600015527,40.92664200021939],[-74.65156399998676,40.92336500027039],[-74.65321400034782,40.92131300029439],[-74.65832000016823,40.9180840001234],[-74.66252100034052,40.918161000104426],[-74.66530999980313,40.91747399981037],[-74.66993299974978,40.91393900033846],[-74.67217999978739,40.91337699977905],[-74.67519099990616,40.91101100029101],[-74.67695199969698,40.91089900033339],[-74.67949699966043,40.90915600000674],[-74.68259300016801,40.90910799967134],[-74.68282099977363,40.90994700016191],[-74.68337099959454,40.910179999766385],[-74.68610399987898,40.90999599989634],[-74.68953199974926,40.90732200030079],[-74.69198399982629,40.907096999867186],[-74.69549000041269,40.90761000006461],[-74.6979120003525,40.90707999966149],[-74.70147099974405,40.90455200006319],[-74.70347900030536,40.901704999858225],[-74.7057690000007,40.901821999751554],[-74.70818699974252,40.90110899979492],[-74.71138299980923,40.899168999837755],[-74.71386900022145,40.899993999942936],[-74.71425699966066,40.90128000016999],[-74.71216899963169,40.904572999921314],[-74.71287199961348,40.90683800017327],[-74.7126110003959,40.90745000027524],[-74.71322399996599,40.90827300021302],[-74.71432899963068,40.90840499983304],[-74.71546900035378,40.90978599990602],[-74.71738800032834,40.910768000257406],[-74.71818500002145,40.91234300024987],[-74.71944500039517,40.91301000031167],[-74.72349900025434,40.914893999855416],[-74.7245670001091,40.91486199992368],[-74.72850999964021,40.9162319998113],[-74.72985100020476,40.919165000127904],[-74.73192800036307,40.920851999895234],[-74.7369220000305,40.918917000152966],[-74.74051499975722,40.919700000033586],[-74.74110999978399,40.92033400000708],[-74.74497500039558,40.91952899977459],[-74.74773399972096,40.91996000011166],[-74.74892399977448,40.9187349999133],[-74.75044000024121,40.918060000146255],[-74.75116800033736,40.91589500018816],[-74.75463300001756,40.91394699992536],[-74.75743999992183,40.913435999926946],[-74.7596400001038,40.91371999972945],[-74.76113999977869,40.91201600026525],[-74.76164799976681,40.91215199978264],[-74.76167100023133,40.91310999987827],[-74.76267299996385,40.91344900003298],[-74.7634629999843,40.913232999714815],[-74.76461399967974,40.91198300032019],[-74.76655100009596,40.91262799996379],[-74.76857899985045,40.911786000285005],[-74.77067699992516,40.90929800008775],[-74.77203699985797,40.90884500028433],[-74.77350499974582,40.907129000162634],[-74.7761929998244,40.905266000324296],[-74.7770230000278,40.90521799988092],[-74.778960000444,40.90642500026946],[-74.77988000016079,40.90327999981191],[-74.78271300000432,40.90251900027021],[-74.78420000015875,40.90086700018429],[-74.78689300026019,40.89978699991075],[-74.78700500041319,40.898622000023316],[-74.79051000027636,40.896209999755705],[-74.7904759999412,40.893172999676686],[-74.79230700005219,40.889839000180665],[-74.79490600044231,40.88861099983383],[-74.79931199975569,40.88798800027146],[-74.80007500001192,40.887074999935265],[-74.80394899994606,40.885712000323615],[-74.80502500019674,40.884293000025934],[-74.8061270003867,40.883723000330676],[-74.80637000006094,40.88222000026889],[-74.8073679995955,40.881715000202945],[-74.80694099979824,40.87787999983209],[-74.80593499986774,40.87622700002687],[-74.80566600025425,40.87478599980903],[-74.80632700040324,40.872564999947706],[-74.80829499988329,40.86948599994691],[-74.80658199977304,40.867157000202354],[-74.80217700028459,40.86453400010354],[-74.80194200010796,40.86389799980909],[-74.80370000042402,40.86106099968966],[-74.80445399956112,40.8613849999965],[-74.80530300003109,40.860902000173475],[-74.807683999963,40.861096000036106],[-74.80935199986739,40.86012599979647],[-74.80972699978612,40.85832000008366],[-74.80923899988949,40.85671600024861],[-74.81011500012363,40.855617000139674],[-74.8099999995976,40.85436500020842],[-74.81277899991277,40.85216899996867],[-74.81460599982583,40.85097399980237],[-74.81698699975775,40.850954000142174],[-74.81871800030964,40.84979299977072],[-74.821039999792,40.84962099997373],[-74.82157899974226,40.84918399985229],[-74.82224499991413,40.84544200015711],[-74.82368400038797,40.84443100022521],[-74.82382499995498,40.84379099995586],[-74.81964999972196,40.84088699996539],[-74.81994299962493,40.83949399999206],[-74.81865899986009,40.838471999972505],[-74.8186100003546,40.83648500015939],[-74.82351899963322,40.83437000020749],[-74.82607399964242,40.83229399997314],[-74.82760900037573,40.8321949997574],[-74.83021399971531,40.829328000039034],[-74.83134299966945,40.82884799997344],[-74.83202499973484,40.8268909997809],[-74.83013599989751,40.8257079996825],[-74.83018699995114,40.824757000200066],[-74.83205099967411,40.82403200007408],[-74.83476700024009,40.82202400030761],[-74.83506000014306,40.81914199969007],[-74.84010499986411,40.81579000019344],[-74.84253799967455,40.811583000009],[-74.844721999963,40.810818999757046],[-74.84682500006056,40.81084299987388],[-74.84646699986028,40.808243999713405],[-74.84743500015593,40.80792400009318],[-74.85051300022184,40.80395599994939],[-74.85194299957655,40.80337700015007],[-74.85486500000685,40.80419599971016],[-74.85891100036844,40.80132700017008],[-74.85999000009384,40.801020000265275],[-74.86159000022619,40.80328300022987],[-74.86438700008472,40.803163000167196],[-74.86583599970598,40.801896000081896],[-74.8655339995822,40.80080499986527],[-74.86695799998742,40.796817000125415],[-74.8692710001473,40.79510300003268],[-74.87176699970694,40.79452800006451],[-74.87357400042681,40.79468699966916],[-74.87610199977351,40.79356500030127],[-74.87728400032941,40.7921529999459],[-74.88007699998997,40.79078599996582],[-74.88433400023875,40.79138700024813],[-74.88923400019485,40.78883000029251],[-74.88981900017585,40.787729000077896],[-74.84406800038501,40.75858399981936],[-74.84302399992137,40.756021000309595],[-74.82748399980395,40.74407199970265],[-74.8236309997862,40.742210000179604],[-74.81706799994859,40.742890999968566],[-74.81310899962565,40.74190100028746],[-74.81305799957202,40.74131499968814],[-74.80822799993612,40.74114199987726],[-74.80355899995871,40.741793000198044],[-74.79861399979677,40.74171200001591],[-74.79797299973926,40.74218599975703],[-74.79367600020583,40.74033900027355],[-74.77098900009467,40.73604800027251],[-74.75289999981584,40.73112899969731],[-74.74418000035229,40.726417000064956],[-74.74250200040217,40.72605799999773],[-74.74093800025486,40.72402099978086],[-74.73733299993424,40.72161900029444],[-74.73270400013979,40.72008199970065],[-74.72549400039688,40.71956700004245],[-74.55601799969332,40.75828799974625],[-74.5552069997565,40.75690100013329],[-74.5532140001621,40.75639300028615],[-74.55195200013858,40.75480200026207],[-74.55211100014724,40.75407399985133],[-74.55149000018122,40.753389999938015],[-74.55195700016147,40.752883999799586],[-74.55087599988791,40.750980000193536],[-74.55198899994849,40.75064000023806],[-74.55289199994684,40.74953199996823],[-74.55205400024583,40.74834300001817],[-74.55069799961267,40.74807900018255],[-74.54991000014037,40.74716900015639],[-74.5491090002493,40.747044999752674],[-74.54871099986605,40.746119000305804],[-74.54940899982495,40.74506000018528],[-74.54901700018779,40.744415999714825],[-74.54940200015226,40.74309500010123],[-74.54877699998828,40.74216400032626],[-74.54906099967042,40.741160000307424],[-74.54778100010354,40.73832000008256],[-74.54813299955772,40.73792600026032],[-74.54767599962324,40.73698699974634],[-74.54866099963732,40.736157000070065],[-74.54935000027372,40.73385300032523],[-74.5473069995523,40.733783000087385],[-74.54350399976327,40.73456900031778],[-74.54131799982503,40.733562000175716],[-74.53997999963353,40.73380500024787],[-74.53875799979296,40.732370000038046],[-74.53664999967252,40.73172000005467],[-74.53644999965599,40.73111399991368],[-74.53570499984141,40.731197000035614],[-74.53446600028242,40.73031499974286],[-74.53089299974886,40.72985399988796],[-74.53059399999812,40.72735099977961],[-74.52926500002744,40.72664899978183],[-74.52995899978839,40.726236999903534],[-74.53150500039234,40.7212669997919],[-74.53122800038291,40.71968300002627],[-74.52884800027591,40.719186999736316],[-74.52907300040683,40.718382999822],[-74.52842300012847,40.71812200009418],[-74.52874699999357,40.71761800028298],[-74.52751900030523,40.71666400018758],[-74.526355000191,40.71651300002981],[-74.5260379999986,40.71576499970351],[-74.52470999985283,40.716115999811784],[-74.52410899997831,40.715617999742726],[-74.52420299968962,40.7133460003207],[-74.52685099958524,40.71088200012494],[-74.52619799983216,40.709441000171275],[-74.52541399965952,40.70958499990472],[-74.5248830001052,40.70873300001682],[-74.52359900034035,40.70841499969633],[-74.52198699961414,40.708672999738525],[-74.52142199972462,40.70784500031947],[-74.51990100013333,40.707151999960395],[-74.51972000038336,40.70642099995654],[-74.518589999706,40.70625800017975],[-74.51789599994505,40.7055729998819],[-74.5175839997755,40.70430199966196],[-74.5165350001873,40.70338599976655],[-74.51678999955712,40.702157999751755],[-74.51541899975366,40.70232899996936],[-74.51387499969782,40.70109699983233],[-74.51444600033344,40.70013100006191],[-74.51340000022,40.69943499977627],[-74.5139919998737,40.699060999746365],[-74.51341699993843,40.69722999966575],[-74.51506999977421,40.69597799984006],[-74.51507899999503,40.69498400026882],[-74.51429800019544,40.69441699993851],[-74.51645200034665,40.69303199988381],[-74.51792400043244,40.693927999825306],[-74.51902999992205,40.693301000220494],[-74.51893500038582,40.69165899977686],[-74.51683399993806,40.69079300001328],[-74.51676199996803,40.68925000004351],[-74.51787500002865,40.68855100000276],[-74.52101699966867,40.68822900025656],[-74.52300900033649,40.689491999839895],[-74.52404899970384,40.6895260001687],[-74.5246579999743,40.68773200003751],[-74.52576900038507,40.68701500033819],[-74.52628099967285,40.685126999875344],[-74.52787900015535,40.684344000328515],[-74.528727999727,40.67991900010915],[-74.52726599968695,40.675517000254565],[-74.52586499974625,40.67332099983646],[-74.52571800033147,40.670487000152626],[-74.52890199980428,40.66935900028384],[-74.53052399967791,40.667020000241024],[-74.53195700030398,40.66700200020371],[-74.53337900016108,40.66792199982575],[-74.53437300039599,40.667246999802444],[-74.53378699969176,40.66633999992347],[-74.53398800043152,40.665469000209626],[-74.53177200035604,40.66579699986859],[-74.5303399995549,40.66529800011128],[-74.52928699976874,40.664308999660506],[-74.52873799977273,40.66262599976461],[-74.52557400039142,40.66074299997219],[-74.52728699960333,40.65897900005848],[-74.52645300010029,40.65807200018537],[-74.52584700020287,40.65603400001568],[-74.52587399996706,40.65457999984317],[-74.5262920004418,40.654103999689845],[-74.52411800019912,40.65445399983242],[-74.52366799993733,40.653969000069125],[-74.52437599994198,40.652939000154596],[-74.52617000024307,40.65198299969239],[-74.52466800002003,40.65116199996648],[-74.52269799999186,40.651751000226824],[-74.52279400025131,40.6508610000292],[-74.52388700022044,40.65016099974313],[-74.52363299977723,40.649422000048894],[-74.52245699996743,40.64912200029536],[-74.51996700025556,40.649882999847264],[-74.5185060000404,40.648447000178685],[-74.51757700010282,40.649072000091735],[-74.51787500002865,40.65017799971635],[-74.51602999967393,40.65013499985589],[-74.51540700005809,40.65109699984135],[-74.51372900010797,40.65038400008994],[-74.51305700008831,40.649544999796554],[-74.51230499970274,40.649591000258965],[-74.51040699964457,40.65038400008994],[-74.51012399978735,40.65170899983192],[-74.50749099996035,40.65272099984893],[-74.50652100001487,40.65517600030403],[-74.50551000006152,40.65565699976666],[-74.50495400039281,40.65683399981414],[-74.50600399980593,40.65850999997928],[-74.50363899976753,40.659656000014294],[-74.50140500014871,40.65876499992571],[-74.49890799986584,40.65938599979867],[-74.49868399955986,40.6597890003245],[-74.4993909997396,40.66068500013029],[-74.49916099958583,40.6613369998678],[-74.49728099996932,40.6612019998914],[-74.49554500029288,40.66203599976732],[-74.49402200015345,40.66104200027224],[-74.49192999992653,40.66143100019483],[-74.49095999998104,40.66324800013255],[-74.49020900031869,40.66358699990782],[-74.48740400006423,40.66370400026252],[-74.48639599958561,40.66256699986346],[-74.48551699987672,40.6623970001567],[-74.4840849999739,40.663439999957546],[-74.48483599963626,40.66554900020874],[-74.4842890001884,40.666065000145814],[-74.4764120004487,40.666470999983716],[-74.4758340001404,40.66686099985693],[-74.47566199971295,40.66787500016456],[-74.47430900035113,40.668072000190136],[-74.47436399970441,40.66888600000894],[-74.47376799985275,40.669308000023754],[-74.47056799958808,40.66800900001005],[-74.46926200008195,40.66800400011217],[-74.46780900026272,40.66908800027173],[-74.46662400023207,40.66921699991702],[-74.46229400018838,40.67150000031422],[-74.46130499997632,40.67328499975197],[-74.4600429999528,40.67414999998148],[-74.45418300009696,40.67408800025408],[-74.45364400014672,40.67531300010615],[-74.45260499970594,40.676153000076994],[-74.45337299998505,40.677174999667855],[-74.45207900017449,40.67809399985773],[-74.4515589995925,40.679316000112614],[-74.4530650000135,40.682527000244555],[-74.45159299992767,40.68570300012128],[-74.45032800042941,40.68604100019957],[-74.4486720002206,40.68545900020857],[-74.44772700038948,40.685643000214405],[-74.44613099955679,40.68653900006131],[-74.44527799978718,40.688040000139914],[-74.44370699996716,40.688047999752065],[-74.44122200027817,40.6895299998857],[-74.43812800031871,40.69019499990428],[-74.43773900015631,40.69076900011915],[-74.43789200031718,40.69191600012554],[-74.43618800042778,40.69241500024296],[-74.43466100009039,40.69353300023619],[-74.43213399967028,40.69295300004451],[-74.43089699976112,40.693335999840095],[-74.43042700030614,40.69388500024397],[-74.4302690001224,40.69621800006279],[-74.42961299999628,40.697036999932436],[-74.43005499986215,40.69792400022684],[-74.42755000008167,40.69997099987281],[-74.42685899979546,40.701813000127025],[-74.42486600020104,40.70184200021361],[-74.4235110002911,40.70304900022753],[-74.42157200022507,40.703169999692406],[-74.41836600011261,40.70520200002906],[-74.41610300018148,40.70547100025682],[-74.41479799960194,40.706116000103414],[-74.41384799974794,40.70727100013597],[-74.41394900003027,40.7082130001217],[-74.41320099984264,40.7098100003118],[-74.41256200033328,40.710244000187366],[-74.41170100016775,40.71031500028844],[-74.41048699982481,40.709480000044685],[-74.4085999996373,40.7100029998071],[-74.40752099991187,40.71193800009019],[-74.40750400019343,40.713262999724726],[-74.4042910004083,40.71543299990973],[-74.40232300002995,40.7179840001767],[-74.39809900029145,40.7178610000239],[-74.39597000025462,40.717223000234675],[-74.39085400038844,40.71828399992831],[-74.39120699966755,40.721316000195806],[-74.3906259998845,40.7256410002059],[-74.38989299976548,40.72608899985994],[-74.3877820001703,40.726183000100576],[-74.38538899964452,40.72443100027035],[-74.38438699991197,40.72441400016577],[-74.38002799955595,40.72781400002629],[-74.37889799977692,40.729291999680186],[-74.37747400027,40.73001899976594],[-74.37998200042352,40.73278300002623],[-74.37973100035336,40.733982999793575],[-74.37774700008146,40.734348000294176],[-74.37452699972533,40.73354099988414],[-74.37119900031246,40.73451499978846],[-74.37064699994342,40.735995000175286],[-74.3715609998124,40.739218000306344],[-74.37240100006153,40.74046800015481],[-74.3720400003865,40.743731000021775],[-74.37070800004278,40.74415499999307],[-74.3689559995745,40.7427739997903],[-74.36648699977903,40.743695999664205],[-74.36479700013334,40.74648700017907],[-74.3677809995896,40.74839599980469],[-74.36761999993112,40.74911600001341],[-74.3620560003513,40.750952999790236],[-74.35963900043437,40.751028999813606],[-74.3584109998477,40.754016999900486],[-74.35761800035256,40.75445400031624],[-74.35807799976179,40.75608199970581],[-74.36120000020864,40.755692999752206],[-74.36532799968766,40.75809899977558],[-74.36783900021423,40.75810100029652],[-74.36709699987439,40.7594180002515],[-74.36762999997687,40.76106499989658],[-74.37032599955305,40.75946000013849],[-74.37239699986357,40.75945100001911],[-74.37413099989021,40.75797399975904],[-74.37556899964082,40.75838200008237],[-74.37491300041302,40.7594899998471],[-74.37556299979303,40.760629999835146],[-74.37740899997266,40.761385999688436],[-74.3757999996195,40.76297999987345],[-74.3736389997956,40.76300000020922],[-74.37250599964351,40.76409599988058],[-74.37059900026283,40.76427599966312],[-74.37002400032758,40.76684299981192],[-74.37197300043935,40.767731000167544],[-74.37009399974947,40.76980499992232],[-74.36954899995143,40.771391999818114],[-74.37048600028493,40.774477999692806],[-74.37104399960344,40.775004000207524],[-74.37275300041405,40.7749760000316],[-74.3729550000804,40.77557799985324],[-74.37177599989755,40.77684000027323],[-74.36941699970693,40.778030000008265],[-74.36862800040976,40.77957000027263],[-74.36681099964413,40.78049000019769],[-74.36647699973328,40.78267599968632],[-74.36706500008735,40.78441399968372],[-74.3667310001765,40.78630900003779],[-74.36701400003372,40.78903199997594],[-74.3661539996931,40.79061600033954],[-74.3670619997143,40.7932859998132],[-74.36617399978458,40.7949419999723],[-74.36520499966402,40.79569999986428],[-74.36411800044098,40.799205000110916],[-74.36158299962497,40.80009599994656],[-74.35973599962044,40.7998999997503],[-74.35596299996865,40.803973999689575],[-74.35090400000388,40.806938999768136],[-74.35090999985167,40.8089630000114],[-74.3499189999898,40.810159000281494],[-74.34979500014124,40.8116059997147],[-74.3491230001216,40.81258899987268],[-74.34736499980552,40.81247800005584],[-74.34406099978379,40.813719000088476],[-74.34084700017374,40.81250700017903],[-74.33886700009981,40.81281600021234],[-74.33777800032864,40.813642000272694],[-74.3371539999896,40.81553900006212],[-74.33498700031791,40.81705199989192],[-74.33219999960681,40.82170199988236],[-74.33425500002382,40.82494400031194],[-74.33490399957891,40.827810000041154],[-74.33289900028895,40.82945599996815],[-74.33001500039178,40.830152000058796],[-74.32913199958662,40.83115200000199],[-74.3287840003304,40.83232099994455],[-74.32971499991781,40.83375900033164],[-74.32995900031528,40.83513599996485],[-74.32902000033197,40.83718000011728],[-74.32879799967579,40.84034300009441],[-74.32946499967257,40.84157599984717],[-74.32741699982658,40.84135599991563],[-74.32658499997336,40.8427319997454],[-74.32547299973766,40.84337099971207],[-74.3269809998085,40.844405000069266],[-74.32844899969633,40.84426600031704],[-74.32912099971598,40.84735100019796],[-74.33036400037125,40.848686999910726],[-74.3276789997674,40.85015099993115],[-74.3268700003787,40.85299400029532],[-74.32523199971324,40.85412399969043],[-74.32610499957434,40.856397000219246],[-74.32525500017776,40.857671999832924],[-74.3223210000519,40.85852499985069],[-74.31913099983298,40.85843699991571],[-74.31899399956562,40.859648000073754],[-74.3209350001798,40.86203099982428],[-74.31989800028718,40.86277799975609],[-74.3185049998441,40.862824999697445],[-74.31733999990495,40.86400899983577],[-74.31748200019517,40.86523800012225],[-74.3191529995743,40.86611299968156],[-74.32047800024533,40.86572100025418],[-74.32058200000239,40.86459399967504],[-74.32115600011275,40.86408800031678],[-74.32533200017068,40.86487099986801],[-74.32624199984168,40.8660849998965],[-74.32794300025635,40.86595900003767],[-74.32957500017574,40.86708899973771],[-74.33221899987339,40.867232999719896],[-74.33282300012097,40.86801800005578],[-74.33232799965333,40.86883499971557],[-74.33277100024243,40.86919100033876],[-74.33492000037076,40.86771600024652],[-74.33614200021131,40.86789600033913],[-74.33653999969624,40.866507000157675],[-74.33721099989098,40.86686700031224],[-74.33765000028212,40.86840199981271],[-74.33653399984847,40.868841000100666],[-74.3366409999786,40.86931199976364],[-74.33801900035307,40.869538000264306],[-74.33823100006518,40.869963999994404],[-74.33601199961666,40.87058700007526],[-74.33750899981683,40.87136499998023],[-74.33764699990908,40.872182999679914],[-74.33669200003222,40.87282400001352],[-74.33476200018701,40.872742999981156],[-74.33439300011608,40.8732390002516],[-74.33685600006376,40.874142999710244],[-74.3378949996062,40.87517799991296],[-74.33742000012836,40.87610999969815],[-74.33527400037309,40.87671000015306],[-74.33522800034234,40.87749200006608],[-74.33781900033654,40.87821400016895],[-74.33846100021896,40.879650000183666],[-74.34042799987408,40.87972700009055],[-74.34040299975972,40.88139100020407],[-74.33821199979862,40.88745099978214],[-74.33978400034184,40.88874699994596],[-74.33985799996168,40.88951000033516],[-74.3386760003041,40.892336000159666],[-74.33573100030758,40.892977999820175],[-74.33666699991785,40.8937670001169],[-74.33904100017709,40.89398099968893],[-74.33848499961007,40.89560400020885],[-74.3374369998468,40.89626200013052],[-74.33480999986759,40.896206000247496],[-74.33397999966421,40.89666899977176],[-74.33476600038497,40.89780499996307],[-74.33764600008416,40.89861299976016],[-74.33712399985235,40.90011600025549],[-74.33491799982262,40.90300699987268],[-74.33429400038187,40.90545999986598],[-74.33352699992767,40.90608700015171],[-74.33085100044296,40.90666799996957],[-74.33108400007147,40.90811800017363],[-74.33032699966301,40.90868500008868],[-74.32932300028065,40.90847600003919],[-74.32792300016487,40.90533100003462],[-74.32498300019122,40.9059119997052],[-74.32552100031654,40.907641000068146],[-74.32741699982658,40.90701699973968],[-74.32784500034707,40.907728999779984],[-74.32595200031177,40.908651999838895],[-74.32325900021033,40.90896999995559],[-74.32250699982474,40.90856800011634],[-74.32313899966141,40.907196000179425],[-74.32289500016225,40.906744000290395],[-74.31971400016417,40.90816000033405],[-74.31882600023445,40.907926999721795],[-74.31857900036225,40.904485000083305],[-74.31892999999152,40.90351000018428],[-74.3184570001635,40.90321299990133],[-74.31450299986345,40.903790000118875],[-74.31206000000725,40.90549399974803],[-74.30969699961867,40.90449400022645],[-74.30712300024122,40.90563799969375],[-74.30541299960572,40.90541900010475],[-74.30324699975897,40.90723600014697],[-74.30237700027091,40.906385999874],[-74.30370799989142,40.90514299992458],[-74.30304599991752,40.9043289998976],[-74.30064700044224,40.904629000189274],[-74.29762299990469,40.905715999986064],[-74.29264500013078,40.90585599984472],[-74.29186900035407,40.90537500008432],[-74.29238200036504,40.9033150002449],[-74.2914070003967,40.90196699967448],[-74.29251899973409,40.901031000179835],[-74.29097600040147,40.899628999856944],[-74.28880700018166,40.89943999966648],[-74.28535099982396,40.9013219999205],[-74.28287299980767,40.9012660002472],[-74.2818479996106,40.900809999978804],[-74.28204799962715,40.89970200030691],[-74.2857890003902,40.89934700030136],[-74.28726700032378,40.89853700028044],[-74.28708099965264,40.8979929998826],[-74.28602700004157,40.897544000153374],[-74.28458400026808,40.8982040001636],[-74.28391999974603,40.89803999994875],[-74.28469700024598,40.89546099969453],[-74.2841359996561,40.89481600032832],[-74.28246600010188,40.89560199975747],[-74.28106500016119,40.897482999690375],[-74.28017899988129,40.89793899980873],[-74.27563399975244,40.89697699978114],[-74.27197499990348,40.897321000124556],[-74.27289600034348,40.89932499997249],[-74.27117099963937,40.90167999991225],[-74.27091100024667,40.90318899995738],[-74.27350700026375,40.906546000201025],[-74.27178099973472,40.90726300012839],[-74.27223600001939,40.90855000025891],[-74.27145000019692,40.9100869998887],[-74.27068799976558,40.91014200023365],[-74.27024000005194,40.908551000288824],[-74.26868400030054,40.90747099989204],[-74.26669099980782,40.90772600033179],[-74.26659700009648,40.90860899996196],[-74.2671329996737,40.910656999886214],[-74.27151399977102,40.915357000252854],[-74.27412300020688,40.91585099967147],[-74.27885699958333,40.91586000030411],[-74.27894500034519,40.91631200032962],[-74.27766999990286,40.91705900001327],[-74.27916000043034,40.918323000212354],[-74.28203599993158,40.91696000021327],[-74.28420299960327,40.91714799998798],[-74.28472400001016,40.91843999989259],[-74.28371399988173,40.919875999822324],[-74.28374800021689,40.92067400029716],[-74.28591200041384,40.92159300018637],[-74.28510200030195,40.92252400005421],[-74.28528499970173,40.92308300012015],[-74.28849599983702,40.92478799985343],[-74.28805599962098,40.92674399971403],[-74.28906800029758,40.927811000200926],[-74.28924599967449,40.928791000083756],[-74.28588300010153,40.93062700016961],[-74.28481199987371,40.93178600005672],[-74.28113299993326,40.938517999992094],[-74.27942099964794,40.943319000121136],[-74.27721899981616,40.95476500007561],[-74.27980099958954,40.9563040002216],[-74.28045000004296,40.957301000238004],[-74.27994799990263,40.96321500020237],[-74.27930900039325,40.965093999663395],[-74.28109799977315,40.96619200033054],[-74.28113299993326,40.96817699967698],[-74.28242099989605,40.97002600017965],[-74.28189000034172,40.9712740001402],[-74.2806919998923,40.9722869998543],[-74.27918299999656,40.97147300003545],[-74.27824700038627,40.97152800015629],[-74.27750800041947,40.97354999971526],[-74.27886499997925,40.97547000032768],[-74.28175300007437,40.97637600028174],[-74.28168799977703,40.979961000075235],[-74.28326500034315,40.979425000292714],[-74.2832200001373,40.978948999835445],[-74.28415099972472,40.97921600019295],[-74.28480000017814,40.97864299995585],[-74.28619299972293,40.978986999810026],[-74.28682600028282,40.97986600014417],[-74.28838000038441,40.97910700015725],[-74.29051899956866,40.97998300001123],[-74.29309100019461,40.97985199991431],[-74.29524399962258,40.97880300030045],[-74.29766899993544,40.97991200000652],[-74.29721799984873,40.98110999998509],[-74.29767300013339,40.98233100000532],[-74.29751300029983,40.98348400032449],[-74.29283299955344,40.98795499999616],[-74.29413700030807,40.99044500021551],[-74.29594499995454,40.99136599987848],[-74.29517099982765,40.99264800000991],[-74.29555199959415,40.99470299966746],[-74.29783600034001,40.996619999990074],[-74.2981440003116,40.99953300001254],[-74.29759100011763,41.00098699991699],[-74.29890699966951,41.00295199983207],[-74.30028199967094,41.00306600022745],[-74.30151699993029,41.00210499982954],[-74.301010999592,41.00035299995686],[-74.30143400008961,40.99924500028689],[-74.30519000002298,40.99932599993438],[-74.30949400012739,40.998408999708694],[-74.31230299968149,40.99952899997786],[-74.31278300008053,41.00043000029665],[-74.31549200007548,41.00237699981547],[-74.32443500002013,41.00102900001764],[-74.32822299974053,41.00116000007891],[-74.33107200037591,41.00279900016893],[-74.33317700012329,41.00293399992999],[-74.33468799966884,41.00361299979783],[-74.33493299989124,41.00629199990966],[-74.33664900037454,41.00760399988356],[-74.33845899967082,41.00724499977464],[-74.34071499992928,41.00576599975919],[-74.34206800018939,41.006922000095436],[-74.34589400044293,41.00481300019808],[-74.35018900032654,41.00397499985759],[-74.35246999980104,41.00579900030449],[-74.35113099978462,41.007249000018874],[-74.35113699963239,41.010493000195744],[-74.3554740002471,41.01391100032082],[-74.35790500040773,41.01349299982042],[-74.35972700029791,41.013993000033246],[-74.36212800032132,41.01383299967305],[-74.36419700008369,41.01093600003464],[-74.36702999992724,41.01192100021028],[-74.37222000031157,41.01139500025583],[-74.37688699974085,41.013922000048446],[-74.37980800034626,41.014260999935416],[-74.38257099986959,41.013922000048446],[-74.38606999988498,41.0118070002209],[-74.38729099990063,41.011693000034306],[-74.38943099980811,41.012346999709045],[-74.39006699984276,41.01310999993618],[-74.38990299981123,41.01433900007643],[-74.39126899959183,41.015954000118874],[-74.39991000031098,41.01737200028944],[-74.40257599974993,41.01920200024156],[-74.40251999967344,41.02053500028003],[-74.40333999983109,41.02041700016402],[-74.40408399982076,41.02224900023986],[-74.40620399963677,41.02417600011088],[-74.41004699960875,41.025088000144365],[-74.4110369996457,41.02625500000835],[-74.4151189999923,41.02794899983764],[-74.41887599975057,41.02872899967657],[-74.423624000269,41.02766600023467],[-74.42689200030574,41.02164499985698],[-74.42815299960601,41.0206730000441],[-74.43017200003801,41.0201740000748]]]}},{"type":"Feature","properties":{"name":"Westchester County","state":"NY"},"geometry":{"type":"Polygon","coordinates":[[[-73.6576149995779,40.9854990000853],[-73.6596709998198,40.98790900031883],[-73.6572279999636,40.990914000128235],[-73.65958499960608,40.99413999996615],[-73.65930900031987,40.99717099967489],[-73.66026800039468,41.000484000005784],[-73.65606499967427,41.00892299991338],[-73.65525499956236,41.012246000096084],[-73.65899200012744,41.017178000010254],[-73.6627559995584,41.020573000008135],[-73.67037700010337,41.03005900002914],[-73.67107400023738,41.031527000004054],[-73.68247299955868,41.04469699972167],[-73.70507299963118,41.07249499986714],[-73.7186750004058,41.089995999785],[-73.72338200001806,41.09443699980385],[-73.72777499981095,41.10069600029421],[-73.65167299970629,41.1360960001335],[-73.48269499984343,41.21277200025087],[-73.51294800024795,41.25009500001904],[-73.5509620000412,41.295420999998456],[-73.5498790001178,41.30152199983394],[-73.54908800027248,41.32513400007198],[-73.54470700017514,41.366539999972005],[-73.66162499995446,41.354978999689415],[-73.982531999667,41.321824000155644],[-73.9832840000526,41.31739300014791],[-73.98098400031154,41.31419300027886],[-73.97748399957291,41.312092999754256],[-73.97178400044896,41.307293000175314],[-73.96698300022706,41.30169300009885],[-73.96448299957116,41.299693000227656],[-73.95518300014946,41.29499299978486],[-73.9490830000941,41.292592999945825],[-73.94658300033652,41.29099300027061],[-73.94588299982945,41.2894930003304],[-73.94578300027034,41.2875929996775],[-73.94748299996179,41.28459300000368],[-73.96418399982039,41.26999299972978],[-73.96688399959457,41.26719299984994],[-73.96968399982613,41.263192999798],[-73.97148399997499,41.259593000336],[-73.97228400004117,41.256193000179465],[-73.9719839995672,41.25149300015529],[-73.97078400036627,41.247893000139996],[-73.9612830002048,41.24199399973734],[-73.9607829997143,41.239393999757986],[-73.96138299976391,41.23419400024996],[-73.95328300044147,41.228993999857195],[-73.9314819997119,41.20499400007505],[-73.92568200013052,41.19519399970254],[-73.92188199981626,41.18659400000479],[-73.91438099982021,41.17419499970471],[-73.91168100004607,41.167795000167985],[-73.90928099984758,41.164395000171424],[-73.9065810000734,41.16189499971176],[-73.89538100004543,41.153995000175904],[-73.89248100025475,41.15059499986267],[-73.8894800001817,41.14509500021825],[-73.8874800000163,41.13829500024096],[-73.88718000044064,41.133095000178784],[-73.88757999957542,41.12879499979255],[-73.8937800000882,41.09329599970681],[-73.89487999973,41.08239600014413],[-73.89478000017088,41.07049600023266],[-73.89387999964731,41.05789600022175],[-73.89037999980698,41.045796000023245],[-73.88937999972428,41.03759699995583],[-73.89007900040643,41.02259700028824],[-73.89357900024675,41.00529699975481],[-73.89398400030268,40.99717199971931],[-73.89362799975223,40.997165000085786],[-73.89614400030167,40.981872999729994],[-73.90846300023804,40.947879999699914],[-73.9142529997737,40.92795999976817],[-73.91831699967862,40.917705000258394],[-73.85939300035686,40.90038100003673],[-73.85940400022751,40.90137800022532],[-73.85900300036951,40.90147799973026],[-73.85960400024406,40.90217800017924],[-73.85909700008084,40.90247099986992],[-73.85830200003755,40.90207700024689],[-73.85719900002269,40.90287800000926],[-73.85732100022143,40.90501699972507],[-73.85620399996286,40.905090999742036],[-73.85632399961345,40.9061659999804],[-73.85410400023832,40.90667899993208],[-73.85380200011454,40.90717899999919],[-73.8539829998645,40.90800500002983],[-73.85488099983996,40.908217000315155],[-73.85434199988971,40.90897400004983],[-73.85293500010121,40.90991899990944],[-73.85218400043885,40.90951499969899],[-73.85112300025679,40.91000899999988],[-73.85352799957984,40.90746500029314],[-73.85098699981435,40.90653999983931],[-73.85013800024271,40.90749599968578],[-73.8449489996833,40.90555599968764],[-73.84491100004846,40.90419000029692],[-73.84138600009378,40.904174000119035],[-73.84078699986907,40.90169300029274],[-73.83918500008693,40.8993599997824],[-73.8397180001894,40.8975109997763],[-73.83840699976207,40.894060999966754],[-73.82237500044836,40.889477000025096],[-73.82330400038595,40.89005700011433],[-73.8232440001115,40.89119900015432],[-73.74806000007376,40.87172099990743],[-73.61288499978615,40.95094299982573],[-73.6576149995779,40.9854990000853]]]}},{"type":"Feature","properties":{"name":"Sussex County","state":"NJ"},"geometry":{"type":"Polygon","coordinates":[[[-74.83212299964411,41.283815000008474],[-74.83836099979173,41.277293999821815],[-74.83957099993673,41.275091000198046],[-74.84060000033175,41.2715849998162],[-74.84636700030117,41.26284299980898],[-74.84636200027829,41.26163999985606],[-74.84488299962148,41.25812999987752],[-74.84659699955662,41.25359400009522],[-74.84859800044525,41.25142800012654],[-74.85494299982466,41.250399999894206],[-74.85730700003813,41.24892099997061],[-74.8614089995779,41.24307499988841],[-74.86205100035863,41.24102300024995],[-74.86191099971823,41.238478999805096],[-74.86233400021585,41.23743099975776],[-74.86692500037547,41.231382000202025],[-74.86763400020504,41.228620000032],[-74.86724199966956,41.227011999700466],[-74.86551100001597,41.22510199990589],[-74.86083700001569,41.2223180000004],[-74.85932300009708,41.22050700031946],[-74.85925100012707,41.21943200018968],[-74.86056500002911,41.2169870000723],[-74.86897800024434,41.20611800022135],[-74.87479299989432,41.19723899997625],[-74.87819800019838,41.19046900000293],[-74.87902500002873,41.18651099997247],[-74.88263799984695,41.180380000021025],[-74.88998800023026,41.17321699986603],[-74.89994299995315,41.16630999988169],[-74.9031149997304,41.158747000281544],[-74.90525600036113,41.15566799973042],[-74.91670800028419,41.144832999857364],[-74.92037899982873,41.142287000070354],[-74.92377900010992,41.13801099986892],[-74.93195999962322,41.13340800032295],[-74.93850999994036,41.13121200024061],[-74.94243800030117,41.130784000158066],[-74.94449799984271,41.12997399966337],[-74.94756900023593,41.126705000154374],[-74.94741100005218,41.123732999994964],[-74.95216399969519,41.12077699967316],[-74.95845600026948,41.11790699999275],[-74.96323300020191,41.11467599985561],[-74.96541699959204,41.1138689997327],[-74.9694620001287,41.11396099973529],[-74.97358999960773,41.11318600016185],[-74.97998500011418,41.110506999665894],[-74.98200000034821,41.10849000004425],[-74.98395500030777,41.104308999673776],[-74.98712999955974,41.09997199967482],[-74.98886699995944,41.09601999980939],[-74.99138699980851,41.09315500006704],[-74.99201500034555,41.09039500027069],[-74.991815000329,41.0891320002385],[-74.98955400004769,41.08826800016342],[-74.98478200013813,41.08854499975019],[-74.98131400008484,41.08985999978858],[-74.97688899960659,41.09317999993881],[-74.97203600040447,41.09556199989564],[-74.9694339996413,41.09607400033376],[-74.96746399961312,41.09532700030998],[-74.76942499994738,40.91093400012839],[-74.76849900038282,40.91184299985585],[-74.7662389999264,40.91272400024109],[-74.76461399967974,40.91198300032019],[-74.76305499955528,40.91341899999326],[-74.76167100023133,40.91310999987827],[-74.76164799976681,40.91215199978264],[-74.76125299975659,40.912006999788126],[-74.7596400001038,40.91371999972945],[-74.75743999992183,40.913435999926946],[-74.75463300001756,40.91394699992536],[-74.75116800033736,40.91589500018816],[-74.75044000024121,40.918060000146255],[-74.74892399977448,40.9187349999133],[-74.74773399972096,40.91996000011166],[-74.74497500039558,40.91952899977459],[-74.74110999978399,40.92033400000708],[-74.74051499975722,40.919700000033586],[-74.7369220000305,40.918917000152966],[-74.73192800036307,40.920851999895234],[-74.72985100020476,40.919165000127904],[-74.72850999964021,40.9162319998113],[-74.7245670001091,40.91486199992368],[-74.72349900025434,40.914893999855416],[-74.71944500039517,40.91301000031167],[-74.71818500002145,40.91234300024987],[-74.71738800032834,40.910768000257406],[-74.71546900035378,40.90978599990602],[-74.71432899963068,40.90840499983304],[-74.71322399996599,40.90827300021302],[-74.7126110003959,40.90745000027524],[-74.71287199961348,40.90683800017327],[-74.71216899963169,40.904572999921314],[-74.71425699966066,40.90128000016999],[-74.71386900022145,40.899993999942936],[-74.71151699970353,40.89916799966592],[-74.70818699974252,40.90110899979492],[-74.7057690000007,40.901821999751554],[-74.70347900030536,40.901704999858225],[-74.70147099974405,40.90455200006319],[-74.6979120003525,40.90707999966149],[-74.69549000041269,40.90761000006461],[-74.69198399982629,40.907096999867186],[-74.68953199974926,40.90732200030079],[-74.68610399987898,40.90999599989634],[-74.68337099959454,40.910179999766385],[-74.68282099977363,40.90994700016191],[-74.68259300016801,40.90910799967134],[-74.67949699966043,40.90915600000674],[-74.67695199969698,40.91089900033339],[-74.67519099990616,40.91101100029101],[-74.67217999978739,40.91337699977905],[-74.66993299974978,40.91393900033846],[-74.66530999980313,40.91747399981037],[-74.66252100034052,40.918161000104426],[-74.65832000016823,40.9180840001234],[-74.65280000007101,40.921654999963245],[-74.65156499981168,40.923546000175705],[-74.65403600015527,40.92664200021939],[-74.65393499987294,40.928255999788405],[-74.65308499957807,40.929643999879595],[-74.65034399979604,40.93138199978449],[-74.64373800030071,40.93263400018645],[-74.64158099977647,40.93364699979954],[-74.64026900042255,40.9366610001596],[-74.63643999979594,40.94263799991609],[-74.63500500041837,40.947602000159826],[-74.63526999983392,40.95156000028702],[-74.63714899962552,40.95514599973195],[-74.64135300017082,40.959387999696325],[-74.64155999986006,40.96219899990482],[-74.63951899968677,40.96498599988969],[-74.632888999902,40.97144500007969],[-74.63219099994309,40.97289299974885],[-74.63237800043916,40.97371700029389],[-74.60634399975027,40.99837100007769],[-74.54776900040798,41.04801600002479],[-74.52193999975847,41.07073400007745],[-74.50167899978509,41.08718100028939],[-74.42126000005553,41.16053399974756],[-74.39000900011645,41.185795000073895],[-74.38312900008641,41.19073200027345],[-74.36751000032625,41.20324099994721],[-74.39710900025449,41.218721999884494],[-74.45786200003742,41.24842700016014],[-74.49126299992975,41.26346900001377],[-74.5398359996935,41.28673300026996],[-74.69557999992607,41.357607000098184],[-74.69774599977283,41.35574799976021],[-74.70009699956752,41.35465499974619],[-74.70726100017801,41.35321999968309],[-74.71914800029424,41.34796000006911],[-74.72595100033138,41.34619200012317],[-74.72942699988224,41.34582600015961],[-74.7362039999801,41.34655499969123],[-74.74380399971034,41.34620699998936],[-74.74876499976581,41.34658100012141],[-74.75239799967551,41.34653600009658],[-74.75509699962475,41.34587200013172],[-74.76032700019204,41.34032800030391],[-74.76213099964056,41.335777000185686],[-74.76300799969961,41.33195700020374],[-74.7666389999595,41.32815700014003],[-74.77347100030894,41.324519999828375],[-74.78413900005937,41.324285000180836],[-74.79158399997891,41.323019000084166],[-74.79321599989831,41.32223599987371],[-74.79577799958018,41.32011899990141],[-74.79617799961328,41.31875899972654],[-74.79199900008061,41.31344199985469],[-74.79171799987323,41.31217199974838],[-74.79217099960975,41.31084100025404],[-74.80742799986996,41.302811999869505],[-74.81203300027329,41.29815800004884],[-74.81560599990853,41.29607299995968],[-74.82247699971772,41.29359500015907],[-74.83002700011757,41.28744100020502],[-74.83212299964411,41.283815000008474]]]}}]}