{"type":"FeatureCollection","features":[{"type":"Feature","properties":{"ntaname":"Greenpoint","boroname":"Brooklyn","ntatype":"0"},"geometry":{"type":"Polygon","coordinates":[[[-73.9321339742769,40.72815960343333],[-73.93412337223698,40.726855471981494],[-73.93739261341217,40.72433235569545],[-73.94022123583078,40.722891505769304],[-73.94195633562913,40.72165231973291],[-73.94560358883406,40.71956728591912],[-73.94721341744695,40.7185609861182],[-73.9484163847295,40.71845553312268],[-73.949078166846,40.722540287202506],[-73.94986599463653,40.72217948424754],[-73.95064594201138,40.72170569378428],[-73.95164632164285,40.7234858574838],[-73.95477662815335,40.722459504667775],[-73.95771989051025,40.724284957359174],[-73.95814292286852,40.724404284904594],[-73.95803916741664,40.72442744087881],[-73.95794183489497,40.72464920270007],[-73.95795096213239,40.725036439168576],[-73.95835177078861,40.725198057301895],[-73.95842611843923,40.72540053583232],[-73.96012497133214,40.72531963713966],[-73.9602854494424,40.72594812191056],[-73.96106343511704,40.725844899185674],[-73.96161518769874,40.725865563073995],[-73.96161716897699,40.72666142199097],[-73.96149920017228,40.726751091125145],[-73.96141826820894,40.72735617970488],[-73.96114159246403,40.728103725404516],[-73.96101688070596,40.7287044401017],[-73.96142843631839,40.73094639311274],[-73.96226340357227,40.73291555162347],[-73.96234062194122,40.73338922663305],[-73.96228520236957,40.734047695374265],[-73.9620903444991,40.73450799787379],[-73.96157494306718,40.73517961543138],[-73.9598293114781,40.73706090113593],[-73.95763409606995,40.73853811826415],[-73.95693002865116,40.7388870730717],[-73.95476314020421,40.739123535053864],[-73.95292355724182,40.738934942395375],[-73.9504645828052,40.738309580795224],[-73.94812291657021,40.73739715511119],[-73.94809172682231,40.73746770536749],[-73.94652352854825,40.73692685345575],[-73.94644229140823,40.7367806267659],[-73.94719983367118,40.73535517811432],[-73.94706532915387,40.734401992819414],[-73.94659806707352,40.734442224347475],[-73.94673908072924,40.73528269434377],[-73.9462474829688,40.73616616572973],[-73.9458731056285,40.73610183176089],[-73.94557048457176,40.73661230441316],[-73.94554528419137,40.73653783285444],[-73.94520743701761,40.736508851018876],[-73.94522012115128,40.736444006221625],[-73.94507806672308,40.73639349768502],[-73.94499908889487,40.73643669371279],[-73.94525492279523,40.73589278950653],[-73.94518507181276,40.73547915318058],[-73.94503299031923,40.73542861568352],[-73.94477272080722,40.7359857617799],[-73.94451542117442,40.736284390390374],[-73.94239443542429,40.7354257499477],[-73.94173819523785,40.73495071791742],[-73.9417630650352,40.734859382318625],[-73.94160658196863,40.73468770216404],[-73.94154566832448,40.73473433593498],[-73.94114746701952,40.73415292753774],[-73.94099746533847,40.73379048555564],[-73.94115615809413,40.73374890961004],[-73.94103843274782,40.73348826020316],[-73.94092914681445,40.73351139187738],[-73.94081817225852,40.73324890944042],[-73.94072561988925,40.733291185406905],[-73.94056868930251,40.73305849425783],[-73.94068491601382,40.73301707662212],[-73.94036658952952,40.73221258691498],[-73.93981322625451,40.73115268891224],[-73.93810334960666,40.729728519521515],[-73.93693124799917,40.72910809076316],[-73.93492926391922,40.728543915250576],[-73.93325729805608,40.72824070281494],[-73.9321339742769,40.72815960343333]]]}},{"type":"Feature","properties":{"ntaname":"Williamsburg","boroname":"Brooklyn","ntatype":"0"},"geometry":{"type":"Polygon","coordinates":[[[-73.95875928169882,40.72454135436975],[-73.95771989051015,40.72428495735922],[-73.9547766281533,40.7224595046678],[-73.95164632164274,40.723485857483844],[-73.95064594201132,40.72170569378428],[-73.94986599463648,40.72217948424758],[-73.94907816684606,40.722540287202506],[-73.9484163847295,40.71845553312268],[-73.947213417447,40.7185609861182],[-73.95114433611649,40.716034521288385],[-73.95348472098757,40.71407020807855],[-73.94937231784627,40.714066878309616],[-73.94865533445751,40.709724983182085],[-73.95087492513105,40.70951311519786],[-73.95023693669857,40.705473246654364],[-73.95191055633244,40.70636007892376],[-73.95790430738548,40.70842717347024],[-73.9583843230117,40.70767669079905],[-73.95845576706577,40.707251847445455],[-73.96327873711,40.70772929902124],[-73.96838331338861,40.70682937339333],[-73.96929296282453,40.707093331095564],[-73.96984864757465,40.70800304219027],[-73.96994196544557,40.709302053353746],[-73.96960541242258,40.710270844377234],[-73.97006904814343,40.71044775547741],[-73.96998124650356,40.71052634411859],[-73.96966186412774,40.71049972413709],[-73.96963105995326,40.71065694699295],[-73.9697746079078,40.71068625492641],[-73.96977143539952,40.71078396569379],[-73.96937429888523,40.711020666565425],[-73.96990773027578,40.71126812183884],[-73.96931038443972,40.71110785338401],[-73.96923492843203,40.71124054194077],[-73.96929101464106,40.71127019981487],[-73.96923352673905,40.711433132789026],[-73.96914483137444,40.71145699504995],[-73.96881612013829,40.712251947706584],[-73.96883817598504,40.71238964192895],[-73.96894079213784,40.71241877295047],[-73.96887248369427,40.71257874393876],[-73.96866605645896,40.712857193491466],[-73.96849847422234,40.71280690373655],[-73.9684423186838,40.71293843489016],[-73.96855971697906,40.71298731117575],[-73.96850672487408,40.71310547239188],[-73.96884924750051,40.71321254596024],[-73.96736391567337,40.716483679557655],[-73.96724034396114,40.71658788605862],[-73.96725983334314,40.71667097606076],[-73.96710503918193,40.716908393254386],[-73.96725113674303,40.71698666660909],[-73.9663133012496,40.718316541409905],[-73.96619833808185,40.71825471275442],[-73.9651195032813,40.719226894499926],[-73.96531754117373,40.71941117001325],[-73.96540174992609,40.71962055563402],[-73.96527360864145,40.72012467103432],[-73.96503278262037,40.72037706947495],[-73.96447946223105,40.720036188255804],[-73.96433359604634,40.72020832018278],[-73.96444754853565,40.7202769744086],[-73.96433475398028,40.72038653941379],[-73.96439735573543,40.720441834929],[-73.9635385534846,40.72157337851438],[-73.96343759486852,40.72155909516234],[-73.96296566336947,40.72203447712286],[-73.96275665356569,40.722399015796206],[-73.96223504876234,40.7235702592651],[-73.9618942664612,40.724106702101025],[-73.96165984235257,40.72486045496563],[-73.96211461478755,40.72514806339883],[-73.96190239555042,40.725320500811],[-73.96153679314662,40.725108918600874],[-73.96116366236231,40.72526460683582],[-73.96043230240606,40.72511410866073],[-73.95875928169882,40.72454135436975]]]}},{"type":"Feature","properties":{"ntaname":"South Williamsburg","boroname":"Brooklyn","ntatype":"0"},"geometry":{"type":"Polygon","coordinates":[[[-73.95023693669857,40.70547324665432],[-73.94193078816194,40.70072523469566],[-73.95701993123406,40.69897391434975],[-73.96283963628261,40.69803866900987],[-73.9621797802308,40.70022071110671],[-73.96720961954568,40.704255709153244],[-73.96761547724712,40.70496163605701],[-73.96838331338871,40.7068293733933],[-73.96327873711004,40.70772929902124],[-73.95845576706587,40.707251847445455],[-73.95838432301176,40.70767669079905],[-73.9579043073856,40.70842717347024],[-73.95191055633244,40.70636007892371],[-73.95023693669857,40.70547324665432]]]}},{"type":"Feature","properties":{"ntaname":"East Williamsburg","boroname":"Brooklyn","ntatype":"0"},"geometry":{"type":"Polygon","coordinates":[[[-73.92405909659959,40.714111559895876],[-73.92404011245944,40.71400831262855],[-73.92223466389498,40.712855954865134],[-73.92154601629626,40.7110432835346],[-73.92074853049763,40.71053364895845],[-73.92189184632595,40.70939609721316],[-73.92608930026964,40.705679701162005],[-73.92664808380245,40.70552922500421],[-73.93395092906444,40.70267459320029],[-73.94193078816188,40.70072523469566],[-73.95023693669857,40.705473246654364],[-73.95087492513105,40.70951311519786],[-73.94865533445751,40.709724983182085],[-73.94937231784627,40.714066878309616],[-73.95348472098757,40.71407020807855],[-73.95114433611649,40.716034521288385],[-73.94904281525511,40.717428519695055],[-73.94560358883402,40.71956728591912],[-73.94195633562913,40.72165231973291],[-73.94022123583066,40.72289150576934],[-73.93727328757623,40.72440556312269],[-73.93412337223693,40.72685547198154],[-73.93213397427694,40.728159603433376],[-73.9303263556001,40.72779514174657],[-73.92966042198182,40.727533219679124],[-73.92958020690816,40.72761282121143],[-73.92924333948385,40.72739794231883],[-73.92849418540158,40.72661460330805],[-73.92787172405075,40.72585405069526],[-73.92779650104181,40.72492566821126],[-73.92561470516611,40.72006166221263],[-73.92481798943687,40.72026513747552],[-73.92452083048187,40.719553566512054],[-73.92469004857062,40.71872233605859],[-73.9248641350911,40.718440445413684],[-73.928379300354,40.71757836779249],[-73.92887965180016,40.717720318623755],[-73.92970539915328,40.717049279389364],[-73.92931999766078,40.71611200883283],[-73.92947356855397,40.71572145262093],[-73.93179267229117,40.71518297509136],[-73.93220607307306,40.71496398092954],[-73.932149986012,40.714687464730396],[-73.9317535718226,40.71474167550589],[-73.93159048356567,40.71439949197878],[-73.93142604100889,40.71438234358336],[-73.9313130786733,40.71414402439348],[-73.93143602955087,40.7141261825177],[-73.93124067059496,40.71372481088489],[-73.93145301733033,40.713438844463774],[-73.93164527391603,40.71334279426088],[-73.9326390524247,40.713052586169546],[-73.93203262980515,40.71159022307447],[-73.93338484615303,40.71123372774584],[-73.93328349320338,40.71097870645294],[-73.9319010185475,40.71133847193062],[-73.93093227547728,40.709165311254345],[-73.93078002707031,40.709103300785216],[-73.93075653104769,40.70897298273742],[-73.93050100083141,40.70868122554233],[-73.93036094565895,40.70871773753027],[-73.93038021735038,40.708802848265584],[-73.93025038849073,40.708927912920174],[-73.93154613746852,40.711855351751296],[-73.93085966173857,40.71206494165952],[-73.93077894737053,40.712160427955716],[-73.93085528765506,40.712220663279645],[-73.93161032734933,40.71203802217797],[-73.9318424949342,40.71262723799079],[-73.93173436785733,40.71274929223784],[-73.93052713207415,40.71306156090473],[-73.93042294313013,40.71317255917382],[-73.93105231901723,40.71461022392352],[-73.93085190134036,40.71490298559298],[-73.92843881814578,40.71553094957593],[-73.92890601265054,40.71661895680972],[-73.92874531987815,40.71682512834855],[-73.9282325304494,40.71710645375098],[-73.92472906134832,40.71794405119056],[-73.92455290971758,40.717939134734294],[-73.92410280094333,40.7176671372026],[-73.92341861434777,40.7170690152363],[-73.92305500014393,40.71634266429097],[-73.92361145155542,40.71610350817145],[-73.92359001003202,40.7160281481925],[-73.92431329961565,40.715847056576926],[-73.92488553507532,40.71526718815534],[-73.9247615504928,40.714975971951155],[-73.92455568743948,40.71475365423555],[-73.92433589757124,40.71412259346656],[-73.92405909659959,40.714111559895876]]]}},{"type":"Feature","properties":{"ntaname":"Brooklyn Heights","boroname":"Brooklyn","ntatype":"0"},"geometry":{"type":"Polygon","coordinates":[[[-73.9923636691119,40.68969012377707],[-73.99991517234571,40.69176723001051],[-74.00161727401692,40.692549071104274],[-74.00174362045013,40.69240674970571],[-74.00095868350955,40.6940690835824],[-74.00026872245725,40.69496580308072],[-73.9994130234517,40.69635767695609],[-73.99952373771443,40.69657482704623],[-73.99947406666517,40.69670413446216],[-73.99918198884797,40.69688518856751],[-73.99899604139183,40.69681227837313],[-73.99893968902612,40.69694094051601],[-73.99887207177386,40.69692378457437],[-73.9987645793966,40.69712073309415],[-73.99887117009611,40.69715757729603],[-73.99749898221943,40.6996388693214],[-73.99736745723641,40.699634235432534],[-73.99716054155857,40.69979281264432],[-73.9971758426784,40.70010599196655],[-73.9972446280566,40.70014140989724],[-73.99504592660271,40.70313183979975],[-73.9938175487711,40.70266030930377],[-73.99261204840333,40.702061129508806],[-73.99087453692033,40.70067311729603],[-73.99082271942416,40.70035475430946],[-73.99132676776645,40.69910080567201],[-73.99143346974742,40.69828185981727],[-73.99128413621706,40.69658821028391],[-73.99080803711345,40.69502713429717],[-73.99073995876253,40.69503174773626],[-73.99044474028206,40.693828251433736],[-73.99097186833538,40.69254880139072],[-73.98947108586748,40.692291417617035],[-73.98893356245586,40.69208664198901],[-73.98922003518615,40.69096597169854],[-73.99047488040556,40.68914107450508],[-73.99070669492916,40.6891367446134],[-73.9923636691119,40.68969012377707]]]}},{"type":"Feature","properties":{"ntaname":"Downtown Brooklyn-DUMBO-Boerum Hill","boroname":"Brooklyn","ntatype":"0"},"geometry":{"type":"Polygon","coordinates":[[[-73.9790576694624,40.70595288910068],[-73.97924333416505,40.70555119688015],[-73.97912092110174,40.705530069673536],[-73.97932762403605,40.704746276833234],[-73.98027442268234,40.703041400444754],[-73.9800263872738,40.70214046144282],[-73.98090402745397,40.7018614298299],[-73.98064907655728,40.701560873256575],[-73.98084440356011,40.70129524060224],[-73.98055790720234,40.70102560876663],[-73.9804048239219,40.700699006737516],[-73.98054419051782,40.69824651292227],[-73.9805092609422,40.69744627554388],[-73.9801380950676,40.69471005572496],[-73.9799589352876,40.6943848689655],[-73.97938094050193,40.693887757379755],[-73.97916718338998,40.69348832322127],[-73.98251091265745,40.693606611302954],[-73.98251747416961,40.69297738830962],[-73.98175888955709,40.692955173542316],[-73.9817890719204,40.69164486838701],[-73.98206215595255,40.69131209107186],[-73.98139773143163,40.689928670434526],[-73.98350485681937,40.690005706429595],[-73.98350982042075,40.689922171752016],[-73.98083375198135,40.68886378450793],[-73.98064972073772,40.6884594780561],[-73.97807729552628,40.684914940390115],[-73.97961680019212,40.68249127021333],[-73.98828293641336,40.685866785622224],[-73.98912840596947,40.68458945307349],[-73.99392929483827,40.68645287164917],[-73.9923636691119,40.68969012377707],[-73.99070669492916,40.6891367446134],[-73.99047488040556,40.68914107450508],[-73.98922003518615,40.69096597169854],[-73.98893356245586,40.69208664198901],[-73.98947108586748,40.692291417617035],[-73.99097186833538,40.69254880139072],[-73.99044474028206,40.693828251433736],[-73.99073995876253,40.69503174773626],[-73.99080803711345,40.69502713429717],[-73.99128413621706,40.69658821028391],[-73.99143346974742,40.69828185981727],[-73.99132676776645,40.69910080567201],[-73.99082271942416,40.70035475430946],[-73.99087453692033,40.70067311729603],[-73.99261204840333,40.702061129508806],[-73.9938175487711,40.70266030930377],[-73.99504592660271,40.70313183979975],[-73.9946629027757,40.70343060906191],[-73.99499542401854,40.70365056421696],[-73.99471424147087,40.703996689061036],[-73.99479231371997,40.70406840613651],[-73.99469807382752,40.70416470079745],[-73.99477614265385,40.70424586155513],[-73.99456978884847,40.70437626401666],[-73.99386341031877,40.704556007433204],[-73.99377457141759,40.70444945740895],[-73.99358606975355,40.704509118218375],[-73.99362643916727,40.70459524415497],[-73.99350881403605,40.70462350527417],[-73.99212703535079,40.704689641531125],[-73.99212100639083,40.70439620107555],[-73.9918615918931,40.70408664260717],[-73.99141794782705,40.70400408902084],[-73.99094755284747,40.7040324426419],[-73.99071473114813,40.704351378538206],[-73.99054617998536,40.70441616750199],[-73.99022721196006,40.70493404448727],[-73.98898897757785,40.70469035678181],[-73.98869723304752,40.70456457927962],[-73.9883033220854,40.704540468452656],[-73.988289991113,40.70507065849526],[-73.98795676425462,40.705134217412606],[-73.98686935032721,40.70515674921674],[-73.98652972946046,40.70497909917388],[-73.98642911520626,40.705069179428094],[-73.98643429760614,40.70534860741972],[-73.98343806155856,40.705644094847905],[-73.98336819812047,40.70546106507657],[-73.98274161885982,40.7055724415329],[-73.98092510223934,40.70536925520054],[-73.9809086456379,40.70590794431457],[-73.98022004252572,40.705851076223716],[-73.9802371530439,40.705763283559904],[-73.97955918487237,40.70574361525006],[-73.97932865259907,40.70576543335507],[-73.97927336276864,40.705917135302336],[-73.9790576694624,40.70595288910068]]]}},{"type":"Feature","properties":{"ntaname":"Fort Greene","boroname":"Brooklyn","ntatype":"0"},"geometry":{"type":"Polygon","coordinates":[[[-73.96283963628261,40.69803866900987],[-73.96305480111252,40.69739287243605],[-73.96347515119811,40.69680066820083],[-73.96397185653285,40.696378655892005],[-73.96455070444493,40.69610759162735],[-73.96546721432578,40.695932161737],[-73.96939449979428,40.69608038942046],[-73.96880989559104,40.693120382901355],[-73.96983118385486,40.69313424397387],[-73.96910362399453,40.68946752251075],[-73.97013154130974,40.68950630795875],[-73.96868961225599,40.682005257597126],[-73.97595023203937,40.68351323204944],[-73.97745722009145,40.68405228761326],[-73.98064972073776,40.688459478056046],[-73.98083375198148,40.68886378450787],[-73.98350982042075,40.68992217175198],[-73.98350485681937,40.69000570642956],[-73.98139773143168,40.689928670434526],[-73.98206215595255,40.69131209107181],[-73.98178907192035,40.69164486838697],[-73.98175888955718,40.69295517354225],[-73.98251747416961,40.692977388309586],[-73.9825109126574,40.693606611302954],[-73.97916718339002,40.69348832322123],[-73.97938094050197,40.693887757379706],[-73.97995893528766,40.6943848689655],[-73.9801380950677,40.69471005572491],[-73.98040961451107,40.69655934408509],[-73.98054419051788,40.69824651292223],[-73.96577476135246,40.69763578048863],[-73.96283963628261,40.69803866900987]]]}},{"type":"Feature","properties":{"ntaname":"Clinton Hill","boroname":"Brooklyn","ntatype":"0"},"geometry":{"type":"Polygon","coordinates":[[[-73.96134655797736,40.68046352480339],[-73.96868961225599,40.682005257597126],[-73.97013154130974,40.68950630795875],[-73.96910362399453,40.68946752251075],[-73.96983118385486,40.69313424397387],[-73.96880989559104,40.693120382901355],[-73.96939449979428,40.69608038942046],[-73.96546721432578,40.695932161737],[-73.96466107116093,40.69607466705323],[-73.96397185653285,40.696378655892005],[-73.96347515119811,40.69680066820083],[-73.96305480111252,40.69739287243605],[-73.96283963628261,40.69803866900987],[-73.96105100567938,40.69832607881881],[-73.95942791320554,40.69044727471407],[-73.9602928151405,40.69034624991507],[-73.95884061865866,40.68301805351871],[-73.96167086323331,40.68269090998009],[-73.96126625360922,40.680523057737524],[-73.96134655797736,40.68046352480339]]]}},{"type":"Feature","properties":{"ntaname":"Brooklyn Navy Yard","boroname":"Brooklyn","ntatype":"6"},"geometry":{"type":"MultiPolygon","coordinates":[[[[-73.97905766946236,40.705952889100644],[-73.97893110285526,40.70592490623053],[-73.97906084845776,40.70594602944353],[-73.97905766946236,40.705952889100644]]],[[[-73.97232032073738,40.709082884309396],[-73.97066975742996,40.70725970882167],[-73.97054062182244,40.707316076354026],[-73.97026218532285,40.70688750428424],[-73.97048881848556,40.705400666124646],[-73.9701689450992,40.70536185340743],[-73.970180755728,40.70492927056703],[-73.96762114779949,40.703348505194505],[-73.96751516691091,40.70343735687828],[-73.9674767449303,40.703949870956436],[-73.96929693837689,40.70508833173243],[-73.96923632685258,40.70599431249856],[-73.96929296282453,40.707093331095564],[-73.96838331338871,40.7068293733933],[-73.96761547724712,40.70496163605701],[-73.96720961954568,40.704255709153244],[-73.9621797802308,40.70022071110671],[-73.96283963628261,40.69803866900987],[-73.96577476135246,40.69763578048863],[-73.98054419051788,40.69824651292223],[-73.98040482392202,40.700699006737516],[-73.98055790720234,40.70102560876663],[-73.98084440356016,40.70129524060224],[-73.98064907655734,40.70156087325654],[-73.98090402745397,40.701861429829854],[-73.98002638727391,40.70214046144282],[-73.98027442268234,40.703041400444754],[-73.97932762403605,40.7047462768332],[-73.97912092110184,40.705530069673536],[-73.9789635508105,40.70550219700707],[-73.97886517755386,40.70586795620044],[-73.97892765823747,40.70549619916925],[-73.97873829486635,40.70546306467228],[-73.9786390659253,40.70583064822182],[-73.97869698190465,40.705456260458234],[-73.97864529228838,40.7055910220984],[-73.97846557848965,40.70556222186459],[-73.978399093731,40.70598274520244],[-73.97885303360711,40.70606553528473],[-73.97834474852856,40.70599996549035],[-73.97859313620114,40.70497858464557],[-73.97802067326639,40.70429096695891],[-73.97721196339239,40.70421392662441],[-73.97751215428924,40.70319675266352],[-73.97736083833693,40.70313952101348],[-73.97729538355667,40.703189308590275],[-73.9771356262538,40.70300558190529],[-73.97623864768505,40.7047756436883],[-73.97596096344837,40.704715506440714],[-73.97692749188334,40.70279782090314],[-73.97664059172996,40.70249676559237],[-73.97615937292022,40.70217128035703],[-73.97553456489742,40.70304280880587],[-73.97532987393983,40.70295192433845],[-73.97600587845464,40.70194613327937],[-73.97550083176424,40.70175830896581],[-73.97540348224587,40.701911147065125],[-73.97455023388389,40.701590343299806],[-73.97579951765432,40.6997524180009],[-73.97571751799785,40.69957091269129],[-73.97551432751851,40.69952228020191],[-73.9753599786663,40.69958051884184],[-73.97431850171851,40.701194295009],[-73.97411513992559,40.70130527041449],[-73.97388878848554,40.70108519389067],[-73.97376210936595,40.70108068054645],[-73.97292642848618,40.70029455342787],[-73.97257311967203,40.70008205612111],[-73.97239201397458,40.70016632275242],[-73.97375700647162,40.70153413888184],[-73.97318676670898,40.701669803673866],[-73.97113824583187,40.69991789376084],[-73.97097896857521,40.6998564576524],[-73.97078200587988,40.69997866301143],[-73.9708052443282,40.70009750084507],[-73.9733245610394,40.70241265601088],[-73.97283512788735,40.70272874074414],[-73.96982556493471,40.70024507087059],[-73.96948655152046,40.70051906125815],[-73.97283889974953,40.70334642860205],[-73.97266938433735,40.70350138093389],[-73.96924539207357,40.701364741883694],[-73.9689347481843,40.70161586820745],[-73.96898517428941,40.7017470892893],[-73.9723124627609,40.70384454004135],[-73.97215798825013,40.70397020712367],[-73.97145657354827,40.703508715924755],[-73.97110342298832,40.70345973583993],[-73.97093307886338,40.703624772048954],[-73.97101963118513,40.70381561368652],[-73.9746556960804,40.70607426299439],[-73.97439083502341,40.70632577364232],[-73.97339230539568,40.70573321113888],[-73.97254880057818,40.70620449000396],[-73.97462966604422,40.70768106076842],[-73.97423616968535,40.70802438612255],[-73.97122492912268,40.70578989940862],[-73.9710965548913,40.7058500560558],[-73.97100438685831,40.70682824094674],[-73.97105692306182,40.706946433816846],[-73.97275756998377,40.708831278547805],[-73.97232032073738,40.709082884309396]]]]}},{"type":"Feature","properties":{"ntaname":"Bedford-Stuyvesant (West)","boroname":"Brooklyn","ntatype":"0"},"geometry":{"type":"Polygon","coordinates":[[[-73.9441413620078,40.67823696030941],[-73.95205238725696,40.67867465727324],[-73.95530907416071,40.67927313504429],[-73.95529361533372,40.67920315104386],[-73.96134655797736,40.68046352480339],[-73.96126625360922,40.680523057737524],[-73.96167086323331,40.68269090998009],[-73.95884061865866,40.68301805351871],[-73.9602928151405,40.69034624991507],[-73.95942791320554,40.69044727471407],[-73.96105100567938,40.69832607881881],[-73.95701993123406,40.69897391434975],[-73.94438788508441,40.70042452378234],[-73.94032793895992,40.67988997556707],[-73.94397347672896,40.68008812943171],[-73.9441413620078,40.67823696030941]]]}},{"type":"Feature","properties":{"ntaname":"Bedford-Stuyvesant (East)","boroname":"Brooklyn","ntatype":"0"},"geometry":{"type":"Polygon","coordinates":[[[-73.94193078816194,40.70072523469566],[-73.91804606826437,40.68721324777017],[-73.91630119729398,40.678577112935855],[-73.92164748043935,40.67887054703222],[-73.92181538965576,40.67701839046155],[-73.9441413620078,40.67823696030941],[-73.94397347672896,40.68008812943171],[-73.94032793895992,40.67988997556707],[-73.94438788508441,40.70042452378234],[-73.94193078816194,40.70072523469566]]]}},{"type":"Feature","properties":{"ntaname":"Bushwick (West)","boroname":"Brooklyn","ntatype":"0"},"geometry":{"type":"Polygon","coordinates":[[[-73.9114224252523,40.70148658851843],[-73.91406086466664,40.69883820001634],[-73.91631608226973,40.700121391130935],[-73.91932072796105,40.697060396871564],[-73.92082397317164,40.6979176581042],[-73.92424880835952,40.69442861137507],[-73.92649981448757,40.69571178865618],[-73.92749760781884,40.694696670922035],[-73.92648129053754,40.69414089559673],[-73.92778194160518,40.692761178435696],[-73.94193078816194,40.70072523469566],[-73.93395092906454,40.70267459320026],[-73.92664808380245,40.70552922500417],[-73.9260893002697,40.70567970116197],[-73.92189184632589,40.70939609721312],[-73.91180709937288,40.703434952528376],[-73.91290404033842,40.70236189179874],[-73.9114224252523,40.70148658851843]]]}},{"type":"Feature","properties":{"ntaname":"Bushwick (East)","boroname":"Brooklyn","ntatype":"0"},"geometry":{"type":"Polygon","coordinates":[[[-73.90139840574003,40.69158999203721],[-73.90310647522114,40.68984093862062],[-73.90488258844303,40.687735806993494],[-73.90533913742759,40.68681723521513],[-73.90449401088728,40.68629860045694],[-73.90575547976701,40.684004419031346],[-73.90280970917435,40.682340579055165],[-73.90285763444722,40.680938444417144],[-73.90262262280305,40.68066450392094],[-73.90404639720869,40.67922059801862],[-73.92778194160518,40.692761178435696],[-73.92648129053754,40.69414089559673],[-73.92749760781884,40.694696670922035],[-73.92649981448757,40.69571178865618],[-73.92424880835952,40.69442861137507],[-73.92082397317164,40.6979176581042],[-73.91932072796105,40.697060396871564],[-73.91631608226973,40.700121391130935],[-73.91406086466664,40.69883820001634],[-73.9114224252523,40.70148658851843],[-73.91067882671317,40.701045969566344],[-73.9118068203699,40.69994688252277],[-73.90426018345657,40.695700371442825],[-73.90579597009139,40.69412715601634],[-73.90139840574003,40.69158999203721]]]}},{"type":"Feature","properties":{"ntaname":"The Evergreens Cemetery","boroname":"Brooklyn","ntatype":"7"},"geometry":{"type":"Polygon","coordinates":[[[-73.89652644148374,40.682403299240974],[-73.89686937732215,40.68088144953289],[-73.89710488620611,40.68047632781963],[-73.89749312007854,40.68007377672698],[-73.89806444629478,40.67979343168102],[-73.89889928133357,40.67956093540297],[-73.89969830254437,40.67954409169437],[-73.90024537639425,40.67942279151362],[-73.90262262280305,40.68066450392094],[-73.90285763444722,40.680938444417144],[-73.90280970917435,40.682340579055165],[-73.90575547976701,40.684004419031346],[-73.90449401088728,40.68629860045694],[-73.90533913742759,40.68681723521513],[-73.9050223799407,40.68752404789796],[-73.90329720221465,40.689625018686996],[-73.90188776166707,40.691077721077846],[-73.90042464980966,40.688183899378444],[-73.90116154928245,40.68787793602472],[-73.89652644148374,40.682403299240974]]]}},{"type":"Feature","properties":{"ntaname":"Cypress Hills","boroname":"Brooklyn","ntatype":"0"},"geometry":{"type":"Polygon","coordinates":[[[-73.86630263765373,40.683186695104695],[-73.871561503842,40.68168445695972],[-73.8711997492848,40.680221463667266],[-73.87327560272674,40.67992075299661],[-73.87358733252688,40.68109418017899],[-73.87585438312284,40.68045256217525],[-73.876325015652,40.68040797234805],[-73.8774049856419,40.68009994610604],[-73.8774268609061,40.68001443724301],[-73.88106271751917,40.678982687435216],[-73.88050565394393,40.67676734737556],[-73.88825585383285,40.675624736452725],[-73.8890056966442,40.67855704427393],[-73.88987439100245,40.67830215095082],[-73.89621773578595,40.67735818427185],[-73.89653676411663,40.67859358116425],[-73.89775655429092,40.67806072104932],[-73.89836229153462,40.67765827743142],[-73.900046261425,40.676893089537934],[-73.90404639720869,40.67922059801862],[-73.90262262280305,40.68066450392094],[-73.90024537639425,40.67942279151362],[-73.89969830254437,40.67954409169437],[-73.89889928133357,40.67956093540297],[-73.89806444629478,40.67979343168102],[-73.89749312007854,40.68007377672698],[-73.89710488620611,40.68047632781963],[-73.89686937732215,40.68088144953289],[-73.89652644148374,40.682403299240974],[-73.89646625062831,40.68233642297806],[-73.8962863462162,40.682758382586805],[-73.89554859372504,40.68379189298526],[-73.89417463179072,40.685283248672555],[-73.89258303036219,40.683491911389325],[-73.89015418672706,40.685003990977364],[-73.88892468085486,40.68312517001856],[-73.88819092525301,40.682555946963035],[-73.88027239132154,40.68628036154323],[-73.87570776901339,40.68856396222683],[-73.87260336934224,40.68992107396344],[-73.87094762223116,40.69050204147015],[-73.86805885132004,40.691183958237765],[-73.86745694011425,40.68840044216117],[-73.86659848195221,40.685269559068296],[-73.86630263765373,40.683186695104695]]]}},{"type":"Feature","properties":{"ntaname":"East New York (North)","boroname":"Brooklyn","ntatype":"0"},"geometry":{"type":"Polygon","coordinates":[[[-73.87423134562981,40.67086239758419],[-73.87887144433036,40.67019411414166],[-73.87848947320573,40.668654540638286],[-73.90085135540433,40.665345895025176],[-73.90347422276412,40.675506683779915],[-73.900046261425,40.676893089537934],[-73.89836229153462,40.67765827743142],[-73.89775655429092,40.67806072104932],[-73.89653676411663,40.67859358116425],[-73.89621773578595,40.67735818427185],[-73.88987439100245,40.67830215095082],[-73.8890056966442,40.67855704427393],[-73.88825585383285,40.675624736452725],[-73.88050565394393,40.67676734737556],[-73.88106271751917,40.678982687435216],[-73.8774268609061,40.68001443724301],[-73.87744804573776,40.679930999958835],[-73.87657495157076,40.68016700182831],[-73.87423134562981,40.67086239758419]]]}},{"type":"Feature","properties":{"ntaname":"East New York-New Lots","boroname":"Brooklyn","ntatype":"0"},"geometry":{"type":"Polygon","coordinates":[[[-73.86718069446954,40.66045225204078],[-73.86847176782024,40.66029493770969],[-73.86915554907343,40.66011821684555],[-73.89000589058524,40.6511486976326],[-73.89175934324504,40.652799107711594],[-73.89354677007856,40.655202714083224],[-73.89761013176373,40.6534538161202],[-73.89586154781907,40.65188052733212],[-73.90398200421093,40.6466285675762],[-73.90827570599564,40.65049857380647],[-73.90868769412022,40.65072148112169],[-73.9094484629128,40.65152159979489],[-73.90740035662826,40.652843990142486],[-73.90784346309921,40.654591531248215],[-73.90317858259424,40.6553116338363],[-73.90243821449572,40.65569197435763],[-73.90118559776651,40.65651455160301],[-73.90048767160255,40.657148680357004],[-73.89878859226317,40.65741288789167],[-73.89965233213725,40.66073541688037],[-73.89988908621974,40.660639807287204],[-73.9006611860288,40.6605861585068],[-73.9014511454986,40.66365836465708],[-73.90042827299183,40.66380799826674],[-73.90085135540433,40.665345895025176],[-73.87848947320573,40.668654540638286],[-73.87887144433036,40.67019411414166],[-73.87423134562981,40.67086239758419],[-73.87387810524098,40.66944726712268],[-73.86718069446954,40.66045225204078]]]}},{"type":"Feature","properties":{"ntaname":"Spring Creek-Starrett City","boroname":"Brooklyn","ntatype":"0"},"geometry":{"type":"MultiPolygon","coordinates":[[[[-73.88828531356056,40.64672241327627],[-73.88864137641359,40.647079553316225],[-73.88858247895186,40.64711031145299],[-73.88863572588092,40.647216408362524],[-73.88851637568511,40.64736069152218],[-73.88820050726648,40.64714086952931],[-73.88817639326317,40.64680857820603],[-73.88828531356056,40.64672241327627]]],[[[-73.86054077728362,40.65462399727893],[-73.86376696106846,40.65271502633924],[-73.87009699471778,40.649295986211925],[-73.87212331899717,40.64790420924614],[-73.87342508856524,40.64678123051601],[-73.87921658230903,40.65459108377317],[-73.87933211680554,40.65462201684999],[-73.87963865502219,40.65449909230707],[-73.87971979034292,40.65437592977654],[-73.87924124622316,40.65373718643219],[-73.87910837326932,40.653706235539076],[-73.87676193956312,40.65056095449536],[-73.87672192491897,40.650323221968065],[-73.87386033921213,40.64631440559564],[-73.87496902392854,40.64499901328621],[-73.87569004844254,40.64395294184533],[-73.87647131030829,40.642611496749176],[-73.87835076408712,40.6388716137437],[-73.87856413320743,40.639043557109915],[-73.87861705134131,40.63936526540971],[-73.8788424524122,40.639465745034364],[-73.87930954529774,40.640067074269176],[-73.87989404397553,40.640363279660015],[-73.87988928035196,40.64051787710262],[-73.88009536277097,40.640650486493655],[-73.88025625666039,40.64097010903616],[-73.88048386856643,40.64097803454701],[-73.88047801022172,40.641118964553314],[-73.8807362354651,40.64156595747082],[-73.88058841799597,40.64145561785276],[-73.88029248068563,40.64140491573336],[-73.88002616426255,40.641718113296164],[-73.88006714132516,40.64200344612432],[-73.880278860949,40.64212068627297],[-73.88054136113608,40.64206031425564],[-73.880779962267,40.64219551868356],[-73.88139306230616,40.64234733997931],[-73.88157221057683,40.6424961477306],[-73.88175314434555,40.6429054764812],[-73.88224108165646,40.64345349240928],[-73.88214832562561,40.64374372784077],[-73.88302004751286,40.64417919237718],[-73.8834199920301,40.64452381564969],[-73.88369759560302,40.6443519881636],[-73.8839954100457,40.644367935456344],[-73.88432452601283,40.64410228062388],[-73.88480750411117,40.64394630368048],[-73.88557762083002,40.644040949789364],[-73.88600571109939,40.644571258201715],[-73.8872011346553,40.64560217221961],[-73.88743444708336,40.645936682276556],[-73.88736029915223,40.64598718568303],[-73.88738823781169,40.64607864187186],[-73.8876366864041,40.64632545126527],[-73.88766589229469,40.646504924554094],[-73.8877261123322,40.64714302920005],[-73.88751623181268,40.647415160693775],[-73.88764108201356,40.647588411316605],[-73.8876407216664,40.64780239050999],[-73.8877708221422,40.647891998665415],[-73.88815394851169,40.6478709746674],[-73.88863638434091,40.64802449261584],[-73.8888130437334,40.648340702560766],[-73.88924677936008,40.648745653606966],[-73.88953430780728,40.64888022258584],[-73.89006780073055,40.649323635640656],[-73.89033529141216,40.64934776900215],[-73.89013701016964,40.649170412116625],[-73.8903473469377,40.64903360577825],[-73.89125147174484,40.65002559738419],[-73.8900058905851,40.65114869763263],[-73.88959044172069,40.65133754696923],[-73.86915554907337,40.66011821684559],[-73.86847176782014,40.66029493770969],[-73.86718069446948,40.66045225204078],[-73.86386133191459,40.65606021526491],[-73.8624447024965,40.65529380176551],[-73.86086853692812,40.65507780674099],[-73.86054077728362,40.65462399727893]]]]}},{"type":"Feature","properties":{"ntaname":"East New York-City Line","boroname":"Brooklyn","ntatype":"0"},"geometry":{"type":"Polygon","coordinates":[[[-73.86410096591099,40.68237285029176],[-73.86328296876182,40.679079371676984],[-73.86234580380983,40.6791647861452],[-73.86038519788714,40.67125171098911],[-73.85763323108368,40.6716561940382],[-73.85568461155025,40.663867492874914],[-73.85842950725181,40.66345336143299],[-73.85761537119573,40.66011893315323],[-73.85851436327641,40.659898942467976],[-73.8603049456405,40.65963465530415],[-73.86317083274403,40.65827651294824],[-73.86269778233431,40.65761830951434],[-73.86300202201295,40.657488116627455],[-73.86300321585045,40.65726420084887],[-73.8631313611032,40.6572120448151],[-73.86327623068608,40.65694121532838],[-73.86300171715261,40.65665375737046],[-73.86305515638153,40.65647248203833],[-73.86299920940449,40.656357333635924],[-73.8632019898887,40.6563595534733],[-73.86305132211177,40.65610609804453],[-73.86264117343056,40.655667537510446],[-73.86173355547587,40.655295221774196],[-73.86098917309896,40.65520976710481],[-73.86086853692812,40.65507780674099],[-73.8624447024965,40.65529380176551],[-73.86365885695245,40.6558967438655],[-73.86404207114019,40.65623784993393],[-73.87387810524088,40.66944726712268],[-73.87657495157083,40.68016700182831],[-73.87744804573771,40.679930999958835],[-73.87740498564185,40.680099946106075],[-73.87358733252688,40.68109418017904],[-73.87327560272679,40.67992075299661],[-73.87119974928474,40.680221463667266],[-73.87156150384195,40.68168445695976],[-73.86630263765373,40.683186695104695],[-73.86601993132695,40.6819195870272],[-73.86410096591099,40.68237285029176]]]}},{"type":"Feature","properties":{"ntaname":"Highland Park-Cypress Hills Cemeteries (South)","boroname":"Brooklyn","ntatype":"7"},"geometry":{"type":"Polygon","coordinates":[[[-73.86840518883152,40.69473118624327],[-73.86868454304549,40.694034691905046],[-73.86859478038963,40.69388437469128],[-73.86805885132004,40.691183958237765],[-73.87094762223116,40.69050204147015],[-73.87260336934224,40.68992107396344],[-73.87570776901339,40.68856396222683],[-73.88027239132154,40.68628036154323],[-73.88819092525301,40.682555946963035],[-73.88892468085486,40.68312517001856],[-73.88962787424639,40.68423645475421],[-73.88808341776439,40.685293632673186],[-73.88452250891285,40.686684749765206],[-73.88377698517142,40.68786341168635],[-73.87950641088634,40.691146770014655],[-73.87402053240578,40.69419129572023],[-73.8689176262462,40.695146562016056],[-73.86840518883152,40.69473118624327]]]}},{"type":"Feature","properties":{"ntaname":"Carroll Gardens-Cobble Hill-Gowanus-Red Hook","boroname":"Brooklyn","ntatype":"0"},"geometry":{"type":"Polygon","coordinates":[[[-73.9923636691119,40.68969012377707],[-73.99392929483827,40.68645287164917],[-73.98912840596947,40.68458945307349],[-73.98828293641336,40.685866785622224],[-73.97961680019212,40.68249127021333],[-73.9839004868075,40.67614865315689],[-73.99277080526319,40.665507281433285],[-73.99470274029683,40.66666521075333],[-73.99585129124448,40.667972496002136],[-73.9959787857856,40.66799800665267],[-73.99648142701434,40.668925235739955],[-73.99662320199391,40.66885325710942],[-73.99855090521774,40.671925941858525],[-73.9993110109892,40.67077263954945],[-74.00030337808879,40.66871689249724],[-74.0010566411318,40.668945681214886],[-74.00141527037158,40.66835941484979],[-74.00221506816538,40.66857863744141],[-74.00289483876944,40.66734846594961],[-74.00319075274841,40.66726319981512],[-74.00369462000522,40.667427611208595],[-74.00363026351539,40.667567523859304],[-74.00510227346257,40.66797564722585],[-74.00552727453989,40.66789920420909],[-74.0058636618068,40.66799376258587],[-74.00600224394499,40.667890140099864],[-74.0067739393059,40.666184505684576],[-74.00687149182453,40.66612869047847],[-74.00683635643335,40.66605609592466],[-74.00696398993624,40.66605139979079],[-74.00475388692325,40.670721358945194],[-74.00543926529352,40.670921468238674],[-74.00661572118399,40.66862315627225],[-74.00680345938899,40.66859137516594],[-74.00754821618384,40.66705174573376],[-74.00779653349619,40.66715977077744],[-74.00708724287807,40.66859135803337],[-74.00985411855622,40.66852362833563],[-74.01154017543327,40.66508591975687],[-74.01574872882642,40.66456833578927],[-74.01690267361069,40.66484660233906],[-74.01744446050978,40.665267995849405],[-74.0178871914939,40.66585046628554],[-74.01857605010876,40.67039241387013],[-74.01876336878675,40.671075874494576],[-74.01933946871777,40.671624948422796],[-74.01888283363327,40.6716016662056],[-74.0175103708668,40.67103453048172],[-74.01668768368857,40.665437066264516],[-74.01648665554497,40.664930508953994],[-74.01602551776006,40.66486304878832],[-74.0159369853455,40.66547079172169],[-74.012279678728,40.66573241466164],[-74.01087664028975,40.668601615763706],[-74.0103568366731,40.66864283538869],[-74.01033845947936,40.6690781954482],[-74.0105598064476,40.66919052506985],[-74.01091024340414,40.66919049236966],[-74.01087343978188,40.66971011555861],[-74.01154288031555,40.669784342247965],[-74.01162173116991,40.67011434594492],[-74.01151443397264,40.67040702237647],[-74.01162527521356,40.67058102827607],[-74.01406219828175,40.66970583893924],[-74.01424926931885,40.669728605239904],[-74.01424180477487,40.66980837003645],[-74.01175350509682,40.67065775657339],[-74.01186776617624,40.67082434311619],[-74.01207831723683,40.67093361476172],[-74.0123345882066,40.67095248357333],[-74.01261963416788,40.67084190944324],[-74.0135519860544,40.671256934879956],[-74.01393626685778,40.671179076970496],[-74.01427407257732,40.67137929918199],[-74.01508006471072,40.67068567329571],[-74.01519980570059,40.67075402716193],[-74.01387273763245,40.671880761760626],[-74.01423289386774,40.67213000051333],[-74.01559644489554,40.670970477517535],[-74.01568625497515,40.671038834929035],[-74.01297587792189,40.673327918721135],[-74.01336378218154,40.67359153743714],[-74.01511918663974,40.67215699647189],[-74.01632099856305,40.6729082700666],[-74.01457946720949,40.674414017071776],[-74.01496392184586,40.674677630796985],[-74.01816839214773,40.67193924060138],[-74.01880094776905,40.672250764346316],[-74.01727138470127,40.673608645805764],[-74.01775247096367,40.67404772289269],[-74.01794428080245,40.67388282049713],[-74.01801077320536,40.67391318105255],[-74.01780187203198,40.67409544141262],[-74.01817618274653,40.67446417703691],[-74.01801676669686,40.675009440007884],[-74.01792370591389,40.67507598132659],[-74.01798640472792,40.67512514362125],[-74.01783447572701,40.67525822351707],[-74.01814986123105,40.67546787941517],[-74.01829802589337,40.67545917968429],[-74.01841235821725,40.67536544943177],[-74.01817070905504,40.675290905663445],[-74.01838692796339,40.67509684702365],[-74.01852163355461,40.67526871309048],[-74.01876748033676,40.67505036645654],[-74.01888511760623,40.67508776523673],[-74.0184103133308,40.6755190609859],[-74.01853710727036,40.675768791002604],[-74.01850392093291,40.67583738625346],[-74.01801753445869,40.67588437806047],[-74.01787995986288,40.67622806369427],[-74.01791968777773,40.676514765389854],[-74.0179768500937,40.676567915703615],[-74.01910890308608,40.676544281888326],[-74.01912142196927,40.67661558514089],[-74.01976925613235,40.676613224917496],[-74.01995197798658,40.67710301045033],[-74.01908257386326,40.67713956404772],[-74.01917743946885,40.67782694850462],[-74.01843040661592,40.67790832085988],[-74.01841103183156,40.67840712127861],[-74.01953856537558,40.67830195309633],[-74.01966200306923,40.67838563845651],[-74.01955208101641,40.67848217760085],[-74.01942864377901,40.67840019839325],[-74.01840544611011,40.678442220565046],[-74.01841786144216,40.67854955189776],[-74.01827026139368,40.67855421845979],[-74.01828314900892,40.678728289412284],[-74.01838313797539,40.67874482169834],[-74.01857882788785,40.6789830794726],[-74.01954011560478,40.67896820628963],[-74.01928128058009,40.67964814059567],[-74.01892813900308,40.67984430561397],[-74.01899105339405,40.67990499420677],[-74.01772532572437,40.6806619026738],[-74.01746928771095,40.6806147317012],[-74.0152008227914,40.68197941993083],[-74.01532059732718,40.6821107287809],[-74.0128200026682,40.683622416497656],[-74.01213481688782,40.68290592752274],[-74.01410549647974,40.6817125193757],[-74.0136086320426,40.681221946728435],[-74.01387398777976,40.68100981281652],[-74.01301835422089,40.68041237351195],[-74.00967108558879,40.6832687277152],[-74.01077312339376,40.68435861554113],[-74.01178272201219,40.68375999600209],[-74.01193259845039,40.68388774915527],[-74.00798183999649,40.68627582209612],[-74.00776833547116,40.68624913667182],[-74.00701988594629,40.68652641769694],[-74.00644146744301,40.6862884902324],[-74.00588224095202,40.68619576889382],[-74.00562986242365,40.68678420604387],[-74.00459270367709,40.68821522298688],[-74.00382038787677,40.68892964469957],[-74.00297565282497,40.69042657592095],[-74.00196321838801,40.690136379460945],[-74.00185304458597,40.690387987747215],[-74.00096156810918,40.690128768350306],[-74.00069905775847,40.69061185841928],[-74.00132562245747,40.691463100332285],[-74.0019693846005,40.69184320932286],[-74.00161727401692,40.692549071104274],[-73.99991517234571,40.69176723001051],[-73.9923636691119,40.68969012377707]]]}},{"type":"Feature","properties":{"ntaname":"Park Slope","boroname":"Brooklyn","ntatype":"0"},"geometry":{"type":"Polygon","coordinates":[[[-73.9737608483554,40.683049408639775],[-73.97372622021345,40.682934108741456],[-73.97469118307237,40.68026661680474],[-73.97618051198288,40.67806432146616],[-73.9718859677279,40.67639465347954],[-73.96949738784443,40.67590638046702],[-73.96969317461117,40.67536085543849],[-73.96920468461445,40.67498826181986],[-73.96883890186278,40.67440897750032],[-73.96871733006385,40.67392668359901],[-73.96877181598978,40.67332834261815],[-73.9689420635121,40.67288749244305],[-73.96966394014534,40.67264236853741],[-73.97040734461665,40.67264721993092],[-73.97085440635134,40.671864365277],[-73.97181594566749,40.670629475975275],[-73.97965353410314,40.661243234233666],[-73.97993468778623,40.66127396102022],[-73.98017161015706,40.66115465898049],[-73.99173365144995,40.66673659594479],[-73.98390048680756,40.67614865315686],[-73.97876022374882,40.68376544498573],[-73.97807729552638,40.684914940390115],[-73.97745722009145,40.68405228761326],[-73.97595023203937,40.68351323204944],[-73.9737608483554,40.683049408639775]]]}},{"type":"Feature","properties":{"ntaname":"Windsor Terrace-South Slope","boroname":"Brooklyn","ntatype":"0"},"geometry":{"type":"Polygon","coordinates":[[[-73.98017161015706,40.66115465898049],[-73.98021005158438,40.66092332310807],[-73.98000113824688,40.66075756420999],[-73.9797568338243,40.660738502854045],[-73.97957869941625,40.66085324282395],[-73.9751573801199,40.65872279478508],[-73.97448233880716,40.65833944977854],[-73.97436701226454,40.658187904684944],[-73.9741195332629,40.65769375242138],[-73.97232846200066,40.65139792975296],[-73.9725915948618,40.65127646191498],[-73.97268874765783,40.65096712838433],[-73.97244202077178,40.65069817631063],[-73.97208846041416,40.65065690875382],[-73.97139631534189,40.64825778611389],[-73.97326688939873,40.6475830726284],[-73.97527213369506,40.6478306045699],[-73.98029115411198,40.647297162101445],[-73.98179568630415,40.655246097660815],[-73.98843135164148,40.659251212160505],[-73.98731033261726,40.66032962389695],[-73.98735174527788,40.66038718975765],[-73.98725068844568,40.66037895632435],[-73.98871650971678,40.662404938861954],[-73.98831729043945,40.662786248718135],[-73.99277080526329,40.66550728143325],[-73.99173365144995,40.66673659594479],[-73.98017161015706,40.66115465898049]]]}},{"type":"Feature","properties":{"ntaname":"Sunset Park (West)","boroname":"Brooklyn","ntatype":"0"},"geometry":{"type":"Polygon","coordinates":[[[-73.99470274029683,40.66666521075333],[-73.98831729043945,40.662786248718135],[-73.98871650971678,40.662404938861954],[-73.98725068844568,40.66037895632435],[-73.98735174527788,40.66038718975765],[-73.98731033261726,40.66032962389695],[-73.98744982458463,40.66018957251019],[-73.99018841435026,40.65760081883135],[-73.99238339417467,40.65889901642459],[-73.99296401909986,40.658337410465236],[-73.9951689013215,40.65966952271436],[-74.0161671138716,40.63948244207226],[-74.01843070248944,40.640837328059646],[-74.02108731109375,40.63826358797882],[-74.02156036693118,40.63898284372902],[-74.02168846052271,40.63983077763843],[-74.02185196301879,40.63981609883456],[-74.02165148953341,40.64060369381961],[-74.02111456649827,40.64151357922029],[-74.02227765176714,40.64069060926042],[-74.02321780147307,40.639901514603906],[-74.02340085274979,40.63968573184889],[-74.02354939088755,40.639320333692616],[-74.02475437516867,40.638121418092],[-74.02695244579795,40.63944606504528],[-74.02623698497376,40.64012649118057],[-74.02718195268274,40.6404462791627],[-74.02889666687089,40.641214022315275],[-74.02905539842813,40.641725343057495],[-74.02983102766748,40.64231935702312],[-74.03229711356427,40.64358131402034],[-74.03223524436802,40.64364337065812],[-74.03254173795621,40.64382548384952],[-74.03226870865848,40.644074379795335],[-74.03189708494338,40.64388934936995],[-74.03051830863373,40.64527442420405],[-74.02908090885776,40.64440359693054],[-74.02899762468769,40.644471961493096],[-74.02915418994552,40.6445814459223],[-74.02886241061056,40.64486602372336],[-74.0290865428924,40.6445830017998],[-74.02850116250606,40.64417756470283],[-74.02819053049322,40.64441433020646],[-74.02845721095802,40.644156059750934],[-74.02820569545007,40.64401598289046],[-74.0260494840032,40.64626135032635],[-74.02974078211051,40.648486025708],[-74.02938990486598,40.64880405461148],[-74.02571758804812,40.64661549229113],[-74.0253814926528,40.64691234572411],[-74.02507111364082,40.646725615876186],[-74.02435496936721,40.64739927815365],[-74.0241456605057,40.64761510126002],[-74.0251291195524,40.64832318145743],[-74.02496792051134,40.64860596176524],[-74.02553864578064,40.649782159850815],[-74.02484436363463,40.650599638559754],[-74.02520581187575,40.65081846789953],[-74.02541553929463,40.6506186970827],[-74.02605133196799,40.6509943007433],[-74.02587113764653,40.65116053579756],[-74.02592807625277,40.65119665312045],[-74.02552971543656,40.65147855069301],[-74.02491122849001,40.65110628478831],[-74.0251025719024,40.65089330557706],[-74.02477160495674,40.65068770743557],[-74.0242402134753,40.65113351631357],[-74.02550139045745,40.651839851034374],[-74.02541604028593,40.65193380685525],[-74.02417752973396,40.651191773212354],[-74.02382347395064,40.65135378491331],[-74.02365443141966,40.65125618183648],[-74.0235940029519,40.65131566325391],[-74.0230599104703,40.65097430413495],[-74.02285141795983,40.65116919516191],[-74.02536890150519,40.652721436927436],[-74.02522662972642,40.65282985645723],[-74.02272372729811,40.65129732327167],[-74.0226216193615,40.65131155917619],[-74.02154138319224,40.65067162291142],[-74.02134461287919,40.65085186168753],[-74.0212465237341,40.650834972564496],[-74.0213918821069,40.65096775849112],[-74.02112707783827,40.65094321211562],[-74.021052303922,40.65109828242533],[-74.02233734666851,40.651910605884375],[-74.02225173199727,40.65198160200956],[-74.02098261225878,40.65115682316047],[-74.02089862870834,40.65124727521847],[-74.02380703903108,40.65304472800908],[-74.02359434497575,40.653216369464516],[-74.02333174650832,40.652942240183464],[-74.0229417228345,40.65287948450839],[-74.02285167504515,40.652742411591674],[-74.02195900090581,40.652222781468346],[-74.02162153367617,40.6523199512907],[-74.02123165456227,40.652697024715934],[-74.0211867002789,40.65283983689552],[-74.02320464661133,40.654096116315586],[-74.0230621908923,40.65423323629213],[-74.02210195162452,40.653587953807815],[-74.02187693492216,40.65354801237194],[-74.02162946295482,40.653645164713645],[-74.02128455998411,40.65396510854662],[-74.02114963484493,40.65421075521175],[-74.02182479745483,40.654656175282994],[-74.02164486415359,40.65487898237747],[-74.02089469797596,40.6544335754137],[-74.0206396915899,40.65443933332968],[-74.02060214479557,40.65429082432455],[-74.02047461820185,40.65421658922733],[-74.01961958177249,40.654165329052454],[-74.01941702778252,40.65399971256734],[-74.01919203025406,40.65402259799171],[-74.01924450754483,40.653942619478656],[-74.01896698068849,40.65386840770727],[-74.01872686588685,40.65347431052458],[-74.01811897810481,40.653885271105544],[-74.02025589052927,40.655118262881324],[-74.02005182454282,40.65533594837208],[-74.01787407223816,40.65406150233102],[-74.01715319581027,40.65477510436229],[-74.01980081651999,40.65648721058484],[-74.01970596410247,40.656581164253794],[-74.01726715936587,40.655194187986666],[-74.01691617851085,40.655483275460526],[-74.01665047959762,40.65533879657235],[-74.01639437533764,40.65562064234835],[-74.01910843803122,40.657368884303644],[-74.01860569460999,40.65784587402304],[-74.01585370056803,40.656213239550404],[-74.01543632269649,40.656632396759846],[-74.01774232727507,40.65809891722771],[-74.01766644409534,40.658185639274265],[-74.01786573109679,40.658308447298715],[-74.01768549175469,40.6584529927614],[-74.01748620434721,40.658337409243444],[-74.0175051641058,40.65827237429779],[-74.01504738221857,40.656950386693595],[-74.01442130484553,40.65760802195157],[-74.01745803087904,40.6594501973869],[-74.01554165388995,40.66075835497372],[-74.01400428392415,40.65981196344029],[-74.01366273992603,40.66002878063704],[-74.01183861990557,40.65891283727497],[-74.0111075041031,40.659706274580806],[-74.01402247678024,40.661529747440255],[-74.01315554938815,40.661981597726125],[-74.01265358811494,40.66198165403776],[-74.0085995696829,40.65952092309843],[-74.00745858163896,40.66055847621009],[-74.01037201297213,40.66239887922756],[-74.01046331724486,40.66264211928766],[-74.00955074142036,40.66326769413055],[-74.00868371591301,40.663372012840405],[-74.00616141136321,40.66184506899067],[-74.00568594756896,40.662274740863296],[-74.00428358250127,40.661444894604045],[-74.00414624892214,40.66156163568148],[-74.00562039670656,40.66249392634694],[-74.00622698247925,40.662787827861145],[-74.00592360503035,40.66310825073926],[-74.00380815470885,40.66190794572834],[-74.0034880110065,40.66224055612868],[-74.00455498488712,40.66281637291291],[-74.00460574305598,40.662718884669374],[-74.00454367850809,40.662680146118205],[-74.00473298121777,40.66249650399685],[-74.00535812864251,40.6628691297319],[-74.00515599719316,40.66304741355889],[-74.00506160816848,40.66299204170489],[-74.00497157758612,40.66306821324226],[-74.00519233775087,40.66320155309677],[-74.00524863034876,40.663105620491585],[-74.00518629798098,40.66306960195063],[-74.00538014413922,40.66288392645299],[-74.00599748682693,40.66325861082871],[-74.00579501836195,40.66343615129363],[-74.00569963681787,40.66337678866113],[-74.0056134868175,40.66345839025494],[-74.00772133506703,40.66471863301997],[-74.0076387753481,40.66479598033124],[-74.00730516126835,40.66459759075276],[-74.00725283559046,40.66469032364325],[-74.00731878365985,40.66472986075789],[-74.00712532646746,40.66491521897707],[-74.00652469600112,40.66454722665796],[-74.0067068594064,40.66436299035948],[-74.00679912430279,40.664418306533754],[-74.00688215307306,40.66434037294312],[-74.0066293785957,40.66418793012463],[-74.00653579559383,40.66425740363639],[-74.00664155766738,40.66432021085367],[-74.00644979914787,40.66450620629669],[-74.0058415763249,40.664138021177365],[-74.00602870773491,40.66395913653536],[-74.00611934710184,40.66401056669339],[-74.00620306585381,40.66393016871327],[-74.0060460851898,40.66384000563571],[-74.00575781045487,40.6639227568018],[-74.00582327521118,40.66405456435596],[-74.00575753791419,40.664114393414714],[-74.00589272459429,40.66419031812338],[-74.00574908832141,40.664326509889754],[-74.00584924770611,40.66450329861985],[-74.00564140754474,40.66453149089081],[-74.00565025959585,40.66390033784394],[-74.00362862442566,40.662734847032176],[-74.00340348595631,40.66298572659844],[-74.00459238636758,40.6637352003356],[-74.00432294897378,40.66405231997546],[-74.00528132177341,40.664657003524155],[-74.00486193792659,40.665064821938365],[-74.00113519509658,40.662901723050105],[-74.00094424265612,40.66307639248669],[-74.00083401108444,40.66300644168673],[-73.99953152609916,40.66439748543451],[-74.00292463516385,40.666462311660986],[-74.00224030991377,40.66679383514536],[-74.00161950021092,40.66676627917465],[-74.00120611348311,40.66701810770558],[-74.00146470932711,40.66716956921032],[-74.00068774868765,40.66754595189897],[-73.99998149339123,40.66745027440626],[-73.9990260099839,40.66844297212715],[-73.99905372182695,40.66885179971606],[-73.99894520195367,40.66897377448525],[-73.99902633264173,40.66900788890345],[-73.99917988320554,40.668296639887735],[-73.99924049105036,40.66830628656016],[-73.99907935327975,40.669038271861766],[-73.99865580691613,40.66951479504553],[-73.99891160167891,40.66964857863971],[-73.99891684838761,40.66980456321793],[-73.99855824468392,40.67133550167012],[-73.99876940970913,40.671602047105246],[-73.99855090521784,40.67192594185849],[-73.99662320199404,40.66885325710938],[-73.9964814270144,40.668925235739955],[-73.99597878578565,40.66799800665263],[-73.99585129124459,40.667972496002136],[-73.99470274029683,40.66666521075333]]]}},{"type":"Feature","properties":{"ntaname":"Sunset Park (Central)","boroname":"Brooklyn","ntatype":"0"},"geometry":{"type":"Polygon","coordinates":[[[-73.99604565308658,40.64834065543173],[-73.99702216168652,40.64753779228902],[-74.00955708305906,40.63549296413139],[-74.00556490260222,40.63308317691705],[-74.00702302420386,40.6321099954766],[-74.01074220024502,40.634356548825785],[-74.01190823714875,40.633234404781916],[-74.0162903593378,40.635911128329674],[-74.01677396046787,40.63543514343929],[-74.01791958333727,40.636233216195066],[-74.02005721647089,40.63743723950147],[-74.02108731109375,40.63826358797882],[-74.01843070248944,40.640837328059646],[-74.0161671138716,40.63948244207226],[-74.00216555904997,40.65294931445429],[-73.99779466021471,40.65028888997859],[-73.9983060225172,40.6497400157821],[-73.99604565308658,40.64834065543173]]]}},{"type":"Feature","properties":{"ntaname":"Green-Wood Cemetery","boroname":"Brooklyn","ntatype":"7"},"geometry":{"type":"Polygon","coordinates":[[[-73.98843135164148,40.659251212160505],[-73.98179568630415,40.655246097660815],[-73.98029115411198,40.647297162101445],[-73.98180533791209,40.647127799764945],[-73.98834986671028,40.64456224388744],[-73.98905872393608,40.64411924103938],[-73.9983060225172,40.6497400157821],[-73.99779466021471,40.65028888997859],[-74.00216555904997,40.65294931445429],[-73.9951689013215,40.65966952271436],[-73.99296401909986,40.658337410465236],[-73.99238339417467,40.65889901642459],[-73.99018841435026,40.65760081883135],[-73.98843135164148,40.659251212160505]]]}},{"type":"Feature","properties":{"ntaname":"Prospect Heights","boroname":"Brooklyn","ntatype":"0"},"geometry":{"type":"Polygon","coordinates":[[[-73.96007345824275,40.674864284656856],[-73.96133695405295,40.671356771472105],[-73.9637519185844,40.67189123675242],[-73.9671318182884,40.67279697165685],[-73.9682700477164,40.672941074437965],[-73.9689420635121,40.67288749244305],[-73.96874661560128,40.67344700638468],[-73.96874143372979,40.67408910734113],[-73.96891154529293,40.67456356264147],[-73.96912814947768,40.67489999877515],[-73.96969317461117,40.67536085543849],[-73.96949738784443,40.67590638046702],[-73.9718859677279,40.67639465347954],[-73.97618051198288,40.67806432146616],[-73.97469118307237,40.68026661680474],[-73.97372622021345,40.682934108741456],[-73.9737608483554,40.683049408639775],[-73.96134655797736,40.68046352480339],[-73.96318238724278,40.67552950499114],[-73.96007345824275,40.674864284656856]]]}},{"type":"Feature","properties":{"ntaname":"Crown Heights (North)","boroname":"Brooklyn","ntatype":"0"},"geometry":{"type":"Polygon","coordinates":[[[-73.95205238725696,40.67867465727324],[-73.92181538965576,40.67701839046155],[-73.92275257154432,40.66709733296182],[-73.92424467142557,40.666445000386],[-73.9247810960994,40.667642044475606],[-73.92552759707489,40.66849968981699],[-73.95526963588756,40.670124904854006],[-73.96133695405295,40.671356771472105],[-73.96007345824275,40.674864284656856],[-73.96318238724278,40.67552950499114],[-73.96134655797736,40.68046352480339],[-73.95529361533372,40.67920315104386],[-73.95530907416071,40.67927313504429],[-73.95205238725696,40.67867465727324]]]}},{"type":"Feature","properties":{"ntaname":"Lincoln Terrace Park","boroname":"Brooklyn","ntatype":"9"},"geometry":{"type":"Polygon","coordinates":[[[-73.92424467142557,40.666445000386],[-73.92546270107326,40.665916752661296],[-73.92872204440549,40.664495570187086],[-73.92834967077835,40.668647195192946],[-73.92552759707489,40.66849968981699],[-73.9247810960994,40.667642044475606],[-73.92424467142557,40.666445000386]]]}},{"type":"Feature","properties":{"ntaname":"Crown Heights (South)","boroname":"Brooklyn","ntatype":"0"},"geometry":{"type":"Polygon","coordinates":[[[-73.96257122996718,40.6716222448872],[-73.95526963588756,40.670124904854006],[-73.92834967077835,40.668647195192946],[-73.92872204440549,40.664495570187086],[-73.93068465339032,40.663620477274634],[-73.94282892158841,40.66284748566903],[-73.94269628894011,40.66405513024062],[-73.94546293588459,40.664226104639035],[-73.95720935303154,40.66351739727999],[-73.95729172603521,40.66430263281961],[-73.95807953290287,40.66425950621738],[-73.96033682784264,40.664108698850846],[-73.96061544666398,40.66330275016788],[-73.96095595387625,40.663285054834205],[-73.96257122996718,40.6716222448872]]]}},{"type":"Feature","properties":{"ntaname":"Prospect Lefferts Gardens-Wingate","boroname":"Brooklyn","ntatype":"0"},"geometry":{"type":"Polygon","coordinates":[[[-73.93160743269029,40.66355672329819],[-73.93132569626003,40.66059330752637],[-73.93423037418957,40.66041523394781],[-73.93399584733432,40.65811864639278],[-73.93108323032916,40.65829591603608],[-73.93090354800286,40.656610355983545],[-73.95006664861296,40.65542299720048],[-73.95015965960431,40.656260231585044],[-73.95638851524795,40.65587456589966],[-73.95630034968731,40.65504828183075],[-73.95969665731047,40.65483921522851],[-73.9598610304711,40.65563478943926],[-73.9618808635178,40.65488119255471],[-73.96308285464555,40.6621311680137],[-73.96293049680706,40.66256904355103],[-73.96224973769083,40.66319867920011],[-73.96061544666398,40.66330275016788],[-73.96033682784264,40.664108698850846],[-73.95729172603521,40.66430263281961],[-73.95720935303154,40.66351739727999],[-73.94546293588459,40.664226104639035],[-73.94269628894011,40.66405513024062],[-73.94282892158841,40.66284748566903],[-73.93160743269029,40.66355672329819]]]}},{"type":"Feature","properties":{"ntaname":"Bay Ridge","boroname":"Brooklyn","ntatype":"0"},"geometry":{"type":"Polygon","coordinates":[[[-74.03264128960326,40.643787313444456],[-74.02983102766748,40.64231935702312],[-74.02905539842813,40.641725343057495],[-74.02889666687089,40.641214022315275],[-74.02718195268274,40.6404462791627],[-74.02623698497376,40.64012649118057],[-74.02695244579795,40.63944606504528],[-74.02475437516867,40.638121418092],[-74.02354939088755,40.639320333692616],[-74.02340085274979,40.63968573184889],[-74.02321780147307,40.639901514603906],[-74.02227765176714,40.64069060926042],[-74.02111456649827,40.64151357922029],[-74.02165148953341,40.64060369381961],[-74.02185196301879,40.63981609883456],[-74.02168846052271,40.63983077763843],[-74.0215981064073,40.63908649587534],[-74.02128108466134,40.63849010863557],[-74.02085878391769,40.63804178878399],[-74.02005721647089,40.63743723950147],[-74.01791958333727,40.636233216195066],[-74.01677396046787,40.63543514343929],[-74.01615414026897,40.63467210386861],[-74.01594554382757,40.63412472676369],[-74.01586150793345,40.63339132617635],[-74.01560204903264,40.633516977941795],[-74.01514630614152,40.63322193848755],[-74.01784193302115,40.626590694376844],[-74.0191472732287,40.62365667065456],[-74.01905300891278,40.623601020871455],[-74.019704914692,40.622184965511],[-74.02008667136593,40.62242095266232],[-74.02035701517045,40.62212299691852],[-74.02042409841773,40.62216331036662],[-74.02062330968212,40.6218062515638],[-74.0228759867753,40.61946614790912],[-74.02121548198697,40.61847198527955],[-74.02145207492917,40.61802719235784],[-74.02477732180097,40.60969599853231],[-74.02710660402954,40.61024395699479],[-74.02637608903271,40.61245060340258],[-74.02653228128796,40.61242537076849],[-74.02754297128648,40.61293718370709],[-74.02574988994118,40.61605822319581],[-74.02628975618764,40.61632930025018],[-74.02838485305573,40.614249500283414],[-74.02897220400884,40.613516131626284],[-74.03011670311152,40.6126052212399],[-74.03092614322439,40.61159481883462],[-74.03144638476843,40.611119815177794],[-74.03191627050194,40.6108260573134],[-74.03305759462428,40.61036313413539],[-74.03314563767931,40.61022748904745],[-74.03603977712005,40.60929563967238],[-74.03662541025946,40.61072639877723],[-74.03695540966929,40.61125601092759],[-74.03902502118396,40.61315897594866],[-74.0401309258418,40.614791910665474],[-74.04047612021456,40.61562526265908],[-74.04137522891622,40.61999355346801],[-74.0415957882995,40.6204638413612],[-74.04157983976576,40.621275834920496],[-74.04174932346254,40.62245699566966],[-74.04171015812501,40.623305321114586],[-74.04185927545836,40.62380508121616],[-74.04189435983706,40.624318219109085],[-74.04168321534904,40.625383542174745],[-74.04130076687973,40.629006053221694],[-74.04109062117575,40.62972570042882],[-74.04106467060313,40.630191782656595],[-74.04065885393298,40.63088875343654],[-74.0392938862443,40.63388635429685],[-74.03680662048852,40.638984221545684],[-74.03876297920756,40.63958825898071],[-74.03868804690734,40.639738256029766],[-74.0367248437491,40.63914119070946],[-74.03620061021041,40.640011296222134],[-74.03571276150703,40.640640153544076],[-74.03598039447236,40.640945949068644],[-74.03673986629596,40.641476365961495],[-74.0367030786914,40.64168561987419],[-74.03445193181336,40.643826786179915],[-74.03453829739405,40.64387638151022],[-74.03407329294261,40.644313932964096],[-74.0328750723014,40.64358331588979],[-74.03264128960326,40.643787313444456]]]}},{"type":"Feature","properties":{"ntaname":"Dyker Heights","boroname":"Brooklyn","ntatype":"0"},"geometry":{"type":"Polygon","coordinates":[[[-74.01074220024502,40.634356548825785],[-74.00193011287206,40.62903276789157],[-74.00251454718344,40.62847420956277],[-73.99724066973769,40.6252886870282],[-73.99771358863637,40.62368026991616],[-73.99932090153024,40.62465524684672],[-74.01171201489785,40.612735029187775],[-74.0228759867753,40.61946614790912],[-74.02062330968212,40.6218062515638],[-74.02042409841773,40.62216331036662],[-74.02035701517045,40.62212299691852],[-74.02008667136593,40.62242095266232],[-74.019704914692,40.622184965511],[-74.01905300891278,40.623601020871455],[-74.0191472732287,40.62365667065456],[-74.01784193302115,40.626590694376844],[-74.01542409736939,40.63251313909762],[-74.01514630614152,40.63322193848755],[-74.01560204903264,40.633516977941795],[-74.01586150793345,40.63339132617635],[-74.01594554382757,40.63412472676369],[-74.01615414026897,40.63467210386861],[-74.01677396046787,40.63543514343929],[-74.0162903593378,40.635911128329674],[-74.01190823714875,40.633234404781916],[-74.01074220024502,40.634356548825785]]]}},{"type":"Feature","properties":{"ntaname":"Fort Hamilton","boroname":"Brooklyn","ntatype":"6"},"geometry":{"type":"Polygon","coordinates":[[[-74.02477732180097,40.60969599853231],[-74.02150602802955,40.60782209933585],[-74.02247769359556,40.606674216150616],[-74.02078540907338,40.605673686182655],[-74.02143864639129,40.60441599708509],[-74.01871382157269,40.60358207641025],[-74.0194276082381,40.60287157834826],[-74.02024692165209,40.60332431783631],[-74.02101662969248,40.60355555318717],[-74.02930882862725,40.60459906355947],[-74.03005146547684,40.604759173812155],[-74.03101612271284,40.60525141411537],[-74.03179633794443,40.60578027459612],[-74.03213159551292,40.60590183576185],[-74.0327068147991,40.606331066540854],[-74.0342728053945,40.60771747823052],[-74.0348704706874,40.60858228806666],[-74.03603977712005,40.60929563967238],[-74.03314563767931,40.61022748904745],[-74.03305759462428,40.61036313413539],[-74.03191627050194,40.6108260573134],[-74.03144638476843,40.611119815177794],[-74.03092614322439,40.61159481883462],[-74.03011670311152,40.6126052212399],[-74.02897220400884,40.613516131626284],[-74.02838485305573,40.614249500283414],[-74.02628975618764,40.61632930025018],[-74.02574988994118,40.61605822319581],[-74.02754297128648,40.61293718370709],[-74.02653228128796,40.61242537076849],[-74.02637608903271,40.61245060340258],[-74.02710660402954,40.61024395699479],[-74.02477732180097,40.60969599853231]]]}},{"type":"Feature","properties":{"ntaname":"Dyker Beach Park","boroname":"Brooklyn","ntatype":"9"},"geometry":{"type":"Polygon","coordinates":[[[-74.01171201489785,40.612735029187775],[-74.01701910022848,40.607654416971506],[-74.01549854921711,40.6068415242772],[-74.01811904819435,40.6043152228271],[-74.01871382157269,40.60358207641025],[-74.02143864639129,40.60441599708509],[-74.02078540907338,40.605673686182655],[-74.02247769359556,40.606674216150616],[-74.02150602802955,40.60782209933585],[-74.02477732180097,40.60969599853231],[-74.02145207492917,40.61802719235784],[-74.02121548198697,40.61847198527955],[-74.01171201489785,40.612735029187775]]]}},{"type":"Feature","properties":{"ntaname":"Bensonhurst","boroname":"Brooklyn","ntatype":"0"},"geometry":{"type":"Polygon","coordinates":[[[-73.9943249734734,40.625342908797556],[-73.98569357758215,40.62013151495028],[-73.9862752464369,40.61956661759498],[-73.97477657908547,40.61263847593206],[-73.97403097703385,40.608702310158854],[-73.9884226748809,40.607119149009975],[-73.98913191394317,40.606456137709884],[-73.98684762582319,40.60509723713306],[-73.98869008641088,40.6034253071562],[-73.99087326612246,40.604769296996096],[-73.99559320696717,40.600232221722436],[-74.0000226600874,40.60290731622933],[-74.00032353754955,40.602620292875265],[-74.00493448838223,40.60507440640142],[-74.00264412248949,40.60725717532054],[-74.00094408358503,40.60863971017342],[-74.00790037048492,40.612323434405084],[-74.01050403499481,40.613896611995344],[-73.99932090153024,40.62465524684672],[-73.99771358863637,40.62368026991616],[-73.99678847465344,40.6268260514129],[-73.99507814715935,40.62580673783724],[-73.99464972820256,40.62569717972424],[-73.99489280473428,40.62546179419184],[-73.9943249734734,40.625342908797556]]]}},{"type":"Feature","properties":{"ntaname":"Bath Beach","boroname":"Brooklyn","ntatype":"0"},"geometry":{"type":"Polygon","coordinates":[[[-73.99559320696717,40.600232221722436],[-74.00203772956765,40.59405960603485],[-74.00334588365142,40.59573278899811],[-74.00411359626963,40.59645027897145],[-74.00511838170759,40.597224791051254],[-74.00921723904915,40.59984404565512],[-74.0104123888951,40.60047518171269],[-74.01236981602699,40.60134925711637],[-74.01472837011984,40.602065911342756],[-74.01698625550205,40.60245054292349],[-74.01759077960645,40.6025030189925],[-74.01832347216866,40.602417651633225],[-74.0191356390289,40.60261275450514],[-74.0194276082381,40.60287157834826],[-74.01823144963518,40.60410847250339],[-74.01811904819435,40.6043152228271],[-74.01549854921711,40.6068415242772],[-74.01701910022848,40.607654416971506],[-74.01050403499481,40.613896611995344],[-74.00790037048492,40.612323434405084],[-74.00094408358503,40.60863971017342],[-74.00264412248949,40.60725717532054],[-74.00493448838223,40.60507440640142],[-74.00032353754955,40.602620292875265],[-74.0000226600874,40.60290731622933],[-73.99559320696717,40.600232221722436]]]}},{"type":"Feature","properties":{"ntaname":"Gravesend (West)","boroname":"Brooklyn","ntatype":"0"},"geometry":{"type":"Polygon","coordinates":[[[-73.97995443385788,40.594073812106664],[-73.98463965370047,40.59355217604266],[-73.98467793926203,40.593658650343606],[-73.98601936736364,40.59444604996432],[-73.98962150032993,40.59098199324504],[-73.99036425045065,40.59143193167647],[-73.99153934356545,40.590390903081456],[-73.99330854901022,40.589583898580585],[-73.9937576176658,40.59033184450585],[-73.99793382368436,40.58839928315473],[-73.99867293375554,40.58919554993989],[-73.99923690396953,40.5889353282693],[-73.99946446811074,40.58923326938093],[-73.998378348821,40.589770445088746],[-73.99842061695253,40.58981405506246],[-73.99883618014573,40.589625489542506],[-73.9988658617368,40.58966697528832],[-73.99844387079484,40.58986039968033],[-73.99877991358225,40.590232331847396],[-73.99877800589593,40.59031435534209],[-73.99844325936857,40.590240104992034],[-73.99775972701352,40.590952469613995],[-73.99711168571537,40.59127797744395],[-73.99718982750889,40.591606180520756],[-73.99722828062735,40.591654470865244],[-73.99806438267684,40.59120946473171],[-73.99812869461262,40.59128866425818],[-73.99728269703779,40.59171481436566],[-73.99754850992464,40.59191757817059],[-73.99856404800653,40.59149232530975],[-73.9991676186208,40.59114913481068],[-73.99946271248959,40.59110320683963],[-73.99998734989012,40.591172945730136],[-74.00023075220183,40.591478489805],[-74.00005812170897,40.59171484748472],[-73.99903131441646,40.59231280344775],[-73.9993477536015,40.59262230905367],[-73.99948304872363,40.59296919989778],[-73.99897464320543,40.59330636936863],[-73.99838831083615,40.59353139160652],[-73.99853410978702,40.593592348403206],[-74.00109596784156,40.59251870950174],[-74.00203772956759,40.5940596060349],[-73.99087326612246,40.60476929699614],[-73.98869008641084,40.6034253071562],[-73.98684762582319,40.60509723713306],[-73.98913191394301,40.606456137709884],[-73.9884226748809,40.60711914901003],[-73.97299433938902,40.608814141802476],[-73.97217742734887,40.60419471204003],[-73.97291116841214,40.59931580420337],[-73.97191080411129,40.59942305913219],[-73.97148350722848,40.59717158495783],[-73.98035785385918,40.596191542248995],[-73.97995443385788,40.594073812106664]]]}},{"type":"Feature","properties":{"ntaname":"Sunset Park (East)-Borough Park (West)","boroname":"Brooklyn","ntatype":"0"},"geometry":{"type":"Polygon","coordinates":[[[-73.98905872393608,40.64411924103938],[-74.00556490260222,40.63308317691705],[-74.00955708305906,40.63549296413139],[-73.99702216168652,40.64753779228902],[-73.99604565308658,40.64834065543173],[-73.98905872393608,40.64411924103938]]]}},{"type":"Feature","properties":{"ntaname":"Borough Park","boroname":"Brooklyn","ntatype":"0"},"geometry":{"type":"Polygon","coordinates":[[[-73.97604935525445,40.63127590564668],[-73.97716511840744,40.63074665412923],[-73.97657775557224,40.62757318681888],[-73.97678992396793,40.62754058554477],[-73.97752403989979,40.6279776190262],[-73.98214413282112,40.623532670666755],[-73.98440060244378,40.624892622266216],[-73.98610080540948,40.62318311253611],[-73.98830220167261,40.62451369556651],[-73.9900935596334,40.622788953343154],[-73.9943249734734,40.625342908797556],[-73.99489280473428,40.62546179419184],[-73.99464972820256,40.62569717972424],[-73.99507814715935,40.62580673783724],[-73.99678847465344,40.6268260514129],[-73.99724066973769,40.6252886870282],[-74.00251454718344,40.62847420956277],[-74.00193011287206,40.62903276789157],[-74.00702302420386,40.6321099954766],[-73.98834986671028,40.64456224388744],[-73.98299419175463,40.64132499684919],[-73.98042057821881,40.64238522690591],[-73.97911188583784,40.63544038744444],[-73.97688861080518,40.63567486202829],[-73.97604935525445,40.63127590564668]]]}},{"type":"Feature","properties":{"ntaname":"Kensington","boroname":"Brooklyn","ntatype":"0"},"geometry":{"type":"Polygon","coordinates":[[[-73.97604935525445,40.63127590564668],[-73.97688861080518,40.63567486202829],[-73.97911188583784,40.63544038744444],[-73.98042057821881,40.64238522690591],[-73.98299419175463,40.64132499684919],[-73.98834986671028,40.64456224388744],[-73.98180533791209,40.647127799764945],[-73.97527213369506,40.6478306045699],[-73.97326688939873,40.6475830726284],[-73.97139631534189,40.64825778611389],[-73.9680386833386,40.63665098543611],[-73.9702903616295,40.6364063414182],[-73.96986869273601,40.634194674598184],[-73.97604935525445,40.63127590564668]]]}},{"type":"Feature","properties":{"ntaname":"Mapleton-Midwood (West)","boroname":"Brooklyn","ntatype":"0"},"geometry":{"type":"Polygon","coordinates":[[[-73.96285973961456,40.6125494864672],[-73.96478112677045,40.612330922164034],[-73.96429649832035,40.60977642617522],[-73.97403097703385,40.608702310158854],[-73.97477657908547,40.61263847593206],[-73.9862752464369,40.61956661759498],[-73.98569357758215,40.62013151495028],[-73.9900935596334,40.622788953343154],[-73.98830220167261,40.62451369556651],[-73.98610080540948,40.62318311253611],[-73.98440060244378,40.624892622266216],[-73.98214413282112,40.623532670666755],[-73.97752403989979,40.6279776190262],[-73.97678992396793,40.62754058554477],[-73.97657775557224,40.62757318681888],[-73.97623453528841,40.6259763507301],[-73.97092126180826,40.62656998550547],[-73.97136622003106,40.628929162715664],[-73.96608191227934,40.62954270682606],[-73.96285973961456,40.6125494864672]]]}},{"type":"Feature","properties":{"ntaname":"Gravesend (South)","boroname":"Brooklyn","ntatype":"0"},"geometry":{"type":"Polygon","coordinates":[[[-73.98071013128079,40.59399722863562],[-73.97769565737501,40.59218653785834],[-73.977514113195,40.59113731268437],[-73.97557081872898,40.58994799105394],[-73.96067984068368,40.59159758262637],[-73.96034953431355,40.58730628657616],[-73.96025825770639,40.58502930784135],[-73.96344300171394,40.584664445891235],[-73.96785844066588,40.58451404426149],[-73.9689998551974,40.5840628951478],[-73.97045373386186,40.583892279786994],[-73.97468194311516,40.58312411840268],[-73.97742525247784,40.5829065931716],[-73.98175452010248,40.58358376372818],[-73.98482192835374,40.58416852327684],[-73.98492730970302,40.584595952702315],[-73.98627573546514,40.584479981432615],[-73.98710120231547,40.584644592265256],[-73.98654456976342,40.583658591316556],[-73.98829948228992,40.583466747328394],[-73.98837971474748,40.58375507591409],[-73.98881785564218,40.584372995100026],[-73.99087657275824,40.58584778482693],[-73.99153848202585,40.58647197029598],[-73.99205994727491,40.58717130031473],[-73.9925914163945,40.58810632139262],[-73.9977663081468,40.585678244022496],[-73.99808523688117,40.58536472208426],[-73.99808899188395,40.585470740763476],[-73.99928905009473,40.58555236605306],[-73.99946933901509,40.58568981900952],[-73.99970597099512,40.585689819858736],[-73.99970033626072,40.58575424962789],[-73.99952567990363,40.58575854466008],[-73.99963423823505,40.586069747433534],[-73.99956511570319,40.586243920095846],[-73.99935665157747,40.58638136941586],[-73.99814530449004,40.58653169390733],[-73.99417305638377,40.588382857820946],[-73.99423502922512,40.58843870064845],[-73.99559857410351,40.587841707554325],[-73.9956605451227,40.58793620734399],[-73.9940790462178,40.58869344199073],[-73.99421554608301,40.58886853098554],[-73.99556316619987,40.588277072198956],[-73.995133512695,40.58848091604629],[-73.99509949490812,40.58859250554658],[-73.99795639739288,40.58726950636582],[-73.99487677695369,40.58877174667533],[-73.99534737661217,40.58933138044016],[-74.00011449538404,40.58695164040019],[-74.00010886019504,40.586560729599505],[-74.00031734303268,40.58645333502345],[-74.0004327749314,40.586544594921754],[-74.00048912001928,40.58704285562676],[-74.00038206983874,40.587133057349654],[-73.99788311163137,40.588343438425554],[-73.99793382324485,40.58839928340596],[-73.99375761766575,40.59033184450585],[-73.99330854901022,40.589583898580585],[-73.99153934356545,40.59039090308141],[-73.99036425045065,40.59143193167647],[-73.98962150032993,40.59098199324504],[-73.98601936736364,40.59444604996432],[-73.98467793926218,40.593658650343606],[-73.98463965370047,40.59355217604263],[-73.98071013128079,40.59399722863562]]]}},{"type":"Feature","properties":{"ntaname":"Coney Island-Sea Gate","boroname":"Brooklyn","ntatype":"0"},"geometry":{"type":"Polygon","coordinates":[[[-73.9666153153741,40.584570846455364],[-73.96868119477308,40.57563088376793],[-73.96888995790064,40.57526123899409],[-73.96825878751602,40.57504548999601],[-73.96765743457571,40.57504368249043],[-73.96756707203532,40.574881526949056],[-73.9657492162041,40.57479419709833],[-73.95941778134677,40.57517798414406],[-73.95939182170525,40.5739121092497],[-73.96090885893587,40.57386502894655],[-73.96720294103956,40.57332631739762],[-73.96743567793125,40.573208969671484],[-73.96736390080565,40.57304456895237],[-73.96742628408624,40.57298510896927],[-73.96753149753727,40.57319073188223],[-73.96839037762997,40.57315444243755],[-73.96945126202378,40.5728572803634],[-73.9692462121555,40.5723040761573],[-73.9695589515173,40.57280858046094],[-73.96996110201717,40.572860024587676],[-73.97085363074368,40.57277051528003],[-73.97135044587525,40.572599459040326],[-73.97137785791334,40.57251075309905],[-73.97114248794539,40.57205063101223],[-73.97118306355702,40.57194189908436],[-73.97151790920277,40.57258168139946],[-73.97160706452378,40.57262822392002],[-73.97249673747056,40.57257625725017],[-73.9733450222981,40.57232121400634],[-73.97323268012711,40.57190586596705],[-73.97324990115153,40.57162668560661],[-73.9733251575627,40.571676278127406],[-73.97344805325683,40.572272106969585],[-73.97373209971208,40.57228692459157],[-73.97484762696547,40.57216454176603],[-73.9754708190279,40.57196900381711],[-73.97540564094207,40.57142104064073],[-73.97548432668468,40.571454977344075],[-73.97551718820384,40.571694315280546],[-73.97567918029272,40.57195598449754],[-73.97592552091518,40.57201865743774],[-73.97727057023398,40.571863650676065],[-73.97766384588131,40.571729387799316],[-73.97756820091203,40.57124666665933],[-73.97767087523813,40.5711710200793],[-73.97807599732305,40.57122957012874],[-73.97771533072488,40.57125191384243],[-73.97780796522686,40.57175620084899],[-73.97845486511183,40.571892204296624],[-73.97910001556893,40.57184069801817],[-73.979846944694,40.571539319610366],[-73.97980592543583,40.57140363454885],[-73.97942524119182,40.57128506793384],[-73.9794251615826,40.57122102372418],[-73.97977198260836,40.571240146333565],[-73.97997658477718,40.57142960235897],[-73.98000799187604,40.571708806607695],[-73.98020883097026,40.571726205491196],[-73.98093842347001,40.57168199535058],[-73.9818222515083,40.57146440308492],[-73.982040757866,40.57148037052259],[-73.9819923913309,40.571351813309406],[-73.98157155423429,40.571249988425],[-73.98194794042367,40.571237002660304],[-73.98209504346227,40.57134661147868],[-73.98217710691102,40.5715605784547],[-73.98225580253013,40.57156841828987],[-73.98367270153251,40.57140705768757],[-73.98340440737672,40.57016554451097],[-73.98305809245083,40.57020965677128],[-73.9830432888372,40.57014586048555],[-73.98339168436635,40.57009468501969],[-73.9832699667532,40.56954189385389],[-73.98336057973366,40.56952999448685],[-73.9834852186614,40.57008901506295],[-73.98382125394879,40.570045789984526],[-73.98383949489248,40.570112467660714],[-73.98348842146686,40.57015602954414],[-73.98375790448641,40.57139622725116],[-73.9864508758886,40.571148908408006],[-73.98646799852705,40.57107846272531],[-73.98654668594091,40.571133264865985],[-73.9880371667854,40.5709851082663],[-73.98862025481452,40.57089605181696],[-73.98857772038853,40.57069791000776],[-73.98872145848834,40.570883692082816],[-73.99026267527424,40.57070834011745],[-73.99077310323929,40.57059942183803],[-73.99071781592751,40.5702595951487],[-73.99079264701024,40.57024864875565],[-73.99086374684862,40.570602016242596],[-73.99119337523611,40.57061187496838],[-73.99272854897055,40.57043378854018],[-73.99296923014857,40.57036673204249],[-73.99298098072161,40.57019677330934],[-73.99315741886727,40.570379789439016],[-73.99493763229935,40.57035467451256],[-73.99513854436793,40.57031466120686],[-73.99518726019822,40.57002187763327],[-73.99529301137348,40.570321282714026],[-73.99719493759925,40.57034864954655],[-73.99735575750891,40.570278204650705],[-73.99736944882595,40.57013730754305],[-73.99744814048574,40.57028603439329],[-73.9976671213519,40.57037475166892],[-73.99846777900147,40.570497396973195],[-73.9996140257524,40.57046609660164],[-73.99965850686432,40.57038260250299],[-73.9997485215654,40.57049579695722],[-74.00077859539269,40.57049099822144],[-74.002011670539,40.5702087585243],[-74.00198396888364,40.56959654132144],[-74.00208547639728,40.56958598398511],[-74.0024870773771,40.571738388872625],[-74.00479941621687,40.57287885485107],[-74.00668904970406,40.573397220959414],[-74.00880344301773,40.57376474762145],[-74.01007410719518,40.57383081002049],[-74.01115668729264,40.57416676185904],[-74.01201540191126,40.57488505247444],[-74.01232183520676,40.57565268236527],[-74.0124574957794,40.57661074691973],[-74.01279721934527,40.577489237133406],[-74.01302380064281,40.577804369508755],[-74.01281708712038,40.578428736097464],[-74.01235035929216,40.57922182065402],[-74.011479285405,40.58007840687926],[-74.01054358463756,40.580614483910274],[-74.00959266683937,40.58086002089257],[-74.0084325341914,40.58149456643016],[-74.00745366008165,40.581803522848084],[-74.00604734235812,40.58198365253342],[-74.00398023616431,40.58172129566407],[-74.00294374157806,40.5814328355212],[-74.00220582876804,40.581365886020606],[-74.00119212303609,40.581419055252056],[-74.00055986763827,40.581297429180616],[-73.9996415228002,40.58131655849627],[-73.99895997063543,40.58163304642764],[-73.99818261219644,40.58172536423953],[-73.99776464433626,40.58145433077118],[-73.99771779429551,40.580706776808746],[-73.9918291279026,40.579247080928965],[-73.99140428608992,40.579240358206455],[-73.99036206466548,40.579424580120715],[-73.98957956138594,40.57919294169391],[-73.98899093556328,40.57883509996901],[-73.98842833769417,40.57881584261966],[-73.98760837934643,40.579033136145824],[-73.98786647622012,40.57902635110802],[-73.987451518249,40.57913151370117],[-73.98758653958215,40.57904070176443],[-73.98739064322473,40.57908698306381],[-73.98669540062984,40.579814908132875],[-73.9870213857769,40.58002276537809],[-73.98616526744581,40.580950228792545],[-73.98588567394853,40.581144424565004],[-73.98604509916241,40.581720684649184],[-73.9868447899644,40.58123210200535],[-73.98728070257492,40.58071954369584],[-73.98763925793932,40.57991759737431],[-73.98803566212689,40.579633780413616],[-73.9885807071835,40.579819367076475],[-73.989136362014,40.580214877927446],[-73.98969969295983,40.58042110730351],[-73.98995504921753,40.58066167003421],[-73.98971762388271,40.58083822724265],[-73.98928724928784,40.581957583580405],[-73.98829948228986,40.583466747328394],[-73.98654456976337,40.583658591316556],[-73.98710120231532,40.584644592265256],[-73.9862757354651,40.584479981432615],[-73.98492730970302,40.584595952702315],[-73.98482192835374,40.58416852327684],[-73.98175452010248,40.583583763728235],[-73.97742525247779,40.5829065931716],[-73.974681943115,40.58312411840272],[-73.97045373386182,40.58389227978703],[-73.9689998551974,40.58406289514784],[-73.96785844066576,40.584514044261525],[-73.9666153153741,40.584570846455364]]]}},{"type":"Feature","properties":{"ntaname":"Brighton Beach","boroname":"Brooklyn","ntatype":"0"},"geometry":{"type":"Polygon","coordinates":[[[-73.95239782999693,40.57424704924262],[-73.95278491484582,40.57420081787096],[-73.95374257958343,40.574297232242095],[-73.95399423405074,40.57426631704202],[-73.95408333385895,40.57407327218349],[-73.95413360803454,40.57433326749537],[-73.95569484044348,40.574326996263416],[-73.95634506681625,40.57420722198973],[-73.95634533454607,40.57379757829204],[-73.95647169447582,40.57413948724276],[-73.9565675090591,40.574170778493176],[-73.95843476359066,40.574088814543884],[-73.9589663415273,40.57394726876866],[-73.95898718972613,40.57343065472694],[-73.95907248027609,40.57384554749793],[-73.95939182093623,40.57391210924943],[-73.95941778134677,40.57517798414406],[-73.9657492162041,40.57479419709833],[-73.96756707203532,40.574881526949056],[-73.96765743457571,40.57504368249043],[-73.96825878751602,40.57504548999601],[-73.96888995790064,40.57526123899409],[-73.96868119477308,40.57563088376793],[-73.9666153153741,40.584570846455364],[-73.96344300171384,40.584664445891285],[-73.96025825770633,40.58502930784141],[-73.96014923975761,40.583575897541486],[-73.96004798601562,40.583269872406554],[-73.95910958808311,40.582856675715334],[-73.95733608258104,40.583025135382705],[-73.95722967971803,40.58314556790874],[-73.95645728993851,40.58265885105747],[-73.95414287795555,40.583106140608365],[-73.95392000659137,40.58186979357323],[-73.95381061915536,40.581747857901654],[-73.95239782999693,40.57424704924262]]]}},{"type":"Feature","properties":{"ntaname":"Calvert Vaux Park","boroname":"Brooklyn","ntatype":"9"},"geometry":{"type":"Polygon","coordinates":[[[-73.98995504921753,40.58066167003421],[-73.9911944079675,40.58102830769959],[-73.99163007472367,40.58107988488467],[-73.99174273416997,40.58120016258765],[-73.99168261881185,40.58138342707734],[-73.99185535656628,40.58162397854631],[-73.99033762504457,40.58421825488609],[-73.9902624471437,40.584619148205505],[-73.99267391275022,40.58358844336962],[-73.99370236147283,40.58298082828645],[-73.99515295650377,40.58242386792503],[-73.99539667424129,40.58222779038842],[-73.99605528820514,40.58212890385432],[-73.99739612012652,40.58242961699971],[-73.9978130171092,40.58261003108321],[-74.00017922859408,40.58307394974263],[-74.0003088081067,40.583177037514865],[-74.00041739503702,40.58354592150349],[-74.00043685358045,40.58404896998928],[-74.00035951790483,40.584186446383185],[-73.99985809312724,40.5845429614556],[-73.99878762219207,40.58515289393348],[-73.99808523688117,40.58536472208426],[-73.9977663081468,40.58567824402253],[-73.99259141639446,40.58810632139262],[-73.99190312385157,40.586931505791206],[-73.9913321888479,40.586254307480175],[-73.99087657275824,40.58584778482693],[-73.98881785564218,40.58437299510007],[-73.98833113748384,40.583661758791045],[-73.98829948228986,40.583466747328394],[-73.98928724928784,40.581957583580405],[-73.98971762388271,40.58083822724265],[-73.98995504921753,40.58066167003421]]]}},{"type":"Feature","properties":{"ntaname":"Flatbush","boroname":"Brooklyn","ntatype":"0"},"geometry":{"type":"Polygon","coordinates":[[[-73.95630034968731,40.65504828183075],[-73.95582518307756,40.65052980807852],[-73.95870789822969,40.65038727378277],[-73.95826081923693,40.648532745533515],[-73.95815003514555,40.64776767369132],[-73.958106721314,40.64651800986065],[-73.95565196108853,40.64663041064682],[-73.95473024704435,40.64477257836159],[-73.9541264103894,40.63916129928231],[-73.95404358458175,40.63887754918987],[-73.95360004631412,40.63842234744985],[-73.95115988406074,40.6384178999094],[-73.94826499590872,40.63860719020929],[-73.94777330328344,40.63399815669721],[-73.94586773527199,40.634117548159686],[-73.94561754645717,40.631777430312106],[-73.94647961630966,40.63170816218013],[-73.94415535167828,40.62950828571032],[-73.95684697280595,40.62811987905421],[-73.95937694894427,40.64147155573624],[-73.96318588182669,40.63967181829386],[-73.96408758267715,40.64440641776777],[-73.96501177470171,40.64430215155451],[-73.96546735540002,40.646706158919905],[-73.96454098511755,40.6467986304249],[-73.96490357050966,40.648720969165105],[-73.96218573831077,40.649788797885414],[-73.96302038094923,40.65153206574601],[-73.96465438564746,40.65088772845854],[-73.96621321893234,40.65318940555172],[-73.9598610304711,40.65563478943926],[-73.95969665731047,40.65483921522851],[-73.95630034968731,40.65504828183075]]]}},{"type":"Feature","properties":{"ntaname":"Flatbush (West)-Ditmas Park-Parkville","boroname":"Brooklyn","ntatype":"0"},"geometry":{"type":"Polygon","coordinates":[[[-73.95684697280595,40.62811987905421],[-73.95995564989907,40.62777867254032],[-73.96040734276028,40.63016253158138],[-73.96232599298625,40.62996871673755],[-73.97136622003106,40.628929162715664],[-73.97092126180826,40.62656998550547],[-73.97623453528841,40.6259763507301],[-73.97716511840744,40.63074665412923],[-73.96986869273601,40.634194674598184],[-73.9702903616295,40.6364063414182],[-73.9680386833386,40.63665098543611],[-73.97139631534189,40.64825778611389],[-73.96302038094923,40.65153206574601],[-73.96218573831077,40.649788797885414],[-73.96490357050966,40.648720969165105],[-73.96454098511755,40.6467986304249],[-73.96546735540002,40.646706158919905],[-73.96501177470171,40.64430215155451],[-73.96408758267715,40.64440641776777],[-73.96318588182669,40.63967181829386],[-73.95937694894427,40.64147155573624],[-73.95684697280595,40.62811987905421]]]}},{"type":"Feature","properties":{"ntaname":"Midwood","boroname":"Brooklyn","ntatype":"0"},"geometry":{"type":"Polygon","coordinates":[[[-73.95995564989907,40.62777867254032],[-73.94732672160579,40.62916656720963],[-73.94642265932397,40.624385567285984],[-73.94542442765486,40.62449560959775],[-73.94451833238585,40.619713647094606],[-73.94651373127832,40.61949401965242],[-73.94573691912028,40.615363406756806],[-73.94742608692873,40.61422460055345],[-73.95026514816935,40.61392435280245],[-73.94978380296796,40.61137175047718],[-73.95256552936772,40.61098718523608],[-73.95258786861042,40.611112239588856],[-73.96238548294355,40.609985993352424],[-73.96608191227934,40.62954270682606],[-73.96040734276028,40.63016253158138],[-73.95995564989907,40.62777867254032]]]}},{"type":"Feature","properties":{"ntaname":"Gravesend (East)-Homecrest","boroname":"Brooklyn","ntatype":"0"},"geometry":{"type":"Polygon","coordinates":[[[-73.95859278363871,40.61040303093475],[-73.95683001567204,40.601087349580084],[-73.95775745922596,40.60098588910529],[-73.95607720352429,40.59210143244571],[-73.95700330269894,40.59200225623484],[-73.95619424469258,40.58776182693213],[-73.96034953431355,40.58730628657616],[-73.96067984068368,40.59159758262637],[-73.97557081872898,40.58994799105394],[-73.977514113195,40.59113731268437],[-73.97769565737501,40.59218653785834],[-73.98071013128079,40.59399722863562],[-73.97995443385788,40.594073812106664],[-73.98035785385929,40.596191542248995],[-73.97148350722854,40.59717158495783],[-73.9719108041114,40.59942305913219],[-73.97291116841225,40.59931580420337],[-73.97217742734902,40.604194712039984],[-73.97299433938896,40.60881414180244],[-73.96429649832035,40.60977642617522],[-73.96478112677045,40.612330922164034],[-73.96285973961456,40.6125494864672],[-73.96238548294355,40.609985993352424],[-73.95859278363871,40.61040303093475]]]}},{"type":"Feature","properties":{"ntaname":"Madison","boroname":"Brooklyn","ntatype":"0"},"geometry":{"type":"Polygon","coordinates":[[[-73.93753749374042,40.6085573902577],[-73.93972613778841,40.60713291512225],[-73.93426266637961,40.60223071136663],[-73.93503274500065,40.60173379140355],[-73.93447158747561,40.60123151189664],[-73.94288953907643,40.6003186501982],[-73.94248473186849,40.59820036611433],[-73.95692719559784,40.59661207631091],[-73.95775745922596,40.60098588910529],[-73.95683001567204,40.601087349580084],[-73.95859278363871,40.61040303093475],[-73.95258786861042,40.611112239588856],[-73.95256552936772,40.61098718523608],[-73.94978380296796,40.61137175047718],[-73.95026514816935,40.61392435280245],[-73.94742608692873,40.61422460055345],[-73.94482770908357,40.61604620910915],[-73.94354697934085,40.60934655569804],[-73.94231175793385,40.60826819732566],[-73.93934703315237,40.61018714136856],[-73.93753749374042,40.6085573902577]]]}},{"type":"Feature","properties":{"ntaname":"Sheepshead Bay-Manhattan Beach-Gerritsen Beach","boroname":"Brooklyn","ntatype":"0"},"geometry":{"type":"Polygon","coordinates":[[[-73.929568582433,40.59682026542218],[-73.91809256392877,40.58657033550688],[-73.91805568585306,40.586436545676506],[-73.91831216167749,40.586386606011516],[-73.91917204255647,40.585955087874495],[-73.91960004700427,40.58616493347447],[-73.92013922923803,40.586056945263714],[-73.920184911296,40.58599060988699],[-73.92004691580856,40.58598860025654],[-73.92017117347483,40.58593990878521],[-73.92040498231091,40.58608977964587],[-73.92081091615107,40.58598413764182],[-73.92086842926197,40.58592108032127],[-73.9206698086596,40.58577362651986],[-73.92073901660137,40.58573009669377],[-73.92089145806911,40.58590306130067],[-73.92098905633075,40.58576904912308],[-73.92090603836381,40.58559058153379],[-73.92101218266103,40.58575359585845],[-73.9217626135607,40.58579970544549],[-73.92189955121951,40.58569317617626],[-73.92194817438843,40.58571175204443],[-73.92184819107767,40.5858384214366],[-73.92211851289852,40.58581051415326],[-73.92235337377305,40.58602393656258],[-73.92296409826415,40.58589445656136],[-73.92353515890925,40.58597772336974],[-73.92389501884077,40.585800713812546],[-73.9240426214717,40.58589971784237],[-73.92402182009441,40.58577353583491],[-73.92462665352754,40.5856330754526],[-73.92482119886837,40.585633798978996],[-73.92520361514241,40.58580627115565],[-73.92547713584663,40.58607879912258],[-73.92543995429875,40.58618236715278],[-73.92556400047988,40.58617214519201],[-73.92575369290398,40.58643702772941],[-73.92583822065585,40.586429716887814],[-73.92628231953488,40.58688625846605],[-73.92637018571116,40.586871420938415],[-73.92657322890143,40.58704912584228],[-73.92649781833158,40.587096082356865],[-73.92673977605557,40.58718850721844],[-73.9268423273604,40.58728968995399],[-73.92677874563459,40.587330385065044],[-73.92706884928623,40.587566661040114],[-73.92712785833075,40.58754022531694],[-73.92696733834246,40.58735379636852],[-73.92718761078223,40.587559503277994],[-73.92709935625653,40.58759103766579],[-73.92720774188844,40.58772275968957],[-73.92766228678121,40.58747011271585],[-73.92724937699526,40.58774969228393],[-73.9273568092889,40.588022176276354],[-73.92794598351121,40.58765882000524],[-73.92787426020541,40.58758815885404],[-73.92791625741158,40.58754873538705],[-73.92807906817849,40.58770246052338],[-73.92795555226488,40.58766660355736],[-73.92736935753528,40.58804459880316],[-73.9274045224574,40.58820644519791],[-73.92750396203982,40.588221360130504],[-73.9279017574099,40.58795340928016],[-73.92802185276412,40.58806875635107],[-73.9279231804831,40.587996187276985],[-73.92745467790976,40.58829956407424],[-73.92776143639102,40.58866060975899],[-73.9239529485009,40.591139850525295],[-73.9241996339265,40.59136428018892],[-73.9246012993856,40.59119932500336],[-73.92815905123096,40.58882524959022],[-73.92836271266754,40.58896901659462],[-73.92841885743049,40.5889340356005],[-73.92821616994843,40.58878391290409],[-73.92835866230406,40.588865431329204],[-73.9286734493378,40.588635164878305],[-73.92863061415584,40.588572636923466],[-73.9287576155367,40.58867429700595],[-73.92869567082195,40.588638434101],[-73.92839036856542,40.58886345782878],[-73.9284691076026,40.588932555611045],[-73.92837745971507,40.588981323616274],[-73.92862026499188,40.589120436296405],[-73.92891351845398,40.58891963277464],[-73.92888139684368,40.58885372007814],[-73.92895102993221,40.58890964240977],[-73.92866593842896,40.58914326406668],[-73.92921964005194,40.588813345444166],[-73.92917348137442,40.58886930984057],[-73.92924314818033,40.58895069162156],[-73.92915706333395,40.58887882962768],[-73.92909004308473,40.58892628554457],[-73.92915693821672,40.58899677039442],[-73.92907710569125,40.588935199839085],[-73.92901580207221,40.58897744003087],[-73.92908891321835,40.589040211687006],[-73.92894319888056,40.58902746482612],[-73.92900602982313,40.58909793954347],[-73.92893189960037,40.589035251304345],[-73.92886398914568,40.58908115186576],[-73.92894660608005,40.58915498810992],[-73.92884820698379,40.589091286332454],[-73.92875703499415,40.589152966925184],[-73.92964524527953,40.58936184634376],[-73.92998187866192,40.589515997878806],[-73.93001399131848,40.58946199810283],[-73.92975094353098,40.58932035518676],[-73.92937312175724,40.58922365916519],[-73.92976615773419,40.58929206844266],[-73.93003427450557,40.58942599650094],[-73.93057705718189,40.58989064170594],[-73.93034074246606,40.58980768474075],[-73.93016235501841,40.58956369760855],[-73.93010325988766,40.5896061050716],[-73.93037543247318,40.589940459710604],[-73.93029788091665,40.590035167630205],[-73.93056682228968,40.590016943606365],[-73.93058940381376,40.5899525916349],[-73.93062849364412,40.590252990337994],[-73.93056960885913,40.59004269203831],[-73.93046768917142,40.59006137258821],[-73.93052888333264,40.590307988677736],[-73.93065213846425,40.59029097949247],[-73.93067434421323,40.59059072181832],[-73.93063131413359,40.59032925810019],[-73.93052507228703,40.59033311292744],[-73.93047151959664,40.59085578447847],[-73.93049905444732,40.59092995632153],[-73.9306234424652,40.59091869477899],[-73.93064749948628,40.59061968316939],[-73.93064106700511,40.59094456692215],[-73.9304601366192,40.59100121851851],[-73.93069641658052,40.59101854140038],[-73.9304563207586,40.59102541699427],[-73.93044960172921,40.59107969192933],[-73.93072578729826,40.59108986026531],[-73.93050592216801,40.591093850737785],[-73.93037197718962,40.59121140137871],[-73.93060444306958,40.591186176221164],[-73.93060066840293,40.591484582041474],[-73.93057495301063,40.59122973111154],[-73.93046536765867,40.591273407093745],[-73.93040541662147,40.59173094264573],[-73.93060580656645,40.59154136200605],[-73.930465294205,40.59174725889191],[-73.93045091922694,40.59224503726202],[-73.93039905602124,40.59175559642919],[-73.93030161927118,40.59229917872127],[-73.93038850696445,40.59225224025474],[-73.93036443603306,40.592480093513785],[-73.93036221568056,40.59231177060923],[-73.93030109951036,40.59230803685358],[-73.93028656348353,40.5924455754656],[-73.93017616634198,40.59240622097059],[-73.93035364458565,40.59255495029426],[-73.93026510927261,40.59261940543573],[-73.93032634060388,40.592553689837175],[-73.9301897065827,40.59245411828898],[-73.93002301026142,40.592683046887615],[-73.9301019165656,40.592760766189905],[-73.93021251489309,40.59267837079525],[-73.93010658211568,40.59280495588762],[-73.9299900881546,40.592728286384855],[-73.9299125015645,40.59285339487323],[-73.9300989932412,40.592872440452545],[-73.93005244539346,40.59300024402351],[-73.93006353529147,40.59291716897083],[-73.92989066898437,40.59287079136786],[-73.92971282036608,40.593120048248274],[-73.92998120814408,40.59315888740959],[-73.93004238419583,40.59306087931824],[-73.92995591909562,40.5933085723268],[-73.92997593629227,40.59317381591626],[-73.92974147322658,40.59314392244574],[-73.92982317270908,40.593372695598596],[-73.93003922396665,40.59334843088403],[-73.92978081742058,40.59343674147179],[-73.92996116581315,40.59400571131949],[-73.93001650952186,40.59409453505716],[-73.93021519470311,40.59397294418475],[-73.93008159453139,40.59359546287146],[-73.93022756279994,40.59393062139965],[-73.93045934564684,40.59381449724241],[-73.93052488661866,40.59388024070105],[-73.93035968941524,40.593975941324175],[-73.93054679070711,40.59419930408576],[-73.93029934404385,40.59393805451043],[-73.93004011947687,40.59410488733067],[-73.93043246129608,40.594402674950075],[-73.9306134962184,40.59447681056669],[-73.93076122839551,40.594381900521014],[-73.930623056845,40.59420449816266],[-73.93083446436536,40.59441357130443],[-73.9306630351006,40.59446395143564],[-73.93083206587438,40.594430655669406],[-73.93093516114563,40.59445995036377],[-73.93126301572376,40.594244186118814],[-73.93122055938903,40.594183317262946],[-73.93132512146019,40.59427625669281],[-73.9309546342639,40.59446594520637],[-73.931366848268,40.59452917209466],[-73.93158758229917,40.59449506291109],[-73.9316156203621,40.59436596310965],[-73.93173994773672,40.594370868405576],[-73.9317638740002,40.594284098763005],[-73.93175808167206,40.59438432825892],[-73.93163177589155,40.594376622558826],[-73.93161313737266,40.59450351791198],[-73.93136806343367,40.594546450784875],[-73.93084626727232,40.594451525800004],[-73.93078131379613,40.594498955277004],[-73.93113820309127,40.59464019047986],[-73.93193364983969,40.594692404302585],[-73.93230826395404,40.59491634048729],[-73.93245217688444,40.594914967665915],[-73.9323718826514,40.59480236388978],[-73.93256343839334,40.59476347229722],[-73.9324376290322,40.594843636040025],[-73.93260420556844,40.59492954452514],[-73.93282654852884,40.59480374496932],[-73.93267653909824,40.59423641796739],[-73.93235089999555,40.59386846912445],[-73.9317589074308,40.59283010489938],[-73.9316741082931,40.59285395021907],[-73.93176073534399,40.593037094133656],[-73.9317109079429,40.59305030052074],[-73.93153495293322,40.5926928305191],[-73.93162526000405,40.59282794876064],[-73.93174087511966,40.59279439369458],[-73.93156462560293,40.592551740771874],[-73.93143675613739,40.59216713502089],[-73.93130932293114,40.59216058172887],[-73.93113956057566,40.59200892874772],[-73.93136406792838,40.591928373072385],[-73.93139997986377,40.59180489056233],[-73.93100989343107,40.591931042983724],[-73.93099465973175,40.591818199488856],[-73.93135300954727,40.591791193962095],[-73.93130130789028,40.59169297111276],[-73.93142565373765,40.5916041846498],[-73.93104847875684,40.59172629086622],[-73.93107602225687,40.591597593270926],[-73.93107702484347,40.59168869665363],[-73.93123057043015,40.59164198313328],[-73.93130541636037,40.591360358668496],[-73.93124592494814,40.59163697699607],[-73.93142252650097,40.59158857039074],[-73.93154334667128,40.59135047168585],[-73.93146654894619,40.59139890185916],[-73.93143272420807,40.59123924130821],[-73.9314764750352,40.591342072281726],[-73.93155939441614,40.59129296407095],[-73.93155272211979,40.59119979703662],[-73.93142883104393,40.59113638100192],[-73.93141600360825,40.59060910592313],[-73.93134125982613,40.59061546325315],[-73.93113301959801,40.58954611892421],[-73.93121294858955,40.589531308119504],[-73.93109178164573,40.58932656557231],[-73.93088880073566,40.58920734017392],[-73.93068568059813,40.58882195422702],[-73.93056889562718,40.58877843681955],[-73.93009138279221,40.58898886237912],[-73.93065021927463,40.58866987027354],[-73.9303996759751,40.58846552041546],[-73.92972846380138,40.58861391633256],[-73.93038545256262,40.588441616079045],[-73.9297223258076,40.58756008340617],[-73.93134917824065,40.58732816722968],[-73.93125191267131,40.58684982521449],[-73.93118073044249,40.58679873421621],[-73.9310452875478,40.58681416003734],[-73.93105809300582,40.58690727687624],[-73.92964322159125,40.58703132747091],[-73.93101679851631,40.58688552821935],[-73.93101218068466,40.58683048768324],[-73.92966894624747,40.586955311677116],[-73.92919437666498,40.58708753211465],[-73.92857393936512,40.587061501869044],[-73.92808232971637,40.58669769343521],[-73.92811957884437,40.58632914969716],[-73.928038944034,40.58632382975424],[-73.92814969379575,40.58617810726052],[-73.92791933785799,40.5861358065489],[-73.92816473860934,40.586114003495354],[-73.92817273929941,40.586172852199056],[-73.92827672497562,40.5861069440729],[-73.92815700695559,40.585864523568844],[-73.92785999074827,40.585917423186956],[-73.92774311153144,40.586050065209555],[-73.92736955785888,40.58600658531652],[-73.92758641829884,40.586254135332524],[-73.92759559857396,40.58640009760128],[-73.92751621995603,40.58639826671562],[-73.92751168880422,40.58627010754147],[-73.92728079726994,40.5860439095113],[-73.9273724766157,40.58595920431333],[-73.92730433823876,40.58586592842007],[-73.92676297506472,40.5856003724834],[-73.92638041881064,40.585295756347925],[-73.92630563576297,40.585361566237054],[-73.92660195846578,40.58552907123903],[-73.92654820963277,40.58557531589038],[-73.92549354358314,40.585019292003395],[-73.92552860874511,40.58497837707544],[-73.92627529542231,40.58535264744218],[-73.92634542074764,40.585276154250735],[-73.92583335828934,40.58495307772347],[-73.92681507371233,40.5848278455461],[-73.92712081784266,40.584879357670665],[-73.9272164914815,40.584783431487516],[-73.93139947444456,40.58607989549062],[-73.93126944934886,40.5854363939212],[-73.93019077814942,40.58508559303922],[-73.93009616234006,40.58450207623227],[-73.93204244838584,40.58423396007718],[-73.93186345428339,40.58308286125222],[-73.93197721282245,40.58311054203675],[-73.9319281118675,40.58286976893548],[-73.93237695742769,40.58291851048089],[-73.93201379961147,40.58292598174507],[-73.93201839411469,40.58311112512135],[-73.93259877057646,40.582919267412116],[-73.93349145637723,40.58305871726045],[-73.93348952833713,40.582964588044085],[-73.93420971487016,40.58297979839108],[-73.93420772865377,40.58309425873819],[-73.93437970143313,40.583139033673895],[-73.93455992902953,40.583165413126544],[-73.93456057101938,40.583020174335026],[-73.9352819437209,40.58309697737304],[-73.93527611180983,40.58324291318118],[-73.93569071639757,40.583275093189314],[-73.93567353145987,40.58301942441277],[-73.93582439275778,40.58302111555223],[-73.93576657211078,40.58327750984988],[-73.93613233580493,40.5833144741334],[-73.93625253184852,40.583247189124755],[-73.93628723189404,40.58300090355855],[-73.93609824903643,40.58301163943651],[-73.93609668691353,40.582948745833065],[-73.93656607029142,40.582957648786675],[-73.9363003120676,40.58300295567571],[-73.93631716129542,40.5831790512013],[-73.9365391284703,40.58316362142077],[-73.93657592374815,40.58324050609238],[-73.93697427463799,40.58323032590889],[-73.93698767831079,40.5830162721714],[-73.93663307422491,40.58297221190426],[-73.9370592167742,40.582977982822946],[-73.93705290451025,40.58308469947822],[-73.9376326974329,40.583096268284294],[-73.93702675522793,40.58312587259922],[-73.93700558408256,40.5830160194716],[-73.93701481021185,40.58323327236416],[-73.93712459798441,40.58334673016444],[-73.93732470759876,40.58329281845621],[-73.93811917695129,40.58334047849272],[-73.9380942056185,40.58311681071679],[-73.93823991479728,40.5831168891334],[-73.93833089139768,40.58334119827832],[-73.93855276236457,40.58333798549408],[-73.93847712885815,40.583177897773965],[-73.93866846657704,40.58316442867781],[-73.93862755765123,40.5830670217977],[-73.93878660375543,40.58307093837788],[-73.93866851730635,40.58308406432642],[-73.93869745798725,40.58316493986961],[-73.93929640384748,40.58316726873515],[-73.93930153084881,40.58333321505465],[-73.93982538850558,40.58333144625072],[-73.93982883984624,40.58317053569241],[-73.93985851576763,40.58333133459821],[-73.94057745828864,40.58332822607628],[-73.9405660894776,40.583087368308256],[-73.94010903682964,40.58307506868189],[-73.94067657802263,40.583065805567514],[-73.9405856840531,40.58308597638882],[-73.94058872809934,40.58320694745662],[-73.9407001951476,40.58332762473231],[-73.94091645490734,40.583302406531494],[-73.94089710477455,40.583087606577365],[-73.94073840538704,40.58307561281743],[-73.94102517918674,40.58307036190642],[-73.94091450362929,40.58308833841576],[-73.94093422085346,40.58330230643689],[-73.94115699675433,40.58329922797088],[-73.94109844565534,40.583094776197406],[-73.94120155728876,40.5830904652052],[-73.9412092982398,40.583298504883224],[-73.94144050857247,40.58334014697382],[-73.94157408083602,40.583607555437005],[-73.94255133499362,40.58351447617067],[-73.94202033352745,40.58311042378267],[-73.94214938810192,40.5831066795511],[-73.94270167762933,40.58350879811679],[-73.9430470964595,40.58349212996706],[-73.94256316190935,40.58312734801921],[-73.94268774005624,40.583122817074816],[-73.9431950615802,40.58348966263348],[-73.94354467530928,40.583471014361265],[-73.94309334781462,40.583134545214584],[-73.9432281554656,40.583130820211295],[-73.94369153004567,40.583467754266145],[-73.94406764167053,40.58347200961319],[-73.94363589795726,40.583145573909725],[-73.9437651164146,40.58314471883176],[-73.94423403587089,40.5834799521493],[-73.94461828666189,40.58349662659049],[-73.94417458523755,40.58315829121842],[-73.94432059818025,40.583159425380416],[-73.94477544081295,40.58350780441004],[-73.94517477781615,40.58352137824443],[-73.94471270964229,40.583165044530475],[-73.9448451294092,40.58316423434115],[-73.94534992503475,40.58352905211058],[-73.94573014930472,40.58354487455897],[-73.94526670124631,40.58318251856744],[-73.94537605237828,40.58318193215332],[-73.94589911888079,40.5835526626104],[-73.94628634691942,40.58356868470295],[-73.94579941193012,40.58319463972759],[-73.945924129353,40.58319410443495],[-73.94643429059336,40.58356315259266],[-73.94678945068807,40.58355046711174],[-73.94631603582822,40.583206940210566],[-73.94645496477298,40.58320516808026],[-73.9469179627606,40.583546033752526],[-73.94726832639385,40.58353318156923],[-73.9468220294719,40.58319119187127],[-73.94701390883533,40.58318810148223],[-73.94746867861319,40.58352819536258],[-73.95349322048675,40.58298819826116],[-73.95330135995637,40.58200275013628],[-73.94969672499387,40.58231940106685],[-73.94274062592515,40.58099558955944],[-73.93381280663854,40.58113292624486],[-73.93381364630875,40.58121398955522],[-73.9351340770494,40.581183789055316],[-73.93510879115131,40.581303817523796],[-73.93509532596771,40.58121061946596],[-73.93340042885238,40.58121538886942],[-73.933399318031,40.5811648015249],[-73.93376313431382,40.581183466225944],[-73.93375801356113,40.581132041606025],[-73.93300348916367,40.58114467591995],[-73.93297161890723,40.58128362957239],[-73.93290958744812,40.58114576736131],[-73.93287295022404,40.581286000473405],[-73.93286916364703,40.58114848252081],[-73.93280636427473,40.58114741868668],[-73.93269753266526,40.58126928847321],[-73.9325800656803,40.58126474120362],[-73.93181497833322,40.578958697230284],[-73.93182688427189,40.578680471095595],[-73.93169026330267,40.578178861147066],[-73.93106028042047,40.576265920599255],[-73.93106288335754,40.57616309971831],[-73.9315025674399,40.575660505629614],[-73.93486092830419,40.57552779666838],[-73.9348935645518,40.57522164650044],[-73.93499540304086,40.57522641258893],[-73.93500161782048,40.575435620836394],[-73.93507861830436,40.57550946601038],[-73.93647107586537,40.57586049685914],[-73.93660358189865,40.57577240544767],[-73.93670752537317,40.57541842720061],[-73.93683116238508,40.575560016966804],[-73.9425090782839,40.575373555034545],[-73.94247626518174,40.575494106450556],[-73.94255712254095,40.57556433077126],[-73.94364149533087,40.57577286046116],[-73.94427911430863,40.575800511386255],[-73.94463319129606,40.575691196747314],[-73.94455272237937,40.57529349621082],[-73.94460054017128,40.57523546894723],[-73.94474441594889,40.57551372743723],[-73.94572352017441,40.575559439486625],[-73.94603603738693,40.5754656566568],[-73.9461823758693,40.57529883605625],[-73.94620550151313,40.57519906694646],[-73.94595330078211,40.57521201822412],[-73.94592390235844,40.57511543230958],[-73.94896375973423,40.57477820471427],[-73.94991862625965,40.57455162524185],[-73.95210772663668,40.574383665963765],[-73.9523978292277,40.57424704974485],[-73.95381061915536,40.581747857901654],[-73.95392000659137,40.58186979357323],[-73.95414287795555,40.583106140608365],[-73.95645728993851,40.58265885105747],[-73.95722967971803,40.58314556790874],[-73.95733608258104,40.583025135382705],[-73.95910958808311,40.582856675715334],[-73.96004798601562,40.583269872406554],[-73.96010509454604,40.58340835766191],[-73.96034190762008,40.58596836626237],[-73.96034953431355,40.5873062865762],[-73.95619424469248,40.58776182693213],[-73.95700330269884,40.5920022562349],[-73.95607720352423,40.59210143244571],[-73.95692719559784,40.59661207631091],[-73.94248473186853,40.59820036611436],[-73.94288953907648,40.600318650198226],[-73.9344715874755,40.601231511896685],[-73.93503274500071,40.60173379140359],[-73.93355117087616,40.60268728132731],[-73.92813139604965,40.59777792864857],[-73.929568582433,40.59682026542218]]]}},{"type":"Feature","properties":{"ntaname":"Ocean Hill","boroname":"Brooklyn","ntatype":"0"},"geometry":{"type":"Polygon","coordinates":[[[-73.91804606826437,40.68721324777017],[-73.900046261425,40.676893089537934],[-73.90291887174801,40.675684581420235],[-73.90438792712321,40.675206747108405],[-73.90450912182776,40.675052110986805],[-73.90841931500182,40.673313332723225],[-73.91923062877677,40.66863136530563],[-73.91941763254081,40.668397044075455],[-73.9199557729117,40.66831932040192],[-73.92275257154432,40.66709733296182],[-73.92164748043935,40.67887054703222],[-73.91630119729398,40.678577112935855],[-73.91804606826437,40.68721324777017]]]}},{"type":"Feature","properties":{"ntaname":"Brownsville","boroname":"Brooklyn","ntatype":"0"},"geometry":{"type":"Polygon","coordinates":[[[-73.90347422276412,40.675506683779915],[-73.90042827299183,40.66380799826674],[-73.9014511454986,40.66365836465708],[-73.9006611860288,40.6605861585068],[-73.89988908621974,40.660639807287204],[-73.89965233213725,40.66073541688037],[-73.89878859226317,40.65741288789167],[-73.90048767160255,40.657148680357004],[-73.90118559776651,40.65651455160301],[-73.90243821449572,40.65569197435763],[-73.90317858259424,40.6553116338363],[-73.90784346309921,40.654591531248215],[-73.90740035662826,40.652843990142486],[-73.90855790456779,40.65209593779417],[-73.90933499313002,40.652808592144346],[-73.91012255610413,40.655851772056174],[-73.91236458830515,40.65551356575163],[-73.9181849297238,40.660726208914795],[-73.91909681470982,40.664230484459814],[-73.92165571527732,40.6638435756695],[-73.92439099296747,40.666381423277436],[-73.9199557729117,40.66831932040192],[-73.91941763254081,40.668397044075455],[-73.91923062877677,40.66863136530563],[-73.90841931500182,40.673313332723225],[-73.90450912182776,40.675052110986805],[-73.90438792712321,40.675206747108405],[-73.90347422276412,40.675506683779915]]]}},{"type":"Feature","properties":{"ntaname":"East Flatbush-Erasmus","boroname":"Brooklyn","ntatype":"0"},"geometry":{"type":"Polygon","coordinates":[[[-73.9424014784059,40.655884811594845],[-73.94189204296681,40.65116934638694],[-73.94282541722835,40.65110998396282],[-73.94263113072203,40.649339757731575],[-73.9431224483661,40.649309184427615],[-73.94300384405591,40.648594768923104],[-73.94352957960122,40.648577244132206],[-73.94337384775304,40.64711470321855],[-73.94434377333857,40.64707820118376],[-73.94416921788462,40.64542918722383],[-73.94607216692587,40.64531181207457],[-73.94586879159807,40.643423744606935],[-73.94778994529514,40.64330573644883],[-73.94744296706789,40.640047665746565],[-73.94841343299743,40.63998746458364],[-73.94826499590872,40.63860719020929],[-73.95115988406074,40.6384178999094],[-73.95360004631412,40.63842234744985],[-73.95404358458175,40.63887754918987],[-73.9541264103894,40.63916129928231],[-73.95473024704435,40.64477257836159],[-73.95565196108853,40.64663041064682],[-73.958106721314,40.64651800986065],[-73.95815003514555,40.64776767369132],[-73.95826081923693,40.648532745533515],[-73.95870789822969,40.65038727378277],[-73.95582518307756,40.65052980807852],[-73.95638851524795,40.65587456589966],[-73.95015965960431,40.656260231585044],[-73.95006664861296,40.65542299720048],[-73.9424014784059,40.655884811594845]]]}},{"type":"Feature","properties":{"ntaname":"East Flatbush-Farragut","boroname":"Brooklyn","ntatype":"0"},"geometry":{"type":"Polygon","coordinates":[[[-73.93738309030023,40.64490488763237],[-73.93728427160634,40.643957722024766],[-73.92572164835737,40.644673383912746],[-73.92550278304837,40.642375154952795],[-73.92538232946819,40.642384532666334],[-73.92586068563264,40.639211071539165],[-73.92606337973407,40.63852406103565],[-73.92612684910615,40.63774352323184],[-73.92652490760382,40.63649272379852],[-73.92744822162443,40.63525840955707],[-73.93726700030824,40.634650626176104],[-73.93701746157781,40.63231097913595],[-73.94561754645717,40.631777430312106],[-73.94586773527199,40.634117548159686],[-73.94777330328344,40.63399815669721],[-73.94841343299743,40.63998746458364],[-73.94744296706789,40.640047665746565],[-73.94778994529514,40.64330573644883],[-73.94586879159807,40.643423744606935],[-73.94607216692587,40.64531181207457],[-73.94416921788462,40.64542918722383],[-73.94434377333857,40.64707820118376],[-73.94337384775304,40.64711470321855],[-73.94330831781305,40.64652673220832],[-73.9427996095848,40.64654261731527],[-73.94260824580195,40.64466186238323],[-73.93738309030023,40.64490488763237]]]}},{"type":"Feature","properties":{"ntaname":"East Flatbush-Rugby","boroname":"Brooklyn","ntatype":"0"},"geometry":{"type":"Polygon","coordinates":[[[-73.92089764601207,40.65362510688705],[-73.91973736982146,40.64277814834529],[-73.92329824381295,40.63992322166816],[-73.92356525815107,40.64249929828592],[-73.92550278304837,40.642375154952795],[-73.92572164835737,40.644673383912746],[-73.93728427160634,40.643957722024766],[-73.93738309030023,40.64490488763237],[-73.9335758870938,40.64508370173643],[-73.93261418205336,40.6452454785955],[-73.93299946929406,40.64878627550205],[-73.938706837173,40.64851744360726],[-73.93886143773868,40.64957194121643],[-73.94263113072203,40.649339757731575],[-73.94282541722835,40.65110998396282],[-73.94189204296681,40.65116934638694],[-73.9424014784059,40.655884811594845],[-73.93090354800286,40.656610355983545],[-73.93108323032916,40.65829591603608],[-73.93399584733432,40.65811864639278],[-73.93423037418957,40.66041523394781],[-73.93132569626003,40.66059330752637],[-73.93160743269029,40.66355672329819],[-73.93068465339032,40.663620477274634],[-73.92464345482513,40.65818315832013],[-73.925406998263,40.65767996985988],[-73.92089764601207,40.65362510688705]]]}},{"type":"Feature","properties":{"ntaname":"East Flatbush-Remsen Village","boroname":"Brooklyn","ntatype":"0"},"geometry":{"type":"Polygon","coordinates":[[[-73.90855790456779,40.65209593779417],[-73.91995062900948,40.64470763123676],[-73.92089764601207,40.65362510688705],[-73.925406998263,40.65767996985988],[-73.92464345482513,40.65818315832013],[-73.93068465339032,40.663620477274634],[-73.92439099296747,40.666381423277436],[-73.92165571527732,40.6638435756695],[-73.91909681470982,40.664230484459814],[-73.9181849297238,40.660726208914795],[-73.91236458830515,40.65551356575163],[-73.91012255610413,40.655851772056174],[-73.90933499313002,40.652808592144346],[-73.90855790456779,40.65209593779417]]]}},{"type":"Feature","properties":{"ntaname":"Holy Cross Cemetery","boroname":"Brooklyn","ntatype":"7"},"geometry":{"type":"Polygon","coordinates":[[[-73.9335758870938,40.64508370173643],[-73.94260824580195,40.64466186238323],[-73.9427996095848,40.64654261731527],[-73.94330831781305,40.64652673220832],[-73.94337384775304,40.64711470321855],[-73.94352957960122,40.648577244132206],[-73.94300384405591,40.648594768923104],[-73.9431224483661,40.649309184427615],[-73.93886143773868,40.64957194121643],[-73.938706837173,40.64851744360726],[-73.93299946929406,40.64878627550205],[-73.93261418205336,40.6452454785955],[-73.9335758870938,40.64508370173643]]]}},{"type":"Feature","properties":{"ntaname":"Flatlands","boroname":"Brooklyn","ntatype":"0"},"geometry":{"type":"Polygon","coordinates":[[[-73.91973736982146,40.64277814834529],[-73.91690302605198,40.61627422991029],[-73.92052694019563,40.6139426950058],[-73.92062400176053,40.61483868167421],[-73.92640044535042,40.6144785355311],[-73.92629769848605,40.61319215567536],[-73.92739580602223,40.61405269107762],[-73.93173179059826,40.61792692139374],[-73.93320457514422,40.61697044275365],[-73.93686699540746,40.62025328173514],[-73.94078914021121,40.6176967898908],[-73.94346961949489,40.617385002372195],[-73.94395779406366,40.616816309966694],[-73.94467599432576,40.61616511253547],[-73.94573691912028,40.615363406756806],[-73.94651373127832,40.61949401965242],[-73.94451833238585,40.619713647094606],[-73.94542442765486,40.62449560959775],[-73.94642265932397,40.624385567285984],[-73.94732672160579,40.62916656720963],[-73.94415535167828,40.62950828571032],[-73.94647961630966,40.63170816218013],[-73.93701746157781,40.63231097913595],[-73.93726700030824,40.634650626176104],[-73.92744822162443,40.63525840955707],[-73.92652490760382,40.63649272379852],[-73.92616377706318,40.63757296117923],[-73.92606337973407,40.63852406103565],[-73.92586068563264,40.639211071539165],[-73.92538232946819,40.642384532666334],[-73.92356525815107,40.64249929828592],[-73.92329824381295,40.63992322166816],[-73.91973736982146,40.64277814834529]]]}},{"type":"Feature","properties":{"ntaname":"Marine Park-Mill Basin-Bergen Beach","boroname":"Brooklyn","ntatype":"0"},"geometry":{"type":"Polygon","coordinates":[[[-73.9171951501055,40.63173820625012],[-73.91746163073749,40.63151660162953],[-73.91747234596072,40.63119249000636],[-73.91732163529545,40.63100649735685],[-73.91668694187153,40.63073738371554],[-73.91659169782919,40.630451857973206],[-73.90396106711259,40.62483361555432],[-73.90385540595587,40.6249401981967],[-73.90546206137181,40.62577482018623],[-73.90532958044659,40.62586495608463],[-73.90539726701465,40.62576726813142],[-73.90320897829208,40.62466523738441],[-73.90312443792637,40.624737953261416],[-73.90320848278458,40.62464076938323],[-73.90307005655593,40.62470549847208],[-73.90312436585704,40.62461885378045],[-73.90262747107393,40.62437012914591],[-73.90254656112614,40.62444423916973],[-73.90263059517275,40.62434936424857],[-73.90313231786563,40.624602256699546],[-73.9032704594402,40.62448418394116],[-73.90269333271974,40.62421333487348],[-73.9028326222324,40.62405099444965],[-73.90271898762929,40.62405239371312],[-73.90241543050294,40.62446290725023],[-73.9022870793228,40.6244098539305],[-73.9024038097296,40.62444239705106],[-73.90271369573043,40.62402332683616],[-73.90262364456619,40.623976551768095],[-73.90274531019497,40.623982567015446],[-73.90264355554693,40.62392468930741],[-73.90284816261747,40.623994217822485],[-73.90275168375585,40.62388298807549],[-73.90291619574111,40.62395453125661],[-73.9028329051439,40.623603362298304],[-73.90258269955024,40.62351336868194],[-73.90221556048728,40.623575140422595],[-73.90211984871482,40.62324836123758],[-73.90186730427492,40.62296244409323],[-73.90134079008513,40.62287276159713],[-73.90093701476499,40.62259904059597],[-73.90060516062984,40.62173794446203],[-73.90042604035382,40.621647564310805],[-73.90016300858034,40.621677094243765],[-73.9019895070519,40.620562190469464],[-73.89810073621506,40.617043985744445],[-73.89853771030695,40.6162651784475],[-73.89855614096581,40.615148674172104],[-73.89893627906505,40.6148335118779],[-73.90213040256702,40.612780001262294],[-73.90347276452162,40.61398661316734],[-73.90418982324461,40.6135645608517],[-73.90587105277362,40.61506331397742],[-73.90573455901233,40.61488297394399],[-73.90588571114608,40.61500182609097],[-73.90599790513686,40.614925896928014],[-73.90603328924865,40.61495338921976],[-73.90587937620926,40.61507746141158],[-73.90696283579106,40.6161140175785],[-73.90717291149848,40.61600987533857],[-73.90673848666331,40.616295920492874],[-73.90681023106957,40.61635959478324],[-73.90725685565057,40.616087581376945],[-73.90708346968337,40.616221367023385],[-73.90722592437267,40.61635152593253],[-73.9074425541213,40.616258535198206],[-73.90702160678437,40.61653360035698],[-73.9071059539902,40.616609860214474],[-73.90752735132088,40.616344433051715],[-73.90724169382693,40.61655150188779],[-73.90747503705705,40.61671274456863],[-73.90758977173546,40.61662937645141],[-73.90767882862006,40.61669544000822],[-73.90755135602237,40.61678073963073],[-73.90761659104629,40.61689646662551],[-73.90791591453498,40.61690353460081],[-73.90799650061157,40.61696364150026],[-73.90799433303796,40.617175217259124],[-73.90824570676433,40.617185425183344],[-73.90838646239753,40.61739102877563],[-73.90860351593497,40.617265496551795],[-73.90879088017641,40.61743639672161],[-73.90886910924927,40.61739079305825],[-73.90863333912958,40.61716785490955],[-73.9088369111078,40.61731164662783],[-73.90907145153955,40.61716043833205],[-73.90835403214668,40.61653099896171],[-73.9087942081916,40.6168729573248],[-73.90913839448287,40.616632551110484],[-73.9091385318665,40.61653162172922],[-73.90810560476267,40.61566901693128],[-73.90797306390455,40.61573684456395],[-73.9081566385159,40.615601124051786],[-73.90812345756471,40.61565156278909],[-73.90917675105386,40.61652194698045],[-73.90916894153112,40.61664616184919],[-73.90881456208578,40.61689044188259],[-73.90895706128654,40.61699148532209],[-73.90964406040283,40.61657537200228],[-73.90959740910328,40.61639266979952],[-73.90900782730661,40.61577278690749],[-73.9085350148089,40.61545063057588],[-73.9083603562736,40.615454983088114],[-73.90777596193726,40.615243145753965],[-73.90535845077167,40.61304033926638],[-73.90421569492383,40.612356572030954],[-73.9043548540769,40.612226698783175],[-73.90427466210274,40.612155271695926],[-73.9042860043324,40.61201678153768],[-73.90420814080393,40.611955152852914],[-73.90410629795011,40.61204241028643],[-73.90404332463318,40.611998686933944],[-73.90416083844507,40.6119725815914],[-73.90414089057157,40.61189613988576],[-73.90350980716217,40.6114064908748],[-73.90331047012432,40.611547164366435],[-73.90349407381757,40.61138900924487],[-73.90313578707024,40.6109675381573],[-73.90286496065242,40.61088193328218],[-73.90274504537491,40.610931468731614],[-73.90262906776398,40.61081018839775],[-73.90268277862727,40.610752723336745],[-73.90225859966276,40.61042277260011],[-73.90220516294329,40.609553085061506],[-73.90207490730769,40.60954900355516],[-73.90214599059729,40.60904276556266],[-73.90196164219753,40.60861970003283],[-73.9020144080896,40.60835068190095],[-73.90187803412165,40.60780778415166],[-73.90189745276354,40.60723317803495],[-73.90164211790079,40.60576336073908],[-73.90177669809985,40.605674686556014],[-73.90189710069492,40.60572961179595],[-73.9052430092616,40.604910090324076],[-73.90539181422342,40.60522680883008],[-73.90533534473141,40.605324270159784],[-73.9054243993728,40.60554029758904],[-73.90597461177855,40.60638402870451],[-73.90753285466138,40.606370080374624],[-73.90809821909194,40.60627863560974],[-73.9081851262517,40.60643329809497],[-73.90835106213059,40.60639084178119],[-73.90844815360823,40.60661674724249],[-73.90863959535422,40.60665872204806],[-73.90906279580979,40.60646614621058],[-73.90933804983145,40.60647760302495],[-73.90984528326638,40.606168305507296],[-73.9098515484547,40.605999722177884],[-73.90960943418473,40.60565779504576],[-73.908945318632,40.60504942652826],[-73.90885691315668,40.60506007379733],[-73.90874285904943,40.604729267021355],[-73.90854436867018,40.60444585598182],[-73.90847461061072,40.60445816259508],[-73.90832536835099,40.604073374421425],[-73.91092270021103,40.6035054766035],[-73.91365119759595,40.60398251383714],[-73.91377776447142,40.60420645695349],[-73.9138414217297,40.60415768418537],[-73.91497779074864,40.60520409504988],[-73.91491345354056,40.605245386255724],[-73.91504389033244,40.605355722608216],[-73.91509616292997,40.60532360703487],[-73.91673556486195,40.60681456155035],[-73.91675554034506,40.606906442611304],[-73.9166044214794,40.60708939344488],[-73.91670644360785,40.60716337556556],[-73.91661465264755,40.60720525980117],[-73.91672115759032,40.60762484678032],[-73.91632230017449,40.60867566317177],[-73.91678394366942,40.6087738833868],[-73.91657073983414,40.609423539546114],[-73.91662568373555,40.60943683665833],[-73.91683981052823,40.60876001472024],[-73.91648700927323,40.60869920872258],[-73.91650924469977,40.60862975408972],[-73.91688964587311,40.608710013687094],[-73.91682803243748,40.608906057366895],[-73.91699867098303,40.60893673081485],[-73.91708838503367,40.60882085439612],[-73.91702822741907,40.60897487741362],[-73.916819645297,40.608931385880176],[-73.91665676533457,40.60943674997094],[-73.91679953090745,40.60949419172869],[-73.91664099809648,40.609545431890155],[-73.9166637973001,40.609457285587816],[-73.91656604065817,40.60943782267791],[-73.91638585145203,40.61008889290506],[-73.91627678158125,40.61010958945716],[-73.91606077132579,40.61043050936313],[-73.9161647503772,40.6105155750763],[-73.91492035932123,40.61126665733827],[-73.91499950855342,40.611335728808875],[-73.91489001105649,40.61139315949278],[-73.91481827328002,40.6113420778484],[-73.91449542205973,40.61165322366508],[-73.91486259053711,40.61329854260257],[-73.91476336459147,40.613370238319014],[-73.91479289781104,40.61353268727771],[-73.91486977791297,40.61349308208793],[-73.9149341879036,40.61395815555777],[-73.91386053060802,40.6146422680659],[-73.914079858683,40.61488823339921],[-73.91422619595802,40.61480335189148],[-73.9141120615841,40.61490147801352],[-73.91428072662931,40.614938816187994],[-73.91450091245338,40.61486515731565],[-73.91466875774388,40.61467525055114],[-73.91477780531923,40.61467722000382],[-73.91642099003494,40.613569354692906],[-73.9159145211068,40.613845376312554],[-73.91572538303375,40.61361803080392],[-73.91576807356562,40.61354033333599],[-73.91575004260955,40.61361719582302],[-73.91597173175457,40.61380783486427],[-73.91624768959649,40.61362610028882],[-73.91588490852054,40.613328587699705],[-73.91574585230389,40.61338485969808],[-73.91596572434308,40.61323639646865],[-73.91588941550151,40.61330979960588],[-73.91626452766592,40.613605613206886],[-73.91639586745879,40.61344683403491],[-73.91599307131547,40.61288193934452],[-73.91587086536354,40.61291003739075],[-73.9160031884947,40.61285973859151],[-73.9164991210398,40.6135205420982],[-73.91662804371141,40.613443589265685],[-73.91573181927129,40.61183084451401],[-73.916746523893,40.61117845546838],[-73.9165893648604,40.61109075400452],[-73.91671582048858,40.61103985070171],[-73.91667311208072,40.61100582325027],[-73.91682920812514,40.61111807722054],[-73.91811036612988,40.610208394560445],[-73.9181026149893,40.61012428409874],[-73.91773185483912,40.609782538201834],[-73.9178663862696,40.60932723380102],[-73.9176787075739,40.609662863943925],[-73.91796270083073,40.608785937120516],[-73.9178197277143,40.60930430006607],[-73.91787400308685,40.60931132817163],[-73.91802964447828,40.60884669704435],[-73.9185566612059,40.60849830904359],[-73.91809925398383,40.608093358258635],[-73.91800500501185,40.608149778514814],[-73.91818728590098,40.60802458091096],[-73.91812303859255,40.60808069476106],[-73.91857357570886,40.60848794679009],[-73.9190073708132,40.60826725547346],[-73.91824893434108,40.607588872927465],[-73.91813814889909,40.60764538741045],[-73.91836246737573,40.60750136992148],[-73.9184103972431,40.607544731667346],[-73.91830794532522,40.60761050821122],[-73.91902310765302,40.60825686819962],[-73.91935398418163,40.60804292228745],[-73.91837826940082,40.607174022438564],[-73.91825269092949,40.607229350640786],[-73.9185030041386,40.60707123652981],[-73.91840159359636,40.6071548528983],[-73.91937100429908,40.60803264124208],[-73.91950358918861,40.607974904478006],[-73.91952209796015,40.60773879743498],[-73.91924135011469,40.607385414363456],[-73.91868471829673,40.60696635699302],[-73.91858342114914,40.60677183359141],[-73.91794980501203,40.606209252342346],[-73.91852760745402,40.606113367142626],[-73.91970928643104,40.60730216328025],[-73.9206586164381,40.60675454338088],[-73.9215842904519,40.60763908589645],[-73.92444144261098,40.60579356998425],[-73.92624884959909,40.60741352225924],[-73.92986880113953,40.605071342130266],[-73.93351310667413,40.60834345631249],[-73.9342315749574,40.607897715857106],[-73.93604627615379,40.609514868917145],[-73.93753749374042,40.6085573902577],[-73.93934703315237,40.61018714136856],[-73.9423117579338,40.60826819732571],[-73.94354697934085,40.609346555698075],[-73.94482770908351,40.61604620910915],[-73.94395779406359,40.616816309966694],[-73.94346961949482,40.617385002372195],[-73.94078914021105,40.617696789890836],[-73.9368669954074,40.62025328173519],[-73.93320457514412,40.61697044275365],[-73.93173179059826,40.617926921393774],[-73.92739580602208,40.61405269107762],[-73.926297698486,40.61319215567536],[-73.92640044535047,40.61447853553114],[-73.92062400176049,40.61483868167425],[-73.92052694019553,40.613942695005846],[-73.91690302605194,40.61627422991029],[-73.91860224674097,40.63206832825301],[-73.9171951501055,40.63173820625012]]]}},{"type":"Feature","properties":{"ntaname":"Canarsie","boroname":"Brooklyn","ntatype":"0"},"geometry":{"type":"MultiPolygon","coordinates":[[[[-73.88833929256353,40.64671022841523],[-73.88849720193863,40.64675678600027],[-73.88853291212867,40.64686188223087],[-73.8884678792323,40.646899734553365],[-73.88833929256353,40.64671022841523]]],[[[-73.89125147174484,40.65002559738419],[-73.89056792841906,40.64920863310135],[-73.89085292234999,40.64937409864822],[-73.89101577841615,40.64934200789279],[-73.89120421309674,40.64912689958019],[-73.891096114747,40.64881249907927],[-73.88945074227742,40.647173955094075],[-73.88935086599787,40.647034699366955],[-73.88948152576064,40.646912755068406],[-73.88879690848671,40.64605025805656],[-73.8894139481689,40.646892999651534],[-73.8893760297505,40.646974754423375],[-73.88918799274558,40.6470795148877],[-73.88904487458706,40.64704697304477],[-73.88886541712225,40.647220035735195],[-73.88853549249235,40.64696814919819],[-73.88865398562874,40.64688506131472],[-73.88859932552029,40.646712468821114],[-73.8880813881791,40.64662057063343],[-73.88809441935716,40.646212786549505],[-73.8882898142075,40.64604421554579],[-73.88800052027007,40.64602770535484],[-73.88740960156417,40.645329280626996],[-73.88791690723616,40.64506754870302],[-73.88808383164988,40.64516423062652],[-73.88805587182858,40.645119787257485],[-73.88791252941961,40.64500348154422],[-73.88730217444433,40.64519592592971],[-73.88709182294312,40.64491897108724],[-73.88691203454515,40.64447377760806],[-73.88678424430306,40.644446318760366],[-73.88678523743322,40.644522339478904],[-73.88654888955908,40.644312490881205],[-73.88622602727345,40.64394905538998],[-73.88623646791807,40.64381678772121],[-73.88602529679075,40.64366145040669],[-73.88585038128518,40.64365188258758],[-73.88469181436612,40.643121146972575],[-73.88373578763793,40.642450349188614],[-73.88078889725736,40.63975743263574],[-73.88076685498288,40.639581647653664],[-73.88594417690686,40.63622681167439],[-73.88288850822047,40.63343648718216],[-73.88409792490692,40.6323710799247],[-73.88544136129505,40.631401632810935],[-73.88747609059246,40.6301197781985],[-73.8889037414644,40.62991585837532],[-73.88951672357305,40.62936064691226],[-73.89011158941267,40.62897571437592],[-73.89209387061061,40.628657734739036],[-73.89227223272182,40.62910794675888],[-73.89081563470049,40.63085391554503],[-73.89277185864478,40.63180870450963],[-73.89955192927756,40.62746672981325],[-73.90011761863691,40.62701661680899],[-73.90146161102417,40.62523141885306],[-73.9037036978262,40.6262178584602],[-73.90412793141735,40.62630619963139],[-73.90825201141668,40.628248277065545],[-73.90911484526215,40.62855569878034],[-73.91446070941083,40.63099483080193],[-73.91606079988702,40.63203404982172],[-73.91663611920494,40.63203417027572],[-73.9171951501055,40.63173820625012],[-73.91860224674097,40.63206832825301],[-73.91995062900942,40.644707631236805],[-73.91830152283252,40.64581226325204],[-73.90944846291285,40.65152159979489],[-73.90868769412012,40.65072148112174],[-73.90827570599564,40.650498573806516],[-73.90398200421099,40.6466285675762],[-73.89586154781912,40.65188052733215],[-73.89761013176373,40.6534538161202],[-73.8935467700785,40.655202714083224],[-73.89175934324504,40.65279910771163],[-73.8900058905851,40.65114869763263],[-73.89125147174484,40.65002559738419]]]]}},{"type":"Feature","properties":{"ntaname":"Marine Park-Plumb Island","boroname":"Brooklyn","ntatype":"9"},"geometry":{"type":"MultiPolygon","coordinates":[[[[-73.91566114963578,40.586223454005804],[-73.91444848600902,40.5862371157937],[-73.91383319591372,40.58603458288927],[-73.91349961672795,40.58609582592042],[-73.91309925273504,40.58595093492343],[-73.91258587400705,40.585566744135654],[-73.91258404050248,40.585223400979096],[-73.91247874626467,40.584995850844734],[-73.91250598875641,40.58470730646356],[-73.91236790288794,40.58452617424746],[-73.91248473796166,40.58450618505921],[-73.9126084771919,40.584319948276175],[-73.91263581398019,40.583950297523444],[-73.91250460035735,40.583886355710845],[-73.91269014904348,40.5838751536067],[-73.91271079739681,40.58369994217201],[-73.91266228055694,40.58360599681899],[-73.91252584404202,40.58362708449992],[-73.91240864017935,40.583488475465394],[-73.91242103069457,40.58339278402747],[-73.91304660950463,40.58300754849579],[-73.91310764522169,40.58303932844326],[-73.91300400920764,40.58315116122524],[-73.91305439371871,40.58318671645352],[-73.91311537453171,40.583117428997674],[-73.91415019662927,40.582967244219184],[-73.91463166275364,40.582757634402945],[-73.91489741970577,40.58287261036782],[-73.91486183617289,40.58307425013917],[-73.91498685680658,40.583152839826184],[-73.91614199473273,40.58285743763408],[-73.91625458407773,40.58301910629959],[-73.91656345737127,40.58315201369996],[-73.91688414288251,40.58309884711772],[-73.91704549903487,40.583242663483574],[-73.91727150637792,40.58324885951142],[-73.91729861410717,40.5831908017497],[-73.91687676635951,40.58292337089765],[-73.91681104385314,40.5827620485573],[-73.91659049396182,40.582725777507484],[-73.916326405681,40.58281886992316],[-73.91624727128199,40.582706879614996],[-73.91602653797975,40.58262777742887],[-73.91605982993855,40.58255023359159],[-73.91596151080888,40.58243575834043],[-73.91541290900743,40.58236407430148],[-73.91510347182187,40.58237070807765],[-73.91485429620485,40.582494093108494],[-73.91438667636007,40.58238315804956],[-73.91433402510471,40.58248061376766],[-73.91446429302783,40.582609277816225],[-73.91423692445109,40.58259725242548],[-73.91417322815995,40.58280136166272],[-73.91372600624885,40.58272889387443],[-73.91335911380364,40.58295402101405],[-73.91296905167809,40.582972803126744],[-73.91293062903868,40.58292462972537],[-73.91305439577195,40.58273549604124],[-73.91299384246899,40.58270674067206],[-73.91285379588699,40.58301226729898],[-73.91269329275185,40.58296468735729],[-73.91250111083873,40.58307919365281],[-73.91222052272708,40.58296333954567],[-73.91248404877419,40.58288490240179],[-73.91191058860355,40.582963377252796],[-73.9115207341225,40.58274297190927],[-73.91128635983831,40.582313586292585],[-73.9112905774621,40.58217390663018],[-73.91149960130792,40.58181878045958],[-73.91298249383611,40.5817459954439],[-73.91371129986153,40.58162873719537],[-73.91444081609355,40.58171269722777],[-73.91505520170745,40.581543607722814],[-73.9164864675117,40.581761427290076],[-73.91765594991877,40.58210365633135],[-73.91814011869592,40.58213869717299],[-73.91979661929976,40.58265525771117],[-73.92221271877693,40.58325133341919],[-73.92321384460402,40.58344293381915],[-73.92443604095033,40.58355820294181],[-73.92557372740328,40.583513901559165],[-73.92562049997048,40.58345382026677],[-73.92712531836796,40.58357927388351],[-73.92963248074945,40.583398808123064],[-73.93067191890013,40.583159811778195],[-73.9308905317313,40.58293019462349],[-73.93073321708876,40.582845772165605],[-73.93074069433477,40.582758947695346],[-73.93096003144632,40.5827286102837],[-73.93171422041416,40.582811778842526],[-73.93183881303779,40.582945274164615],[-73.9317813495908,40.58304265605575],[-73.93186345428339,40.58308286125222],[-73.93204244838584,40.58423396007718],[-73.93009616234006,40.58450207623227],[-73.93019077814942,40.58508559303922],[-73.93126944934886,40.5854363939212],[-73.93139947444456,40.58607989549062],[-73.9272164914815,40.584783431487516],[-73.92712081784266,40.584879357670665],[-73.92681507371233,40.5848278455461],[-73.92583335828934,40.58495307772347],[-73.92530527480298,40.58464178833961],[-73.92502668562052,40.5847106937714],[-73.92455343860442,40.58461181921498],[-73.92344966227107,40.58481785396501],[-73.92271703901335,40.58467254788257],[-73.92118797531016,40.58465204899627],[-73.92101255415582,40.5845750192817],[-73.92073119153956,40.58467169003422],[-73.92000618741345,40.58466465323928],[-73.91958068616321,40.584907419495174],[-73.9188417747336,40.58504311679342],[-73.91890013645055,40.58509133310562],[-73.91879590672065,40.585223868594575],[-73.9184222236757,40.58537199677818],[-73.91824686034714,40.58542344523795],[-73.91824028513412,40.58531670453494],[-73.91812933347843,40.58544500870397],[-73.9176709568324,40.58561366108665],[-73.91713886589443,40.585681325030876],[-73.9169759868209,40.58588885499995],[-73.91594473634095,40.586145987629436],[-73.91578405157885,40.58611936463271],[-73.91566114963578,40.586223454005804]]],[[[-73.91990064336093,40.5996005215878],[-73.91998332969202,40.59953596652197],[-73.91915856836795,40.599609280918564],[-73.91892780618915,40.59955671907407],[-73.9188916996778,40.59945862249635],[-73.91865887598058,40.59947242837089],[-73.91843548282979,40.59916639133457],[-73.91705557820073,40.598468552608956],[-73.91626393108346,40.598161137312935],[-73.91618718702189,40.59780365085255],[-73.91601641749935,40.59750843831362],[-73.91582183952734,40.59738522845652],[-73.9158348937766,40.597312466826764],[-73.91554167664135,40.59708146456806],[-73.91507420366585,40.59649407823212],[-73.91441508107104,40.59604501653263],[-73.9138176516205,40.595042289874904],[-73.91338305751177,40.59472155328083],[-73.91325680990705,40.5943370751228],[-73.91306340001185,40.5940721111898],[-73.91309471978188,40.5934807945767],[-73.91320725394404,40.59331292963609],[-73.91315628604208,40.592669615850376],[-73.91326180340411,40.5922287762462],[-73.91318751518968,40.59210629707214],[-73.91295122631982,40.59205432996972],[-73.91439422677782,40.591511657998346],[-73.91524478238685,40.59158750868088],[-73.91604992895493,40.5922025980315],[-73.91610237772204,40.5923265636526],[-73.91601046924582,40.59242852020324],[-73.91636827963086,40.59274707199727],[-73.91644112902149,40.59312680994325],[-73.91704722360998,40.59388986932741],[-73.91787543558087,40.594722181022455],[-73.91838151998412,40.59497832279733],[-73.91852862030223,40.595159776129385],[-73.91874941782321,40.595192416049755],[-73.91880313812071,40.59532792908985],[-73.9189893639575,40.595354350892805],[-73.91901221723627,40.595446644308126],[-73.9200646452841,40.596030602371904],[-73.920199545372,40.596183345280735],[-73.92036469872691,40.59620036673377],[-73.9205835786962,40.596361184634716],[-73.92082947708731,40.596334691185675],[-73.92089682095238,40.59661265453546],[-73.92182277731894,40.59733293287272],[-73.92175992630537,40.59744468521309],[-73.9218642366908,40.59779822261296],[-73.92208881386216,40.598141451340915],[-73.92220420296172,40.59816412250427],[-73.92227201543655,40.59837681893889],[-73.92213049353334,40.59866259668008],[-73.92163283677688,40.5990576977223],[-73.9208916323198,40.5994311139329],[-73.92084893682663,40.59954139732863],[-73.92066385993064,40.59949760054126],[-73.91990064336093,40.5996005215878]]],[[[-73.93604627615379,40.609514868917145],[-73.9342315749574,40.607897715857106],[-73.93351310667413,40.60834345631249],[-73.92986880113953,40.605071342130266],[-73.92624884959909,40.60741352225924],[-73.92444144261098,40.60579356998425],[-73.9215842904519,40.60763908589645],[-73.9206586164381,40.60675454338088],[-73.91970928643104,40.60730216328025],[-73.9182752262132,40.60585395391936],[-73.90090076144324,40.590149592058296],[-73.90098700523913,40.590103019015885],[-73.89383431222048,40.58366494681508],[-73.89155833925665,40.58171740184862],[-73.89147550368558,40.581765381329824],[-73.88924339498203,40.57976751964633],[-73.88812417719397,40.57872829230975],[-73.88769395759935,40.57806323917918],[-73.88882349396322,40.57812221086003],[-73.88903678242181,40.57807727089578],[-73.88938036034648,40.57784616174759],[-73.88975533585878,40.57778841651407],[-73.89118413780355,40.577872112528],[-73.89207582927155,40.5774738700975],[-73.89351136425813,40.5771764306314],[-73.89454772078224,40.576839509729105],[-73.89552381007165,40.576769818436624],[-73.8959517811444,40.578019184425905],[-73.89651254310586,40.579007075075744],[-73.89675987675024,40.58125005480807],[-73.89657919121477,40.58235604751588],[-73.8967463702365,40.58318998503371],[-73.89722273038524,40.58409312740701],[-73.89727278198669,40.58432080758529],[-73.89816156619742,40.585350491061035],[-73.89793963862793,40.585880671875266],[-73.89827886597834,40.58651843774724],[-73.89826305484347,40.586785395351946],[-73.89891599908881,40.58753743555867],[-73.89965842539361,40.587097199550655],[-73.89973341305246,40.587165211607484],[-73.89899371735159,40.58762794668706],[-73.89957927949723,40.5879878062362],[-73.89981060525021,40.58801445705567],[-73.89990604460401,40.587794089751036],[-73.89987827846566,40.58797113881833],[-73.89994345059304,40.587983416525844],[-73.9000093251491,40.5878183493146],[-73.900303608471,40.58773256492378],[-73.90035530331288,40.58780658590902],[-73.90115709211169,40.58749551116613],[-73.90110684815411,40.58742024453202],[-73.90121791883185,40.58738334002339],[-73.90116046868427,40.58742876598405],[-73.90120752373674,40.58749925509607],[-73.90034256835513,40.58783483590839],[-73.90029373007684,40.587761675314745],[-73.900031156696,40.587869747747675],[-73.8999523407064,40.58804159869709],[-73.90031112653438,40.588100319507895],[-73.90088030290794,40.5880535233771],[-73.90133052222133,40.58787585706832],[-73.90209953736353,40.587356541176604],[-73.90285597557542,40.58736627066696],[-73.90339384113169,40.58723512625289],[-73.90358685482171,40.58706437064391],[-73.90409070029817,40.587022977969696],[-73.90426037350453,40.586912024831946],[-73.90486485460775,40.58707466895165],[-73.90587919859917,40.58749787594008],[-73.90581981778578,40.58764104677319],[-73.90588718425913,40.587877372914534],[-73.90651874671025,40.58802547311536],[-73.90685972536566,40.5878826758689],[-73.90712502406382,40.58752970296251],[-73.90696003272093,40.58739332183417],[-73.90649351281374,40.58734467491766],[-73.90633517612734,40.587131926250976],[-73.90643924223701,40.58703385687755],[-73.90810885035972,40.58679650530172],[-73.91088554171192,40.58594764500469],[-73.91152755089257,40.586105809031594],[-73.9118743661644,40.58636568414472],[-73.91197278431802,40.58669735696893],[-73.91192674622589,40.587066889926916],[-73.91175050673007,40.58726789732154],[-73.91204649316472,40.588165171291806],[-73.91205464083482,40.588737595232104],[-73.91159881585419,40.58991325527777],[-73.91143730752536,40.59108037160648],[-73.91170277040885,40.591655298621625],[-73.9117103475426,40.59212815615973],[-73.91194703970356,40.592548078783],[-73.91187269501016,40.59284512079418],[-73.91195807122638,40.59302260875907],[-73.91192068170413,40.593182508432264],[-73.91204122086704,40.59334456993337],[-73.9119867959279,40.59353399722266],[-73.91206887657427,40.593837736257065],[-73.91202884638848,40.59436759528021],[-73.91246124873419,40.59506933399293],[-73.91250801215475,40.59539763835789],[-73.91311695895091,40.595872482953986],[-73.91355033849386,40.596722296431366],[-73.91426527341667,40.597249191019344],[-73.9145497698065,40.597725459976054],[-73.91506580774453,40.59799807785642],[-73.91511056950434,40.598591215564774],[-73.91547769258098,40.59881888207758],[-73.91573791657294,40.599205841210164],[-73.91701087915857,40.59958724930008],[-73.91762238798943,40.600006158452494],[-73.91793379974358,40.60008214342202],[-73.91812979203043,40.60037336449719],[-73.91865355378185,40.6006858347739],[-73.91898343864284,40.6006688660971],[-73.91914838531422,40.60075475720692],[-73.91987171530278,40.60085170734615],[-73.9208478610165,40.6014619432512],[-73.92170503331239,40.601744370075785],[-73.92215545191837,40.60169973685616],[-73.92296824879091,40.60110571891587],[-73.92329545561196,40.60074243999835],[-73.92325633485426,40.60036050632952],[-73.9236098665661,40.60019163288855],[-73.92393997108142,40.599714349243776],[-73.9242598812266,40.59964243228678],[-73.9246598352226,40.599725989688245],[-73.9253252995898,40.60007291778959],[-73.92570234639055,40.60037758484211],[-73.9262688476049,40.60063717445521],[-73.92720951290785,40.60127258951405],[-73.92745675290992,40.60156813470071],[-73.92777485687374,40.60171732970201],[-73.9279980509141,40.601927872198274],[-73.92852506891894,40.60221187117892],[-73.92883624643024,40.60212182060693],[-73.92888251577631,40.60242727164921],[-73.92954149151934,40.60274908136815],[-73.92964131626842,40.603086527453655],[-73.92946605323785,40.603354896729996],[-73.92908751414673,40.60365419376044],[-73.92909057242127,40.603789981078236],[-73.9292055680049,40.60389201188955],[-73.92950334816211,40.60392664355959],[-73.92969699449466,40.60374516477208],[-73.92999616174679,40.60364364128365],[-73.93017807947317,40.60373634423522],[-73.93008194548366,40.603929372769784],[-73.93013393843577,40.60399812626958],[-73.93050933982799,40.603740473929776],[-73.93078736854922,40.603777120038366],[-73.93097467507575,40.603934643001146],[-73.93117476161733,40.6038504064349],[-73.93172784368656,40.60325097064022],[-73.93196227064384,40.60312163811818],[-73.93212319646196,40.60270973874635],[-73.93176200342052,40.602596384217996],[-73.93148823885093,40.60210772913073],[-73.93108919528396,40.60172225876688],[-73.93073018821799,40.60159276186154],[-73.93031885833612,40.601288573079415],[-73.93030680986847,40.60117167514363],[-73.93014462384336,40.6012645506748],[-73.92964936173334,40.601204458081575],[-73.92934268039237,40.60096915112218],[-73.92941042444443,40.60075976352296],[-73.92927494280951,40.60080123701247],[-73.92936653782012,40.60064700935654],[-73.92922698259743,40.60048810851625],[-73.92865250413764,40.6003855923315],[-73.9285923060007,40.60061161597647],[-73.92838858614411,40.600516821154805],[-73.9284354807066,40.6004082661573],[-73.9283768102623,40.60035009530475],[-73.92784799166354,40.60031605797958],[-73.92772746965205,40.60014575081426],[-73.92760041413598,40.60015560549078],[-73.9272024040044,40.59991008043438],[-73.92723463181059,40.59984540592702],[-73.92693981836622,40.599577846971776],[-73.92649518558166,40.59936201551157],[-73.92631564601346,40.59912713683185],[-73.92504791458867,40.598284582197024],[-73.92473568852414,40.59791196166457],[-73.92290185533977,40.596447563816525],[-73.92254928091326,40.5960996835769],[-73.92221332882592,40.59546483266442],[-73.92177536324344,40.595030926201346],[-73.92032140986454,40.59471884699281],[-73.91904140279858,40.5937653981544],[-73.91867439973274,40.59333207857894],[-73.91823203190458,40.593141285493786],[-73.91782860615405,40.592822546612204],[-73.9175581578388,40.592376716878434],[-73.91681979747301,40.59173562895041],[-73.91641150531142,40.59114162795135],[-73.9156479782912,40.590663198125625],[-73.91487761546057,40.59031362071104],[-73.91488728305588,40.59014955954489],[-73.91506743503231,40.590080543070854],[-73.9145490409757,40.58954533074378],[-73.91464374016093,40.58912381923611],[-73.91454515553723,40.5888529210112],[-73.9146212529383,40.58874871772988],[-73.91485019709746,40.58858811976405],[-73.9155896757721,40.58831969384231],[-73.9164471564386,40.58779107832714],[-73.91725482161844,40.58747788000357],[-73.91775605549358,40.58706829503095],[-73.91809256392877,40.58657033550688],[-73.91819087666164,40.58660685542734],[-73.929568582433,40.59682026542218],[-73.92813139604965,40.59777792864857],[-73.93355117087616,40.60268728132731],[-73.93426266637968,40.602230711366694],[-73.93972613778836,40.60713291512225],[-73.93604627615379,40.609514868917145]]]]}},{"type":"Feature","properties":{"ntaname":"McGuire Fields","boroname":"Brooklyn","ntatype":"9"},"geometry":{"type":"Polygon","coordinates":[[[-73.90418982324465,40.6135645608517],[-73.90347276452167,40.61398661316734],[-73.90213040256708,40.612780001262294],[-73.89893627906501,40.614833511877855],[-73.89855614096591,40.615148674172104],[-73.89853771030695,40.6162651784475],[-73.898100736215,40.617043985744445],[-73.90198950705195,40.620562190469464],[-73.90016300858045,40.621677094243765],[-73.89985640555943,40.621768759374895],[-73.89811767568176,40.62185156112135],[-73.89744594264127,40.621687647982796],[-73.89705223901187,40.6216839651184],[-73.896441233469,40.62139475619027],[-73.89630006047616,40.62107129230305],[-73.89628847802999,40.62073649947217],[-73.89622243312348,40.62084022050706],[-73.89607184210476,40.62050601608222],[-73.89572932995608,40.62024091525835],[-73.89577740344622,40.62001992103485],[-73.8956138850201,40.61980128664824],[-73.89571934602999,40.61952995015891],[-73.89561044677656,40.619350533384626],[-73.89585293851337,40.61914461936801],[-73.89608357745966,40.61838279138714],[-73.89645347974516,40.61807557050798],[-73.89639712615576,40.61790177411855],[-73.89648375473702,40.61783169522296],[-73.89645130038072,40.61773897440106],[-73.89654715229243,40.6176904228589],[-73.89664335225388,40.61734771214244],[-73.89662424028313,40.61712890782748],[-73.8964538113099,40.61676998176978],[-73.89651297380921,40.61636317468111],[-73.89646002707954,40.61612987389065],[-73.8961705245914,40.61600118370384],[-73.89624565770116,40.61586395634547],[-73.89616744953219,40.61582444421134],[-73.89617336977584,40.61565449123118],[-73.89607657418817,40.615616278519234],[-73.89598371160906,40.615273232519],[-73.89573445152966,40.6148877471203],[-73.89580527679006,40.61480936621903],[-73.89597637791287,40.61487075755965],[-73.89602881667919,40.61480459954961],[-73.89586112894187,40.61451813749493],[-73.89558999916942,40.61443768970827],[-73.89555890646696,40.6143517494004],[-73.8954181943246,40.61441401010726],[-73.89427581408154,40.61388264324831],[-73.89315059976589,40.61389022201526],[-73.89249926249767,40.613792311178784],[-73.89134028451961,40.61325620639818],[-73.89095414564765,40.61283404681469],[-73.8910441064479,40.6125095609981],[-73.89120818997512,40.612427673917324],[-73.8914143047419,40.61212544769968],[-73.89166423584771,40.61205311061273],[-73.89174190772178,40.61212968124819],[-73.89182922786269,40.61203210372895],[-73.89209633768655,40.61196057880338],[-73.89208616044355,40.61206187976945],[-73.89215284463707,40.61207390912394],[-73.89274879587116,40.611729830132056],[-73.8931149984838,40.611762834719876],[-73.89369638020437,40.61151573726314],[-73.89393240006251,40.61153659672377],[-73.8940422790142,40.61142833406595],[-73.89396385060823,40.61121422308353],[-73.89358085539486,40.61116572495819],[-73.89354938852964,40.61100089813922],[-73.89290770999389,40.61120865966476],[-73.89262435670446,40.61139408068771],[-73.89189389086606,40.6115346702449],[-73.89162453754805,40.61179108235821],[-73.89099709257243,40.61205245241577],[-73.89115950685309,40.6121771931612],[-73.89107794632702,40.61227686136612],[-73.89054936434654,40.61211910978486],[-73.88979163130148,40.61168591567472],[-73.88969643663931,40.61151281993401],[-73.88974700785128,40.6110748817642],[-73.89021716446183,40.61039725829103],[-73.89058822830542,40.61007402646875],[-73.89147510697423,40.609506914456375],[-73.89194461380866,40.60910225214785],[-73.8918655272157,40.60932258493256],[-73.8919820446748,40.6093849739409],[-73.89179320143204,40.6093933046158],[-73.89176940682312,40.609519268959424],[-73.89195381174625,40.60945010835359],[-73.89210797938071,40.609236762284816],[-73.89226735458972,40.60916527314685],[-73.89237210877435,40.60872812565795],[-73.89222320409768,40.608627086857716],[-73.89242327207697,40.60855824273889],[-73.89232081489422,40.60848749507695],[-73.89217035937482,40.608544721357475],[-73.8922865289052,40.60824224286576],[-73.89248324041576,40.60815330456491],[-73.8925345342453,40.607745255426444],[-73.89272944999252,40.607227192316664],[-73.89311202433865,40.60705204705167],[-73.89334621420018,40.60674344623483],[-73.89426670628801,40.60644371457643],[-73.89486168368417,40.606404763205994],[-73.89591344424802,40.605844711276625],[-73.89672573151203,40.60563653751734],[-73.89810829528949,40.60544593756201],[-73.89833878117786,40.60530365978815],[-73.89850211043296,40.60529669018305],[-73.89948047729945,40.60561302116062],[-73.89969773504627,40.60555392122644],[-73.90017063006057,40.60562514266389],[-73.90059814496009,40.60624106252828],[-73.90077642941203,40.60637442385783],[-73.90106340829078,40.606933287930104],[-73.90109109431444,40.60710743684266],[-73.90077753255865,40.607543491485885],[-73.90061372403675,40.608607893249214],[-73.90062485357895,40.609242675977725],[-73.9003931728814,40.60953046933174],[-73.90027950007679,40.61007400967383],[-73.9005480792679,40.61024208271819],[-73.9005505231578,40.61043989746516],[-73.90110404853257,40.61082152997923],[-73.90117712043975,40.61098617739731],[-73.90140646036211,40.61108804387789],[-73.9014857436897,40.61132075024205],[-73.90135416486106,40.611418234124876],[-73.9013661982304,40.61170184114492],[-73.90163551104719,40.611850665332874],[-73.902003575399,40.61174302467201],[-73.9022909077172,40.611960641731635],[-73.90249392985298,40.611814999032454],[-73.90119253465448,40.61056381754676],[-73.9013296265948,40.61048104260088],[-73.90124836865569,40.61058027449926],[-73.90253555120981,40.61182621170217],[-73.90265077880838,40.61178062116378],[-73.90236032096212,40.61198041218273],[-73.90240693535874,40.612016016677394],[-73.90271854260655,40.61182602529611],[-73.90263827747411,40.6119065225555],[-73.90292666983436,40.61215944197659],[-73.903043928125,40.61209521498742],[-73.9029175037036,40.61218654344876],[-73.90262918245277,40.61192580967355],[-73.90242274717579,40.61203356000492],[-73.90418982324465,40.6135645608517]]]}},{"type":"Feature","properties":{"ntaname":"Canarsie Park & Pier","boroname":"Brooklyn","ntatype":"9"},"geometry":{"type":"Polygon","coordinates":[[[-73.87907715510792,40.63830298109597],[-73.87905060762344,40.638435948626075],[-73.87896685983084,40.638459544197374],[-73.87863863776123,40.638293606259026],[-73.87838402330122,40.63790410859319],[-73.87858034106087,40.637518757262384],[-73.87841750047032,40.6374574871665],[-73.87780952677149,40.63688186528056],[-73.87714434868597,40.63597649800772],[-73.877493816927,40.63539042397724],[-73.87793889634264,40.63501957113942],[-73.87820590489783,40.63457294366278],[-73.87998767503844,40.633514883481205],[-73.8803762942304,40.632980262865374],[-73.88127068104541,40.632369119161226],[-73.88197891996975,40.63217295950231],[-73.88215899502394,40.632006215385104],[-73.88301362103512,40.631626149535556],[-73.88364451728319,40.63094331163619],[-73.88376932796376,40.630221761342554],[-73.8834541292347,40.62990766993503],[-73.88404726149385,40.62956011854668],[-73.88263248367437,40.628274273126415],[-73.88369231505538,40.627559373913535],[-73.88512954023693,40.62882725917416],[-73.88572167037228,40.628446715726525],[-73.88601116640616,40.628645883571274],[-73.88630687570077,40.628677705353304],[-73.887526737062,40.62833182448268],[-73.88828461263451,40.62789246022368],[-73.89042299743639,40.62627859829531],[-73.89148720748321,40.62448172241535],[-73.89300558864316,40.62335646909616],[-73.89326845450759,40.62341415054217],[-73.89351878316701,40.62335269284893],[-73.89533612470588,40.622470570731934],[-73.89553370611092,40.62251391945142],[-73.89552237728964,40.62261958368872],[-73.89562043034317,40.62267628461569],[-73.89583108345637,40.62268701241167],[-73.90146161102423,40.62523141885301],[-73.90011761863691,40.62701661680896],[-73.8995519292775,40.62746672981321],[-73.89277185864478,40.63180870450963],[-73.8908156347006,40.63085391554503],[-73.89227223272182,40.629107946758836],[-73.89209387061061,40.628657734739],[-73.89011158941273,40.62897571437586],[-73.88951672357311,40.62936064691222],[-73.8889037414644,40.62991585837532],[-73.8874760905924,40.630119778198456],[-73.88453178804377,40.63203650707573],[-73.88288850822063,40.633436487182124],[-73.88594417690692,40.63622681167439],[-73.88076685498288,40.63958164765362],[-73.8805512381628,40.639158819736785],[-73.87953887929025,40.638217839822524],[-73.87935480018172,40.63817938832386],[-73.87907715510792,40.63830298109597]]]}},{"type":"Feature","properties":{"ntaname":"Prospect Park","boroname":"Brooklyn","ntatype":"9"},"geometry":{"type":"Polygon","coordinates":[[[-73.96608622429281,40.67256324110108],[-73.96257123040704,40.67162224522248],[-73.96095595387625,40.663285054834205],[-73.96224973769071,40.66319867920011],[-73.96293049680698,40.66256904355103],[-73.96308145306406,40.662196726823424],[-73.9618808635178,40.65488119255476],[-73.96621321893223,40.65318940555172],[-73.96465438564746,40.65088772845854],[-73.97139631534189,40.64825778611394],[-73.97208846041423,40.65065690875382],[-73.97244202077184,40.65069817631063],[-73.97268874765771,40.65096712838433],[-73.9725915948618,40.65127646191503],[-73.9723284620006,40.65139792975296],[-73.97411953326285,40.65769375242138],[-73.97436701226458,40.658187904684944],[-73.97448233880712,40.65833944977854],[-73.97515738011985,40.65872279478508],[-73.97957869941621,40.66085324282399],[-73.9797568338242,40.66073850285409],[-73.98000113824682,40.66075756421002],[-73.98017201420554,40.66086775387044],[-73.98022716120721,40.6610479757954],[-73.97999023161744,40.66126117622502],[-73.97965353410314,40.661243234233716],[-73.97935059880254,40.6615948216026],[-73.97181594566749,40.670629475975275],[-73.97085440635139,40.671864365277],[-73.97040734461659,40.67264721993095],[-73.96966394014528,40.672642368537446],[-73.96877443984815,40.67294236838465],[-73.96846798876273,40.67294766398339],[-73.9674850299356,40.67286175716978],[-73.96608622429281,40.67256324110108]]]}},{"type":"Feature","properties":{"ntaname":"Barren Island-Floyd Bennett Field","boroname":"Brooklyn","ntatype":"9"},"geometry":{"type":"Polygon","coordinates":[[[-73.88769395682992,40.578063239513405],[-73.88812417719397,40.57872829230975],[-73.88924339498203,40.57976751964633],[-73.89147550368568,40.581765381329795],[-73.89155833925675,40.58171740184862],[-73.89383431222058,40.58366494681508],[-73.89767304240057,40.58711399745327],[-73.90098700523913,40.59010301901584],[-73.9009007614433,40.59014959205826],[-73.90494850345688,40.59386917484501],[-73.91852760745402,40.606113367142626],[-73.9179498050121,40.606209252342346],[-73.91701787907763,40.605381778503826],[-73.91712470644005,40.605310423846404],[-73.91560086104391,40.603936252152074],[-73.91541600735339,40.60395000643298],[-73.91476853098006,40.60336022167236],[-73.91489358102513,40.603288883760236],[-73.91442813462284,40.602863919563426],[-73.91389434799427,40.60270357776884],[-73.91382020162763,40.60288818055287],[-73.91368718510043,40.602850421012825],[-73.91378662750738,40.60286814468295],[-73.91385524392162,40.60269025100437],[-73.91364075667403,40.60252418170446],[-73.9133270033302,40.602763778272084],[-73.91347072648942,40.60291169119274],[-73.91329651030543,40.6027656141755],[-73.91366089338922,40.60246891002761],[-73.91349826413736,40.602366975062786],[-73.9132711751117,40.602552720595305],[-73.9133869327257,40.602634611550755],[-73.91319891628827,40.602785061509685],[-73.91335643976156,40.60263644747008],[-73.91324920347257,40.60256664746597],[-73.91301723175927,40.60275424871728],[-73.91347511544174,40.60234929637614],[-73.9132985456986,40.602250351246106],[-73.91311658733653,40.602220256431586],[-73.91273866862338,40.60270867701661],[-73.91285319795016,40.6025074060774],[-73.91272398622357,40.602453262946284],[-73.91288693485399,40.60248470364075],[-73.9130969130695,40.60221445292061],[-73.91158427623398,40.602135488403064],[-73.91157836556712,40.60221787119134],[-73.91230939977284,40.602275084478094],[-73.91254170182432,40.60236443995559],[-73.91165189230664,40.60227825784446],[-73.9115770834805,40.60228874141624],[-73.91154411182987,40.60243932310409],[-73.91261098676532,40.60253200659405],[-73.91257290407664,40.60268329902972],[-73.91259129985595,40.602549422196155],[-73.9125188925798,40.60254030980636],[-73.91248882820496,40.602674149766834],[-73.91247938988259,40.60259292443478],[-73.91151505922949,40.602460243562675],[-73.91097269662836,40.6024238409478],[-73.91094007982456,40.60249781432215],[-73.91094634280702,40.60236464268881],[-73.91086536585779,40.60249048328862],[-73.91087683378198,40.602342354836765],[-73.9109875275022,40.602348368978575],[-73.91098165500397,40.60240320644875],[-73.91151957194401,40.60239686856954],[-73.91154234369176,40.60222454078581],[-73.91094453904734,40.6021516438464],[-73.91091626763057,40.60220676550807],[-73.91093999639916,40.60212847422264],[-73.91155222594868,40.6022131575797],[-73.91155529140805,40.602155464729954],[-73.91075830846438,40.602027501486155],[-73.91075123972259,40.60243729986271],[-73.90904427233993,40.602602553309495],[-73.90903689530533,40.60267734322033],[-73.90901848567081,40.6025248276694],[-73.90904999552458,40.60257799186179],[-73.91071154457035,40.60241949317849],[-73.91070633053954,40.60214451526551],[-73.90942704334905,40.60220472316076],[-73.90941924579839,40.6022713058474],[-73.90940934304663,40.60219076575551],[-73.91072006391998,40.60210788227552],[-73.91073123013267,40.602021376027814],[-73.91031779765576,40.60195466032454],[-73.90984702893661,40.60203960959213],[-73.90948566062531,40.60192878426341],[-73.90904083221544,40.60162520588616],[-73.90860638662598,40.601817110191014],[-73.90860846532534,40.60191580379662],[-73.90835931332597,40.60204991606635],[-73.90789896097203,40.6021511007479],[-73.90784279095325,40.60226974127449],[-73.90759160585911,40.60229710131676],[-73.90741230909674,40.60223004199912],[-73.90720535022884,40.60237838954463],[-73.90679613405273,40.602316604009005],[-73.9066687813682,40.602406810117486],[-73.90567411116685,40.60260287517932],[-73.90490585949868,40.602483487836494],[-73.90429966678126,40.60267077232105],[-73.9037563213804,40.60249976935081],[-73.90372774498815,40.60241508487183],[-73.90360249395323,40.60259793768189],[-73.90331981912931,40.60258691705262],[-73.90326103507752,40.602699503663594],[-73.90301503686675,40.602732888954414],[-73.90248204054387,40.6030347735156],[-73.90192868283344,40.60318272212603],[-73.90105742973174,40.603183823715305],[-73.90083903185695,40.60328431148581],[-73.9004195899776,40.60324239907364],[-73.89932620712385,40.60355074627511],[-73.89875697958064,40.60345081431982],[-73.8983304465774,40.603207769070806],[-73.89825594405087,40.60331433647793],[-73.89790802018294,40.60324053640265],[-73.89776531129881,40.603305067103705],[-73.8969401736407,40.60313835226618],[-73.896591765505,40.603214125713585],[-73.89562281394153,40.603008912092776],[-73.89497375492749,40.603214833372746],[-73.8940634207042,40.603086155664236],[-73.89351580254059,40.60338645799636],[-73.89287001526291,40.60327879160758],[-73.89241272524092,40.60329895361237],[-73.89135659455124,40.60351788322943],[-73.89129711611794,40.603690620967825],[-73.89097867442402,40.603916563172284],[-73.88909949863792,40.604510116452616],[-73.8890725677242,40.604657684186606],[-73.88892110231124,40.60477951891959],[-73.88773089704557,40.605268271080845],[-73.88716474054223,40.60531705332644],[-73.88578142660639,40.60515044786472],[-73.88477565552765,40.60514138810733],[-73.88461618570035,40.60520512200432],[-73.88451429697761,40.605365001573404],[-73.88396434882077,40.6055491404266],[-73.8829842701198,40.604613353086265],[-73.88271777210468,40.604178837179525],[-73.8830089724311,40.603743154082196],[-73.88294848341674,40.60345720839036],[-73.88339145273201,40.60301632302737],[-73.88336367946047,40.602877458542366],[-73.88309822184542,40.602206523147785],[-73.88270028933873,40.60170035190825],[-73.88266700741414,40.60127280936162],[-73.88235066667977,40.60063360985114],[-73.88230056805907,40.60016855238643],[-73.8818061834156,40.599365277611376],[-73.88181465828956,40.59912615765762],[-73.88168237266072,40.59889366768345],[-73.88174304195994,40.59841046111019],[-73.88164249988614,40.597796018158306],[-73.88139602534908,40.597206004263626],[-73.88084453143227,40.596342922555046],[-73.88087255673406,40.595429898536274],[-73.88079981875961,40.59478884314733],[-73.87990713259003,40.592047994322606],[-73.87941617176989,40.59213200579822],[-73.87989902851933,40.59202063885226],[-73.87971492228003,40.591398891829186],[-73.87935729205896,40.59084373529768],[-73.8789689043874,40.59089677311774],[-73.87892411931064,40.59071278078426],[-73.8792932637739,40.59066143136822],[-73.8792343976652,40.590266408953525],[-73.87900019672873,40.59003086158843],[-73.87896831259086,40.58990093504847],[-73.87896840364141,40.589730418130515],[-73.8791390109543,40.58937320023075],[-73.87878760363557,40.58803046036658],[-73.87820200236078,40.5868679423246],[-73.87671672482074,40.584914430200975],[-73.87970231664,40.58013510069834],[-73.881742900221,40.5795917007648],[-73.88186724526653,40.57945462629041],[-73.88174676983894,40.57915880721264],[-73.88206958203646,40.57907397869674],[-73.8825709849205,40.579108120275876],[-73.88306666148489,40.57904115135394],[-73.8835221491241,40.57887772804611],[-73.88390577992361,40.57862921254698],[-73.8861381059947,40.57813439916542],[-73.88769395682992,40.578063239513405]]]}},{"type":"Feature","properties":{"ntaname":"Jamaica Bay (West)","boroname":"Brooklyn","ntatype":"9"},"geometry":{"type":"MultiPolygon","coordinates":[[[[-73.86327471071941,40.583876848532036],[-73.86381239461848,40.583604004091484],[-73.86449245335788,40.583614937676344],[-73.86637619312762,40.582538657365156],[-73.86700232991167,40.58197708077823],[-73.86772796903779,40.581663408926474],[-73.86896292210412,40.58169379478879],[-73.86925758051196,40.58190964107365],[-73.87000313642912,40.582636614816074],[-73.8705059791835,40.58334195301393],[-73.87061497794411,40.58491535106056],[-73.87084743947531,40.585421054631226],[-73.87115922675414,40.58687388796749],[-73.86981356482006,40.589460927291036],[-73.86849671647202,40.59008985028981],[-73.8675927577531,40.591005791188216],[-73.86635052164085,40.59189267656495],[-73.86430826692539,40.59141474432658],[-73.86327273492715,40.590908076195376],[-73.86274156028652,40.59036640710017],[-73.86272348432153,40.5900745107528],[-73.86193216155813,40.5888989453741],[-73.86149401111527,40.58854247360216],[-73.86125299377363,40.58798808592135],[-73.86167447867352,40.586144795496516],[-73.86218624513793,40.58525502277906],[-73.86327471071941,40.583876848532036]]],[[[-73.86952707548932,40.598713750354676],[-73.86967070711498,40.59668856362231],[-73.87020899836229,40.596954232789564],[-73.86952707548932,40.598713750354676]]],[[[-73.87019491489939,40.59899640590207],[-73.87108141811476,40.5989011474703],[-73.87049411914771,40.60260444620478],[-73.87026280565112,40.60168122125363],[-73.87019491489939,40.59899640590207]]],[[[-73.85200481843843,40.597748438273584],[-73.852690293517,40.59717075096604],[-73.85286117431974,40.59724430823284],[-73.85399559599509,40.59668348584432],[-73.85436974704015,40.59669211090506],[-73.85465863090106,40.596578388927774],[-73.85492648515726,40.59630166336739],[-73.85673364394975,40.5960757643542],[-73.85716132350595,40.596043698367424],[-73.86044420534076,40.596471905596545],[-73.86054977985192,40.597063020191804],[-73.86141485166917,40.597753696377886],[-73.86177276371008,40.598299178571345],[-73.86274820726909,40.5990712049188],[-73.86328663134245,40.599810041660845],[-73.86335999147606,40.6003222027713],[-73.86297506260962,40.60101827261578],[-73.86187189847128,40.60216432631869],[-73.86112814224636,40.602550330571866],[-73.86078169166855,40.602608400256514],[-73.86048884213619,40.6023393468923],[-73.85905914327967,40.602061430569016],[-73.85482595782858,40.601867195856414],[-73.85471200729276,40.60164902532523],[-73.85427387360807,40.60143043669731],[-73.85372090340795,40.60140066467611],[-73.85276838155826,40.60094885402611],[-73.85257851635436,40.60057068734353],[-73.8520453763197,40.60020662280116],[-73.85176045305609,40.59969751381277],[-73.85076748001559,40.59883944383751],[-73.85153122827725,40.5984339367224],[-73.85200481843843,40.597748438273584]]],[[[-73.86702905185557,40.60374338885415],[-73.8676819415421,40.60307076667753],[-73.86830808464808,40.6031391601412],[-73.86793505306852,40.6039611349498],[-73.8670260728693,40.60417158451098],[-73.86702905185557,40.60374338885415]]],[[[-73.84684251416249,40.60495776648293],[-73.84640850665461,40.60448457387342],[-73.84608059037764,40.60454459433979],[-73.84622092049958,40.60437652210435],[-73.84641867542888,40.60429351256462],[-73.84641368109908,40.604187416605974],[-73.84606999366487,40.60431229755978],[-73.84597880914953,40.604623133943235],[-73.84578322472234,40.6048216148848],[-73.84544466449059,40.60471300015888],[-73.8452669484218,40.604854720020214],[-73.84489298127988,40.60471631267144],[-73.84522811744783,40.60477084427333],[-73.84527100391344,40.604635703008626],[-73.84545013912623,40.60464675955895],[-73.84541835014475,40.60458587719434],[-73.84557099997545,40.60454417109253],[-73.84525696636909,40.604569437152016],[-73.84518624276647,40.60446929406644],[-73.84517506659415,40.60469911751494],[-73.84485579791932,40.604686518826],[-73.84459295474971,40.604820011604595],[-73.84445489982676,40.60468732892302],[-73.8448151497333,40.60462156861742],[-73.84496295282592,40.6043757055429],[-73.84493127432425,40.604267503358656],[-73.84501671116419,40.6041418841539],[-73.84488558463926,40.604082218762976],[-73.8449219909525,40.60368207867523],[-73.84501429134613,40.6036565150705],[-73.84521603580289,40.60386093752967],[-73.84550164467825,40.60385321038756],[-73.84553381187018,40.6037505020205],[-73.84526049497076,40.60381232660732],[-73.84515425191294,40.60373106363232],[-73.84562303792465,40.6035194312536],[-73.84564403104632,40.603646546368125],[-73.84585300106203,40.60379554631036],[-73.84594357046285,40.60375105200655],[-73.84601793494765,40.60381063915172],[-73.84601913392132,40.60405940807643],[-73.8461962396004,40.604181324451964],[-73.84632930024027,40.60417203787141],[-73.84629233574421,40.60404760495245],[-73.84666632133099,40.604177895845446],[-73.84660743385776,40.60433059228188],[-73.84638196928643,40.6044100588911],[-73.84661950851962,40.604479328195346],[-73.84664588345677,40.60458076235357],[-73.84690679184006,40.604516214860915],[-73.84725961149022,40.60459509940142],[-73.8474532815566,40.6044561018967],[-73.8478624837862,40.60470270632697],[-73.84785684516845,40.604841954084016],[-73.84776455499473,40.604907621473444],[-73.84767429568232,40.6048095004202],[-73.84764711158975,40.60486629602633],[-73.84708031887521,40.60484894666643],[-73.84684251416249,40.60495776648293]]],[[[-73.848360442047,40.60543740695055],[-73.84795277186736,40.60535499863198],[-73.84783682255852,40.60508497088708],[-73.84795600589725,40.605140540609256],[-73.84809039734193,40.605066834878386],[-73.84824868418937,40.605142348236484],[-73.84829516959364,40.605194980131714],[-73.84824075740092,40.605250878161996],[-73.84836303788293,40.60531754651278],[-73.84831112142041,40.60538676661528],[-73.848360442047,40.60543740695055]]],[[[-73.84854340843654,40.60596359402315],[-73.84826109947848,40.60577935256508],[-73.84846829106971,40.60586672104701],[-73.84859333756006,40.60578301632516],[-73.84858203913639,40.60591267782272],[-73.84871964443143,40.60589027825644],[-73.84854340843654,40.60596359402315]]],[[[-73.83446265554129,40.60719253361177],[-73.83573587499335,40.60579318912148],[-73.83532612639452,40.60685236297961],[-73.83474777165712,40.60726497162008],[-73.834690179106,40.60753445367485],[-73.83437386502005,40.60785151459003],[-73.83446265554129,40.60719253361177]]],[[[-73.86702399475149,40.608068178769614],[-73.86874317559169,40.60703517927944],[-73.86868468826752,40.60824115818402],[-73.86777501561137,40.60853948877858],[-73.86702399475149,40.608068178769614]]],[[[-73.86966442958492,40.60654012341308],[-73.87109330768071,40.60469417399489],[-73.87105656646135,40.606285088494445],[-73.8724557981178,40.60818553085132],[-73.87300122724774,40.610555458460055],[-73.87180082867997,40.61028041358052],[-73.87103870111612,40.609723583029336],[-73.87076008541273,40.60870540090827],[-73.86966442958492,40.60654012341308]]],[[[-73.85047624966444,40.61234221905743],[-73.85022609323934,40.61219892079211],[-73.8496714508642,40.612109979904474],[-73.84986139375714,40.61195964975024],[-73.84963519114103,40.611746308205014],[-73.8497580517468,40.61159022343335],[-73.84956537299634,40.61152965505071],[-73.84955038128885,40.61145680546349],[-73.84962531595542,40.61127114061763],[-73.84973532234036,40.61121449727741],[-73.84966358184607,40.611104036741565],[-73.84985688093074,40.61101280472001],[-73.84978730107994,40.61089103416953],[-73.84960470224489,40.61088395098931],[-73.84958801197395,40.610762250009245],[-73.84972191171164,40.610681812610764],[-73.84959662911663,40.61048087772236],[-73.84968263534779,40.61039733602813],[-73.84949618368013,40.61032940806137],[-73.84997533444546,40.61025626732855],[-73.850093297634,40.610162119378714],[-73.84997871341636,40.61008516041647],[-73.84996351103463,40.610189327661175],[-73.8497723577842,40.60999287044772],[-73.84942148819655,40.609822060411936],[-73.84972343327783,40.609759503627856],[-73.84986875857045,40.609823237204104],[-73.84995416046439,40.60971248575755],[-73.8498708967271,40.6096610015168],[-73.8499317362479,40.609428538341795],[-73.85031645460792,40.60953584724674],[-73.85039248804989,40.60964680920278],[-73.85068397128049,40.609402477962334],[-73.85134775126456,40.60926678729025],[-73.85146529168685,40.609061436674345],[-73.85158237107441,40.60906294004353],[-73.85172139212095,40.608771089893814],[-73.85166646449068,40.60874127470796],[-73.8516986843994,40.60861152518973],[-73.85207814387763,40.60868907711152],[-73.85219181420071,40.608628383764504],[-73.85214596210311,40.60850529467264],[-73.8523448030707,40.608435246139734],[-73.85235749611543,40.60831087919157],[-73.85245699903327,40.60823799973311],[-73.85271251079764,40.60821128721972],[-73.8526892038072,40.60832212099524],[-73.8527690890401,40.60829653576012],[-73.85295254342324,40.60796282905384],[-73.85336754553768,40.608010678549824],[-73.85324221059085,40.607730656128766],[-73.85345111834657,40.607921553369685],[-73.85370893284174,40.60782622444982],[-73.85393550316874,40.60787890636795],[-73.85391084199391,40.60779910731823],[-73.85398359498862,40.60778973620772],[-73.85445878451026,40.607895794207195],[-73.85441656153746,40.60773485369491],[-73.85414379142478,40.60754252522254],[-73.853732363615,40.60748386738468],[-73.85362640653464,40.607264709614704],[-73.85441957030135,40.607168373784276],[-73.85464448917399,40.60733900889087],[-73.85480411164927,40.60735408255462],[-73.85477543237037,40.60749059790002],[-73.85506642640645,40.60745986893317],[-73.85503069535633,40.60757609519566],[-73.8547716717015,40.60758793634927],[-73.85464016761215,40.60769457737391],[-73.85480521124478,40.607785419805424],[-73.85469528238072,40.60806088557538],[-73.85480344786887,40.60859621030309],[-73.85505938742179,40.60885611550704],[-73.8555495238692,40.60898251296839],[-73.8555476071832,40.609076009451634],[-73.85523373625848,40.60926199013811],[-73.85524868864034,40.609543265716866],[-73.85535973110007,40.60959762365299],[-73.85594678367714,40.60953736586095],[-73.8559888298203,40.6096272173854],[-73.85589039907681,40.60991004597858],[-73.85606720736858,40.609899448149555],[-73.85608777536955,40.61001539606644],[-73.85620208806712,40.61006771928612],[-73.85628192003891,40.61045237635992],[-73.8563756878609,40.61046393061502],[-73.8563330782456,40.61065115271307],[-73.8565999931529,40.61083447295431],[-73.85631090213863,40.61093203809271],[-73.85628906437215,40.61105495475947],[-73.85618685108663,40.611045534577535],[-73.8558798152703,40.61076495226325],[-73.85570268346659,40.61070182801464],[-73.8555896641417,40.610485104509394],[-73.85536096522782,40.61041405228412],[-73.85550762398591,40.61025555325817],[-73.85550505114938,40.610144042592],[-73.85541694900814,40.610115339930296],[-73.85512415994324,40.610188594982226],[-73.85503332576769,40.61012200470302],[-73.8548099121542,40.61020964236855],[-73.85458849800405,40.61013445581185],[-73.85438281910515,40.61018666992508],[-73.85400675134512,40.61012459255615],[-73.85373306493908,40.610245923744166],[-73.85366831711957,40.61019336733333],[-73.85335090318796,40.61023250823067],[-73.85322338065059,40.61013804394113],[-73.85309951978334,40.61019416245233],[-73.85313926410767,40.61027178395174],[-73.85291269773158,40.610292027460744],[-73.85270386202444,40.61041800216148],[-73.85196381218927,40.61024365868905],[-73.85199205715031,40.610557018731605],[-73.852124602401,40.610635520287985],[-73.85219006792671,40.61081432061798],[-73.85263176051586,40.610984478402216],[-73.85265329597192,40.61117386911124],[-73.85245223540274,40.61094089941141],[-73.85205182242507,40.61105598036247],[-73.85198329305953,40.61090911679353],[-73.8517227510035,40.61094984741748],[-73.85167163822385,40.6110486458079],[-73.85194389725555,40.61112428611717],[-73.85196469359532,40.61119655936316],[-73.85176474394738,40.611362850480866],[-73.8517403353407,40.61156891323597],[-73.85140185509562,40.611654411919794],[-73.85142054745135,40.61177459404383],[-73.8511612292612,40.611712658237195],[-73.8510569890697,40.611469925203224],[-73.85106181672269,40.611542939840675],[-73.85098802076764,40.61152078914591],[-73.85097745744555,40.61178238601006],[-73.85086866559271,40.611791370394165],[-73.85095809094639,40.61196411866922],[-73.85069360119958,40.611983548549524],[-73.850642592421,40.612034434940306],[-73.85069208499282,40.612214736510246],[-73.85047624966444,40.61234221905743]]],[[[-73.84481941775798,40.614038229173936],[-73.84419525683155,40.61373319544354],[-73.84405278866058,40.61377356256769],[-73.84357002441911,40.61367150671515],[-73.84346650535687,40.613557798600205],[-73.84368650259518,40.61336543959237],[-73.84356079669432,40.613067154419404],[-73.84343129679316,40.612971573746414],[-73.84264184886561,40.61317296630637],[-73.8420354369122,40.61269036598918],[-73.84183657852411,40.61268815355183],[-73.8415094462134,40.612319160491815],[-73.84157790018386,40.61182572754677],[-73.84132976426024,40.611838203949794],[-73.84101912281389,40.61161024021999],[-73.84070815291503,40.611634038603896],[-73.84067468895365,40.61144632263991],[-73.84059409478053,40.61173783973417],[-73.84034105597375,40.612041937204154],[-73.8398020218308,40.61236165904059],[-73.83911211112058,40.61246645077382],[-73.83893993751639,40.612366863324105],[-73.83877262526232,40.61199488143356],[-73.83871375352213,40.611994798841614],[-73.83887648726329,40.6125206012306],[-73.83879592263347,40.61279609409057],[-73.83817706043442,40.61308044415503],[-73.8373824375962,40.613008819734915],[-73.83677757845794,40.61272274176986],[-73.83623621146766,40.61227010691594],[-73.8363589402717,40.611953014352615],[-73.83697075068142,40.61111104315015],[-73.83735360568245,40.6110346713535],[-73.8375222398574,40.61085865049249],[-73.83746087110528,40.61015673109619],[-73.83781022726184,40.61005011593592],[-73.83811850421397,40.60948146300856],[-73.8383202833472,40.60950738452326],[-73.83851857836582,40.60923526170274],[-73.8386411827466,40.60896303297053],[-73.838773697194,40.60806910260092],[-73.838870804496,40.607905798040186],[-73.83900957546527,40.607902787662674],[-73.8389835890153,40.60821681388965],[-73.83910109566163,40.60831311998151],[-73.8396020867913,40.608063851952664],[-73.83977817191406,40.608282018632266],[-73.84004319827396,40.60823431658365],[-73.84008062114485,40.608410628053925],[-73.84002162903157,40.60846182164539],[-73.840168235031,40.6086991751879],[-73.84006278811472,40.60883362621307],[-73.84009612003514,40.60896186246713],[-73.84024390929642,40.6087056893942],[-73.84049656815482,40.60855541941693],[-73.84053062866879,40.60837920661721],[-73.84043418347595,40.608266907223715],[-73.84014835357321,40.60822164454303],[-73.84006887419702,40.60804847874425],[-73.83983772464353,40.60799688135567],[-73.83967832978149,40.607833218399],[-73.83946813709588,40.607810491672005],[-73.83935927868202,40.607614852162705],[-73.83999441447726,40.60753562023486],[-73.83994009594132,40.607391332708666],[-73.84051299619993,40.60695949156362],[-73.8410132004354,40.607033893438874],[-73.84122364315876,40.60695086096902],[-73.84136277623473,40.60679402251721],[-73.84140987489167,40.60643836266453],[-73.84126735294898,40.60625229232223],[-73.8409692215191,40.6060788255997],[-73.84061009961512,40.606272764159236],[-73.84058219409859,40.60607263062468],[-73.84046123558399,40.60621171801009],[-73.84042442631403,40.60602644398804],[-73.84053283856643,40.6059414188683],[-73.84041971570521,40.605770911346724],[-73.84045743915244,40.60557357313356],[-73.84059798357703,40.60540341695502],[-73.8407517415857,40.60564293334073],[-73.84122845055661,40.605527889077045],[-73.84126815167367,40.605335659789894],[-73.84107199993353,40.60530547853739],[-73.84105540558001,40.60521145052936],[-73.84134161349405,40.60509220290225],[-73.84115707281137,40.6048953917061],[-73.84112952895696,40.6046902511589],[-73.84135387167254,40.604652104858715],[-73.84148878849295,40.60449846406891],[-73.84158414581366,40.604477230528225],[-73.84185810591511,40.60479380720186],[-73.84218367657948,40.604623337102495],[-73.84220634351682,40.60452081698675],[-73.84235229882543,40.60443983055617],[-73.84276147820027,40.60447457527985],[-73.8429583110585,40.60421419321567],[-73.84326616483109,40.60442398860074],[-73.8436028415631,40.60429625848647],[-73.8435638980327,40.60416801656283],[-73.8438329693165,40.6041812018345],[-73.84397330626652,40.604104478715236],[-73.84442729340415,40.60415636984209],[-73.8444940021314,40.60435984206831],[-73.8436193318494,40.60439711213906],[-73.84339160774125,40.6046820220848],[-73.84270633510224,40.60463942558285],[-73.84263043881113,40.60472905357917],[-73.84266745807608,40.60507841865356],[-73.84243674790012,40.60484415778047],[-73.84221787455087,40.60494000008072],[-73.84193617824408,40.60492999800377],[-73.84200738697841,40.60504546598971],[-73.84243149925213,40.60528640220034],[-73.84281423138442,40.60524526558638],[-73.842797699992,40.60512346273011],[-73.84296601844622,40.60506921296437],[-73.84281084890128,40.60489594557008],[-73.84276072530598,40.60475486958257],[-73.84282386345689,40.604726113425976],[-73.8431852072873,40.60483877275991],[-73.84324344198772,40.60510804853633],[-73.84334840245145,40.60517549085235],[-73.84328982986835,40.60505042659202],[-73.84338248378477,40.60498645851542],[-73.84342837543097,40.605140347804856],[-73.84365095043485,40.60525922503713],[-73.84370943517075,40.60542274551171],[-73.8438229480292,40.60542930881658],[-73.84366714727072,40.60552523855493],[-73.84356547344221,40.60584877705791],[-73.84377515868998,40.6060862118909],[-73.84370350467995,40.60615982267443],[-73.8437494428749,40.606294483536104],[-73.84390053212167,40.606416467895514],[-73.84386777676428,40.606038267389906],[-73.84393938683687,40.605983883782045],[-73.84370849739648,40.60582333395684],[-73.84385197008189,40.605605608853786],[-73.84399494715828,40.60559939283919],[-73.84405417411465,40.60544564646261],[-73.84388205598727,40.605326838396515],[-73.84390747880344,40.605243550713936],[-73.84364710575991,40.605105393549714],[-73.84360600408505,40.6047015428746],[-73.8436652161333,40.6045542056663],[-73.84379568263559,40.60450310802718],[-73.84406885474431,40.6045611636767],[-73.84415677256038,40.604724723863384],[-73.84460595498571,40.60503618991693],[-73.84451716991225,40.60524437713195],[-73.844651416325,40.60537595223904],[-73.84460891358898,40.60557138272353],[-73.8447220635423,40.60573497589895],[-73.84456163925341,40.60601036552709],[-73.84469167552471,40.60614513871131],[-73.84454036223576,40.60611929663375],[-73.84433083108163,40.6058145647107],[-73.84411200151067,40.60589118115259],[-73.84412421080751,40.60606425296868],[-73.84427140260408,40.60605483815978],[-73.8443673817242,40.60636903081751],[-73.84457707891882,40.60660325934993],[-73.84468668094328,40.60648483228687],[-73.84462396639934,40.60633092111965],[-73.84477528831107,40.606353558262136],[-73.84495221786298,40.60621278968084],[-73.84529688771036,40.60626773448701],[-73.84529758575536,40.60596649195193],[-73.8451885510993,40.60584136124376],[-73.84504974750585,40.6058604020371],[-73.84510054006041,40.605716258263655],[-73.84531904122797,40.60578064690275],[-73.84539488991788,40.605710245422976],[-73.8452395364884,40.60561389428874],[-73.84508392104195,40.60562970815124],[-73.84505052104083,40.60552711190519],[-73.84528603439303,40.60550820183775],[-73.84530733227842,40.60538965527169],[-73.84498383295862,40.60527384984342],[-73.84490839158546,40.60516799200483],[-73.84493905970666,40.60503253366469],[-73.8453982199839,40.605152127689266],[-73.84559899716132,40.6050104382762],[-73.84581506448455,40.60516079908739],[-73.84604467842267,40.605061730849464],[-73.84606906226873,40.60475592919778],[-73.84627484136941,40.604784357920124],[-73.84627027297424,40.60471168278568],[-73.8467460962737,40.60510477844705],[-73.84746742835364,40.60508247708559],[-73.84742791242232,40.60567275919527],[-73.8471764037967,40.60569809154006],[-73.84727265830858,40.60582270280001],[-73.84667159949505,40.606037930878564],[-73.84683155183174,40.60579816028087],[-73.84672298811316,40.60590153843576],[-73.84658451584319,40.605830770575984],[-73.84664661263825,40.60592025830398],[-73.84661197831959,40.606092606766744],[-73.84645308644699,40.60611463914339],[-73.84612367109575,40.606334077264464],[-73.84590992090752,40.60629229623312],[-73.84603710473911,40.60639042792009],[-73.84624922115678,40.60641124526395],[-73.84611004768585,40.60664377025082],[-73.84617769070822,40.60676235593794],[-73.84633360063485,40.60681731993055],[-73.84663402729758,40.60675612085378],[-73.84635327113969,40.60705005746419],[-73.84653149019083,40.607167079223245],[-73.8464640580782,40.60720121137466],[-73.84640264726846,40.60730165693941],[-73.84655562554178,40.60716711144749],[-73.84639932928054,40.60703600200366],[-73.84668932762476,40.60687254991515],[-73.84663327563183,40.60659484795427],[-73.84684289060858,40.60672773862283],[-73.84682744686144,40.6066087952034],[-73.84689095135107,40.60657422956841],[-73.84666258880156,40.60653970342174],[-73.84645224246147,40.606725505753204],[-73.84622437960687,40.606717929170124],[-73.84619989215932,40.60662720710739],[-73.8462588275285,40.60662643055199],[-73.84644441647339,40.606223284211026],[-73.84679137598118,40.60618439075203],[-73.84703078397943,40.60605209847564],[-73.8475719021799,40.606031428258255],[-73.8476613811085,40.60591916757397],[-73.84812980264293,40.606175295953975],[-73.84860686503572,40.60622865300242],[-73.84884425387405,40.60636822114916],[-73.84893317742386,40.60626829007818],[-73.84909090276787,40.60633609735531],[-73.8491939298477,40.60627404035393],[-73.84927421077033,40.60607269940731],[-73.84943724824684,40.60614456872572],[-73.84964678348713,40.60605020355461],[-73.84956669868255,40.60616501848901],[-73.8495643853728,40.60640431696452],[-73.8496988436043,40.606564028324364],[-73.84962233759806,40.60666532718726],[-73.8493472020559,40.60674338247314],[-73.84921460542026,40.60654446593487],[-73.84875699215569,40.606518176737254],[-73.84859537293337,40.606603139351606],[-73.84850613309777,40.606842324933844],[-73.84824527029377,40.60688389226871],[-73.84827737700724,40.606806870519904],[-73.8480611333172,40.606729521895126],[-73.84802176244227,40.6068808928533],[-73.84815293966109,40.6069216255728],[-73.84823459636024,40.60709082189139],[-73.84799093776833,40.6070587138986],[-73.84789540900881,40.60694231617016],[-73.84754585891129,40.606979709302536],[-73.84737174425905,40.607097101695665],[-73.84743539620555,40.60718912157801],[-73.84733249814434,40.607193040662445],[-73.84698052398953,40.60751299394267],[-73.84703349715784,40.60761987173434],[-73.84689494014316,40.607702158555384],[-73.84696739650386,40.6078225822735],[-73.84685017540845,40.607883265564304],[-73.84689861239615,40.608012048018956],[-73.8468244449499,40.608063189700154],[-73.84620410685615,40.60791965820949],[-73.84594734015526,40.60803468471413],[-73.84590068619522,40.608207676381916],[-73.84559766249681,40.60832263957468],[-73.84486233812146,40.60808770468996],[-73.84495876949542,40.60820961451053],[-73.84524454185667,40.60828050365733],[-73.84550051039271,40.60851158740208],[-73.84614869026369,40.608246465462194],[-73.8462789702247,40.60827868695028],[-73.84611875241912,40.60846434643598],[-73.84582825517012,40.60861778351233],[-73.8459539238551,40.60882625854857],[-73.84580645231642,40.608954249496016],[-73.84572156729679,40.60929383631391],[-73.84555327008493,40.60933527196718],[-73.84556555201038,40.60947950032051],[-73.84576723777951,40.609547069635816],[-73.8457415786792,40.60973290972701],[-73.84538823525139,40.60978370997389],[-73.84567799102436,40.60995394921976],[-73.84561464905592,40.61006923416733],[-73.84542106652289,40.61013306883012],[-73.84573576651268,40.610428325805344],[-73.84552961311748,40.61047291443852],[-73.84557980638034,40.610588351718285],[-73.84573528515858,40.61063663132744],[-73.84575180106377,40.61076804699298],[-73.84552465911364,40.61079658478756],[-73.8457548512193,40.611267987071145],[-73.84573342635744,40.611441013476245],[-73.84532175052077,40.61125458623315],[-73.844990236988,40.610956101147266],[-73.84485550137006,40.61102962820015],[-73.84525812420046,40.6114916500825],[-73.84526993792426,40.61183777528864],[-73.84507534677704,40.61233424428223],[-73.84530161848323,40.612683863473436],[-73.84570908154596,40.61287669409149],[-73.84530071986701,40.61307163318334],[-73.84528363692003,40.61313502919931],[-73.84542329904393,40.613155496169966],[-73.84525671235052,40.6132698531058],[-73.84537107121474,40.613300427618896],[-73.84527903201155,40.613399674201],[-73.84537340179698,40.61344340283129],[-73.84532526151003,40.613546765380036],[-73.84564426528331,40.61369219538079],[-73.84538944939605,40.613812790384266],[-73.84510776995482,40.613808083048966],[-73.84481941775798,40.614038229173936]]],[[[-73.83370152195165,40.620978601845955],[-73.83401888134374,40.61438116692243],[-73.83434168122305,40.61436543719755],[-73.83542288683323,40.614610454436054],[-73.83551649354185,40.61494874641139],[-73.8358557262375,40.615208999053124],[-73.83610164292601,40.615231308334266],[-73.83622173494949,40.61518506453886],[-73.83614816967186,40.61511801504247],[-73.8363440349502,40.615119337102975],[-73.83628443659842,40.61523225502013],[-73.83650810164788,40.61529584158336],[-73.8366362635533,40.615145526978566],[-73.8368896711271,40.61528677685872],[-73.83727813973859,40.61532877431055],[-73.83776702143372,40.615522231418936],[-73.83771154036306,40.61570432531912],[-73.83724993001131,40.61578931091318],[-73.83690989149997,40.616150949617996],[-73.83656059890131,40.61611238369201],[-73.83644029720065,40.61617040232757],[-73.83574510959946,40.61671784808188],[-73.83527378301078,40.617247221955516],[-73.83496222645464,40.61778030931458],[-73.83496699909188,40.617962186462925],[-73.83516892325414,40.618037024292505],[-73.83501865754488,40.61813518284108],[-73.83496079783816,40.61853293069684],[-73.8351220063957,40.618730155664956],[-73.83535650781197,40.618713090180016],[-73.83533559517166,40.61879447100027],[-73.83549183618187,40.619005852912636],[-73.83552077811653,40.61937899304102],[-73.83574513689678,40.6195755678087],[-73.83570733216762,40.619729166952155],[-73.8355123629336,40.61995810664804],[-73.83522937910507,40.619958194933425],[-73.83495815063702,40.61983928773392],[-73.83513270318326,40.6195132488086],[-73.83488922611751,40.619606857057974],[-73.83479652145606,40.61992447145719],[-73.83531201853636,40.62014537080893],[-73.83490436791962,40.620469378562085],[-73.83454605781614,40.62037355796865],[-73.83467784276871,40.620357228358095],[-73.83472320937193,40.62022005375912],[-73.83437867688423,40.61994889069411],[-73.83439058638038,40.619853601887186],[-73.8338007558105,40.61964562018715],[-73.83377555466473,40.619720557212915],[-73.83411210594532,40.619846846827244],[-73.83407163758119,40.620025962638195],[-73.83413530444534,40.619906604760516],[-73.83423038839746,40.61989530603964],[-73.83447330392707,40.62012184715354],[-73.83419931385033,40.62032095885865],[-73.83432224158916,40.62051428808194],[-73.83428021757871,40.62064765471159],[-73.83381952239763,40.62081599887884],[-73.83370152195165,40.620978601845955]]],[[[-73.83501827177466,40.622681105038176],[-73.83446739366775,40.62248998474381],[-73.8342626093023,40.62252345450649],[-73.83413865340397,40.62235218149505],[-73.83395862513802,40.62237515521887],[-73.83381356349646,40.62257072258148],[-73.83362241936116,40.62260263983393],[-73.83368214908512,40.62138130602103],[-73.83387671085426,40.621290066704645],[-73.83385353358776,40.62122141329988],[-73.83400742535396,40.621034836832465],[-73.83429776061973,40.620970447731075],[-73.83498716099349,40.621011299889034],[-73.83484213652743,40.62106906389491],[-73.83475105045636,40.62126180654433],[-73.83487538132256,40.62139197217589],[-73.83486060431088,40.621526206066534],[-73.8347492075247,40.62159182778954],[-73.8348034033971,40.62174557255511],[-73.83464424766935,40.62199681592385],[-73.83487706060603,40.62230088978544],[-73.83484824461428,40.62242524642218],[-73.83501827177466,40.622681105038176]]],[[[-73.85024804081155,40.623584831075775],[-73.85016364577173,40.62313410416264],[-73.84978514488033,40.62305134444438],[-73.8496667349366,40.62268038149069],[-73.84939485574793,40.622479887790746],[-73.84886470416241,40.62247796456488],[-73.8484637152489,40.62236570323497],[-73.84892594121341,40.621764668498706],[-73.84908080628122,40.62168874655457],[-73.8490680798186,40.62161628644611],[-73.84894077443181,40.621618574709586],[-73.84902326277832,40.62148239301887],[-73.84947803860145,40.621322142245575],[-73.84964390536487,40.6213690169715],[-73.84982292634731,40.62129926421604],[-73.8502570641078,40.620999009046734],[-73.8502910433555,40.620936433632515],[-73.85018975623171,40.620834390761324],[-73.85048934201063,40.62089248950174],[-73.85047354506969,40.62075126728228],[-73.8506267628115,40.620690074283225],[-73.85065306078506,40.620459274386015],[-73.85085139619459,40.62039814002695],[-73.85085107926835,40.62024715775812],[-73.85110163609656,40.620376075670315],[-73.85128018594527,40.62032929831586],[-73.85135147674086,40.62013980377539],[-73.851589747492,40.62024315990999],[-73.85188159211015,40.62015881436212],[-73.85205856119475,40.62028551091439],[-73.85244048002126,40.62027372273472],[-73.8527342676752,40.62013367176903],[-73.85313347669623,40.620224268867396],[-73.85346708738437,40.62019768154034],[-73.85388484243909,40.62000912594138],[-73.85402211707974,40.619868099164904],[-73.85425716242614,40.61996539636821],[-73.85455196741637,40.61989366826204],[-73.85468570229882,40.620002774481065],[-73.85491444700904,40.62003375957723],[-73.8554563755696,40.619797468087064],[-73.85614274027888,40.61983148069617],[-73.85628643787952,40.61969782584363],[-73.85645398117924,40.61971522482566],[-73.8564558191406,40.619609633071114],[-73.85655155624839,40.619567321995426],[-73.85657441571082,40.61990937392726],[-73.85677217167638,40.62011467098135],[-73.85676349057182,40.62040565840397],[-73.85714048063939,40.62043805166928],[-73.85725013844545,40.620398896136585],[-73.85728746125717,40.6202761584508],[-73.85740170805083,40.62030367463139],[-73.85745979439349,40.62049418443681],[-73.85737438695485,40.62064703668125],[-73.85718037337647,40.62061134231807],[-73.85700061428483,40.62074786893123],[-73.8571091395105,40.62097389613444],[-73.85705951904056,40.62102185847913],[-73.85679058506074,40.621098864543455],[-73.85678569613357,40.621168390025296],[-73.8566044357914,40.62114287959092],[-73.85674630838837,40.621299274246084],[-73.85659226328049,40.62129276148363],[-73.85656816105036,40.62147874841106],[-73.85635024348642,40.62141616943523],[-73.85627042573694,40.6216102139999],[-73.8561003428445,40.621559000711166],[-73.85596286045416,40.621797029640646],[-73.8556018388459,40.621828500398166],[-73.85550705241276,40.6216957747307],[-73.85532981555573,40.621688185242576],[-73.85533588601966,40.62186131818346],[-73.85517130927292,40.621959337739476],[-73.85499897723496,40.62191860194382],[-73.85496895343441,40.621645983336236],[-73.85464356472956,40.62159400326406],[-73.85464729259425,40.62136194596478],[-73.85455423600635,40.62117642391702],[-73.85462063939192,40.62102180073325],[-73.8545115586453,40.620795739308036],[-73.85395265051213,40.62068575261063],[-73.85358897081854,40.62046182304454],[-73.85302816207755,40.62048566400626],[-73.85278936552777,40.620627788122725],[-73.85251571567552,40.62049974222896],[-73.85185329658592,40.6205651937826],[-73.85166422395281,40.62080929055369],[-73.85140319498423,40.62080281400765],[-73.8512929295495,40.621836514431],[-73.85153709943495,40.62217939700769],[-73.8523603825202,40.62297487051674],[-73.85215891616224,40.62299180226234],[-73.85189830362673,40.62279378395878],[-73.85195742791915,40.623018554510956],[-73.8518395866613,40.62311171869176],[-73.85179555742843,40.623346180400524],[-73.85133280537964,40.62346713893018],[-73.8510592804976,40.62327892509713],[-73.85089814829044,40.62327380478317],[-73.85064017298733,40.62333854503986],[-73.85024804081155,40.623584831075775]]],[[[-73.83357550598073,40.62359791750215],[-73.83370757496054,40.62369368504377],[-73.83360632879314,40.62381290968843],[-73.83363582579899,40.62395529191149],[-73.83355923814358,40.62393603500176],[-73.83357550598073,40.62359791750215]]],[[[-73.862124015412,40.62399037244013],[-73.86209241863017,40.623917765362634],[-73.86223427090964,40.623815594688075],[-73.86230755281802,40.623806378761046],[-73.8623903105929,40.62393859083435],[-73.86249048285018,40.623916381767174],[-73.86277203332627,40.623570619983646],[-73.86271128044523,40.623425410425234],[-73.86303876770799,40.623302991769556],[-73.86322171663141,40.62340368992091],[-73.86350742740896,40.62340961188907],[-73.86355796888962,40.62377251560835],[-73.86377739100126,40.6239514070558],[-73.86343316829773,40.62389703709749],[-73.86339385835947,40.624012356178476],[-73.86349615171865,40.62414645107002],[-73.86343498175036,40.6242040614819],[-73.86314977499998,40.62395066167762],[-73.86302581802663,40.62403716270151],[-73.86264913337698,40.623957507282356],[-73.86244553857979,40.62422888438631],[-73.86206472231376,40.624321512884954],[-73.8619695801797,40.62427301952232],[-73.862124015412,40.62399037244013]]],[[[-73.84599959134817,40.62503564952983],[-73.84579352115531,40.624888594310114],[-73.84527569990128,40.6248255845053],[-73.84488995986243,40.62490518310851],[-73.84476545397949,40.62485457007612],[-73.84484418548566,40.62449265946796],[-73.84477857339031,40.624237379526456],[-73.84417902315865,40.62415348197144],[-73.84383598677579,40.624292482224085],[-73.84392602355209,40.62409379180636],[-73.84389163279879,40.62381184708874],[-73.84381391204501,40.62374052511732],[-73.84357630423277,40.6237609739886],[-73.84322216416939,40.62365366638881],[-73.84295396014754,40.623436683812635],[-73.84293864765408,40.623323903976875],[-73.84333966395016,40.623368961249525],[-73.84358010755503,40.62317816418459],[-73.84428323440882,40.62295497377531],[-73.84474169588879,40.623025485103],[-73.84495033062736,40.6229526985632],[-73.84536704025797,40.62304856573115],[-73.84545022075805,40.62313762978958],[-73.84508710660171,40.62330233605831],[-73.84509933511363,40.62342307309622],[-73.8454903848317,40.62379846739883],[-73.84553977722697,40.62407491874177],[-73.8452103969265,40.62407447573481],[-73.8452055791732,40.62435403207073],[-73.84580124497947,40.624596273477934],[-73.84599959134817,40.62503564952983]]],[[[-73.85777441018632,40.62482353414761],[-73.85790133312423,40.62484600460814],[-73.85779869158353,40.62499950122604],[-73.8578413390382,40.62519091321788],[-73.85765508760328,40.62530956045349],[-73.85733486430794,40.625145639546396],[-73.85742271993813,40.624975293543066],[-73.85777441018632,40.62482353414761]]],[[[-73.84061322833955,40.62752892411686],[-73.8397316138778,40.62732476435724],[-73.83984727504824,40.62746926445065],[-73.83977377091142,40.627497543116014],[-73.83946700887869,40.62729384076306],[-73.8395607673927,40.627120981410556],[-73.83968050606995,40.62708245896965],[-73.83965193611843,40.626975028040846],[-73.84014683702726,40.62679119445149],[-73.84030416614007,40.626406989245304],[-73.84052407933619,40.626224694295566],[-73.84072122115312,40.62586474512187],[-73.84080871850504,40.625913868030246],[-73.84084390034185,40.626137895264485],[-73.8410039162239,40.62613305913783],[-73.84123369377296,40.62627658965185],[-73.84154142586041,40.62626445455576],[-73.84156036983109,40.62638589007492],[-73.84168672317254,40.62639653067287],[-73.84171947656752,40.626486585728614],[-73.84165898111931,40.62650952861266],[-73.84179066548622,40.62658925449],[-73.84150741927759,40.62670190000631],[-73.84150723038405,40.62678144333085],[-73.84175423989304,40.626888540066545],[-73.84208579999672,40.62725741002819],[-73.84238178647985,40.62744078627189],[-73.84224940079608,40.62746447673921],[-73.84175490774676,40.627294320386625],[-73.8412757598093,40.626937678300486],[-73.84044645651653,40.62658622483699],[-73.84014537016148,40.62698638793742],[-73.8406690439093,40.627413643898755],[-73.84061322833955,40.62752892411686]]],[[[-73.86872915290877,40.61735678500352],[-73.8691918981218,40.61719817148105],[-73.86956238965762,40.617247092464865],[-73.87075906352784,40.616756620073886],[-73.87108443359175,40.61676399835921],[-73.87125152509408,40.616654866563124],[-73.8717588584,40.61657586306846],[-73.87216214202097,40.61630349709011],[-73.87275893107982,40.616247323327876],[-73.87395306206885,40.6158394157332],[-73.87671285637963,40.61575147034765],[-73.8779807086463,40.61579829287851],[-73.87862188757214,40.615935378690615],[-73.87951577316615,40.61656151979666],[-73.87972389608197,40.61695959268169],[-73.87978055533642,40.61863064242991],[-73.87937556321059,40.61985788521723],[-73.8785082210813,40.62101643402974],[-73.87779098889014,40.62165224155554],[-73.8774775804628,40.62172011166946],[-73.8766262971789,40.622230728717426],[-73.87586419335331,40.62291194503455],[-73.87556561283859,40.623025295135875],[-73.87481386865049,40.62358718918384],[-73.86645483989277,40.62825538680653],[-73.86547078433091,40.627935955695655],[-73.86518786276295,40.62766280991859],[-73.86472766045325,40.626525542416324],[-73.86487745181458,40.626230169631],[-73.86498193495926,40.62566070604121],[-73.86525183251071,40.6255372050981],[-73.86553589061488,40.625241987714006],[-73.86586582154037,40.6243898280484],[-73.86626906232405,40.62417431886301],[-73.86650860322545,40.623754008018146],[-73.86650939894119,40.62335615487172],[-73.86637583649488,40.62300361314219],[-73.86589944969325,40.62250289876181],[-73.86549706646773,40.62229781753629],[-73.86522936181937,40.62188828152882],[-73.86493256071851,40.621114958382464],[-73.86500830119967,40.620546683660415],[-73.86517343146758,40.62003534978526],[-73.86541855960326,40.61983602739029],[-73.86533876692022,40.61942170977851],[-73.86550389231374,40.61891037520183],[-73.86575831319405,40.618501449958124],[-73.86620654473963,40.6181495874458],[-73.86660958793519,40.6180136478355],[-73.8668486744204,40.617809314108094],[-73.86805756276387,40.617515158316294],[-73.86820693763136,40.61741302454808],[-73.86872915290877,40.61735678500352]]],[[[-73.84813977022544,40.628542705091],[-73.848406866659,40.62856897831198],[-73.84846848249639,40.62879314116168],[-73.84836834270084,40.628871554723474],[-73.84812593674191,40.62884044530816],[-73.84805350490112,40.62867358749055],[-73.84813977022544,40.628542705091]]],[[[-73.84869374266732,40.63061270593681],[-73.84842604788466,40.630554909206744],[-73.84843274101267,40.63045941351087],[-73.84868437801416,40.63045904066404],[-73.84869374266732,40.63061270593681]]],[[[-73.85231335377043,40.63322025396085],[-73.8530268504747,40.63188272965196],[-73.85282972643249,40.63173222994407],[-73.85275783130535,40.631482643031994],[-73.85256652727404,40.631244050932814],[-73.85166739933364,40.630870507086506],[-73.85167530497688,40.630737447710175],[-73.85187979314794,40.63050831920719],[-73.85218610655897,40.63035895662933],[-73.85246665036705,40.6303425068661],[-73.85346881119025,40.630845843814804],[-73.85366230503467,40.63087608351621],[-73.85441691757472,40.63040441025176],[-73.8550926963646,40.63011015100948],[-73.85583024139699,40.62992063764192],[-73.85679676422724,40.62984147297871],[-73.85775996793028,40.62994139819414],[-73.85820723951983,40.63015674070238],[-73.8585583634798,40.63045828819579],[-73.85844263927096,40.63083896442818],[-73.85809624947007,40.63124990648456],[-73.85821174892942,40.631686719468256],[-73.85816366672188,40.631973860050955],[-73.85793152601892,40.63237093062006],[-73.85758486742982,40.63271617553656],[-73.85730729823092,40.63280481139891],[-73.85535471774617,40.6328122591022],[-73.85522635652511,40.632896866280575],[-73.85496742330206,40.63341655418916],[-73.85434617220534,40.63372263089995],[-73.85327818672307,40.633851843486404],[-73.85251699199964,40.63374093205067],[-73.85241247454128,40.63364349814306],[-73.85231566035418,40.63347030464899],[-73.85231335377043,40.63322025396085]]],[[[-73.84559227491341,40.635409999302404],[-73.84662440349437,40.63519422920225],[-73.84676272247229,40.6343614882933],[-73.84728671500707,40.63371447819153],[-73.8475994527224,40.63348728918156],[-73.84761532104778,40.63309278251442],[-73.8478265350584,40.63277973665531],[-73.84811309983522,40.63260051526654],[-73.84861160467918,40.63246220736737],[-73.84876847480069,40.6322557728795],[-73.8491369249847,40.63210938926807],[-73.84965058309498,40.632056866206035],[-73.85005000290471,40.63217364328015],[-73.84988187629615,40.63409658421202],[-73.84961620087267,40.63458148709173],[-73.84909697213892,40.635069148868524],[-73.84885530791101,40.6354354357381],[-73.84856768261612,40.63675845705902],[-73.84827983562069,40.63747156090536],[-73.84799785901858,40.6379373617287],[-73.84764555881272,40.638279691687124],[-73.84719765313083,40.638549496260275],[-73.84667914840219,40.6387317117573],[-73.84635873458456,40.63867196622409],[-73.84604982105252,40.63846593066267],[-73.84578600372753,40.637787868928356],[-73.845447544302,40.63737022086495],[-73.84506201568652,40.63710867141267],[-73.84455907643029,40.63691735521095],[-73.84427265333285,40.63669234643232],[-73.84501804134962,40.63568082143156],[-73.84559227491341,40.635409999302404]]]]}},{"type":"Feature","properties":{"ntaname":"Shirley Chisholm State Park","boroname":"Brooklyn","ntatype":"9"},"geometry":{"type":"MultiPolygon","coordinates":[[[[-73.87327031255236,40.643903214345094],[-73.87309815600752,40.643934683541076],[-73.87297320732566,40.643839231065485],[-73.87275635704977,40.64324896465501],[-73.87194880050565,40.6423940845382],[-73.87088107173643,40.64077187075266],[-73.87084503422264,40.64055662018334],[-73.8704357830416,40.640290807882124],[-73.87008544224514,40.639844180863854],[-73.87007958407006,40.63921169401723],[-73.86989583386247,40.63893452891972],[-73.86952435189357,40.63864570191886],[-73.86799709668223,40.63811526470727],[-73.86960972136559,40.637085534608914],[-73.86969549818953,40.63714738961524],[-73.86920846110532,40.63746580976382],[-73.86955902490303,40.63794748432769],[-73.87060795904956,40.637581093279316],[-73.87167244300342,40.637080424393176],[-73.87255337118337,40.63649336505566],[-73.87347939154502,40.636285545798984],[-73.87444865637435,40.63665867352531],[-73.8751501418048,40.637049704723985],[-73.8763011677194,40.638049988528394],[-73.8771142848462,40.638641486593166],[-73.87751776655797,40.6387809571733],[-73.87835076408712,40.6388716137437],[-73.87647131030829,40.642611496749176],[-73.87569004844254,40.64395294184533],[-73.87496902392854,40.64499901328621],[-73.87386033921213,40.64631440559564],[-73.87342337082674,40.6456507035951],[-73.87318593330954,40.64544501336183],[-73.87335638175686,40.64511471453375],[-73.8734434451044,40.64467191424094],[-73.87341959933391,40.644336272294005],[-73.87327031255236,40.643903214345094]]],[[[-73.85837605317566,40.64727441581625],[-73.85716978298206,40.643678558886165],[-73.8589409756354,40.643217036227796],[-73.86201301027852,40.64288704051772],[-73.86289463224384,40.642550679682635],[-73.86331138939109,40.64229912902878],[-73.86379865777603,40.641799577166786],[-73.86531173665126,40.640751191443975],[-73.86670411973684,40.64002176399823],[-73.86619928074248,40.639536833303964],[-73.86628476777165,40.63947288319071],[-73.86681528201346,40.63996352716432],[-73.8670299440316,40.63985106851892],[-73.86732291072707,40.63987198395302],[-73.86867282895082,40.640925079203626],[-73.86991239339439,40.64327820299374],[-73.8700170827357,40.64407137240561],[-73.87061492461147,40.64485674138435],[-73.87119172949637,40.645305356312676],[-73.87157174183791,40.64541496183251],[-73.87212202857904,40.64542370386465],[-73.87257043102987,40.645575611857225],[-73.87342508856524,40.64678123051601],[-73.87212331899717,40.64790420924614],[-73.87009699471778,40.649295986211925],[-73.86376696106846,40.65271502633924],[-73.86054077728362,40.65462399727893],[-73.85722330940358,40.65027867054106],[-73.85743249419717,40.65015828507924],[-73.85755268001134,40.649932575964726],[-73.85770542077508,40.64874597197007],[-73.85783469416441,40.64830233778526],[-73.85837605317566,40.64727441581625]]]]}},{"type":"Feature","properties":{"ntaname":"Mott Haven-Port Morris","boroname":"Bronx","ntatype":"0"},"geometry":{"type":"Polygon","coordinates":[[[-73.92662718123506,40.8161189596765],[-73.9239995118876,40.815438912951805],[-73.92309299772212,40.816697728138315],[-73.92124519592693,40.8162193972974],[-73.9215839208468,40.81555063206619],[-73.92130383212299,40.815477247776066],[-73.92048117283511,40.81456368686958],[-73.91764502820385,40.816065918016484],[-73.91495493517456,40.81493646600991],[-73.91094778869054,40.813620921742],[-73.90446551344374,40.81228196041537],[-73.90341720307497,40.811506882855255],[-73.90302369458034,40.80966721858443],[-73.9021918570049,40.80482326114814],[-73.90229231926554,40.804564776643865],[-73.90244539070805,40.80441695405413],[-73.9025229831837,40.80446378876775],[-73.90275593462867,40.804328535323165],[-73.9032126886261,40.803899639513766],[-73.90377177436352,40.803749995257945],[-73.90452954029595,40.80317023565156],[-73.90552153174478,40.802019955400745],[-73.90601427733542,40.80155293159798],[-73.9062038666949,40.801492993498755],[-73.90681401534472,40.800890640275206],[-73.90670129956762,40.80082002932323],[-73.90747030436765,40.80000345791503],[-73.90793663468402,40.799627729945755],[-73.90802032289373,40.79963609342705],[-73.90817714421814,40.79939009214877],[-73.90838080079352,40.79948704542067],[-73.9085502661004,40.799307426058725],[-73.90825579500273,40.799092868683324],[-73.90830303542083,40.798959135920335],[-73.90963899961295,40.797942225800455],[-73.90994644214736,40.79783430590598],[-73.91013438639035,40.797588635298126],[-73.91089222177101,40.79701779553837],[-73.91168831108833,40.796623770558085],[-73.91372255742067,40.79678943900846],[-73.91903181906888,40.79898494724852],[-73.92024068026599,40.7996136878696],[-73.9207813385818,40.80027500995168],[-73.92132730712379,40.80128459163114],[-73.92203765903021,40.80187719757243],[-73.92292709999569,40.80237329531277],[-73.92358699045832,40.80251572582668],[-73.92422706775021,40.80254501135789],[-73.92665794722352,40.80240980391447],[-73.9276278850446,40.802695665983364],[-73.92731248291973,40.803211771485174],[-73.92743689814324,40.80327744169338],[-73.92728271855411,40.803508264416664],[-73.9276450026433,40.803988633348276],[-73.92810959569337,40.80401293433759],[-73.92834056119388,40.80423989078373],[-73.9287260742369,40.80410362522707],[-73.93053644993523,40.80647027744533],[-73.93051758773042,40.80659056356663],[-73.93116268063099,40.80712829627922],[-73.93188709965438,40.80789402439675],[-73.9322826191658,40.808363974125385],[-73.93252708719822,40.80882328177514],[-73.93264257049171,40.80938286452613],[-73.93259434581051,40.81005355787177],[-73.9328639701707,40.81012443789091],[-73.9328741193582,40.8104140434288],[-73.93269089700722,40.81058293358399],[-73.93267921811267,40.81079913518675],[-73.93256503213819,40.81088597569196],[-73.9326322918905,40.811904622263015],[-73.93242307595003,40.8141517151758],[-73.93214444401528,40.814126083280854],[-73.93128890521805,40.81377808987876],[-73.93130722793302,40.8136987399088],[-73.93027812596966,40.8132480256553],[-73.92921297888257,40.814381957871404],[-73.92896567380443,40.81482825554755],[-73.92885641986327,40.8148798674807],[-73.92731653000297,40.818559634826904],[-73.92518486375293,40.81801266937714],[-73.92621971950577,40.816758655974006],[-73.92662718123506,40.8161189596765]]]}},{"type":"Feature","properties":{"ntaname":"Melrose","boroname":"Bronx","ntatype":"0"},"geometry":{"type":"Polygon","coordinates":[[[-73.90129277472668,40.82047544261303],[-73.90300983126015,40.8163177929593],[-73.9044655134437,40.81228196041532],[-73.91094778869065,40.81362092174195],[-73.91495493517462,40.81493646600991],[-73.9176450282038,40.816065918016484],[-73.92048117283505,40.81456368686955],[-73.92130383212299,40.815477247776066],[-73.92158392084691,40.81555063206615],[-73.92124519592703,40.8162193972974],[-73.92309299772212,40.816697728138315],[-73.9239995118877,40.815438912951805],[-73.92662718123518,40.81611895967647],[-73.92621971950582,40.816758655974006],[-73.92518486375297,40.818012669377104],[-73.92402557153761,40.81928533011033],[-73.92265261107394,40.82049431528034],[-73.92040163648315,40.822061217182394],[-73.9167740045355,40.824387087372905],[-73.91587735728943,40.8241037325319],[-73.91621588472752,40.823467930224936],[-73.9118915492167,40.822141481777486],[-73.91181615668526,40.822035022411974],[-73.90990894049723,40.82255110811688],[-73.90129277472668,40.82047544261303]]]}},{"type":"Feature","properties":{"ntaname":"Hunts Point","boroname":"Bronx","ntatype":"0"},"geometry":{"type":"Polygon","coordinates":[[[-73.88244779486632,40.81926832301364],[-73.8780628310778,40.816182632442626],[-73.87663459963709,40.81571150809938],[-73.87673185506915,40.81538649598422],[-73.87446381927738,40.8146452318618],[-73.87250110885978,40.813888128234254],[-73.872394379,40.81397433610859],[-73.87232977097987,40.813921823341474],[-73.87243667235077,40.813850934001785],[-73.87218961012046,40.813673670767336],[-73.87209716960896,40.813738022023756],[-73.87203687539821,40.81368551387543],[-73.87212931147351,40.813621168692784],[-73.87165777683393,40.81325426197617],[-73.87095753684095,40.812146180609645],[-73.87056806861774,40.81208731762185],[-73.87047093165215,40.81145829549445],[-73.87055342191726,40.811243380220574],[-73.8681121914008,40.80675183283206],[-73.86846346959135,40.80593654893927],[-73.87151855030193,40.80187414939095],[-73.87161142592561,40.801914396207195],[-73.87169881930807,40.80180527192066],[-73.87160336192427,40.801751811949245],[-73.87174509373908,40.80154736611633],[-73.87355096572502,40.800853302772026],[-73.87467716314143,40.800979422361806],[-73.87473060452592,40.801256638131406],[-73.87526517037327,40.80139815254867],[-73.87585788515192,40.80145598758589],[-73.87592998071696,40.8010842225888],[-73.87814218819821,40.80131929080922],[-73.87807685486534,40.80166664403526],[-73.87796880375461,40.80171111462578],[-73.878234649218,40.80264680576837],[-73.879213484076,40.802795327337826],[-73.88005462984884,40.80276015140783],[-73.88092030545262,40.802558543427494],[-73.88244775081859,40.802351212596214],[-73.88243021774045,40.80226557239021],[-73.88251894912045,40.8022521812846],[-73.88254113402105,40.80233568206565],[-73.88369542422377,40.80216212410564],[-73.88396462519694,40.80196514835983],[-73.88369036996541,40.80194525580535],[-73.88372326665917,40.801862843941215],[-73.88505172336708,40.80213090679824],[-73.88514576973407,40.80225958898489],[-73.88536544598874,40.802260639744844],[-73.88533116885858,40.80235290317292],[-73.88515517060605,40.80227245304084],[-73.88525553670252,40.80240978102565],[-73.88591424672614,40.80279851699316],[-73.88616377056557,40.803175684977],[-73.88727097347115,40.8039470023369],[-73.88738095624211,40.80411068128411],[-73.8872473845842,40.80418614011439],[-73.88740234683179,40.80437434258955],[-73.88752886022138,40.80440172674061],[-73.88771124600363,40.80461478172286],[-73.88763129537637,40.804671325376134],[-73.88795897223945,40.80499792592088],[-73.88859217706481,40.80478927459541],[-73.88906442025977,40.80502191290477],[-73.88936640376924,40.8053807802984],[-73.88922416091077,40.805845351694764],[-73.88999598170764,40.80488628675296],[-73.89014756243947,40.80496060928421],[-73.8893743925369,40.80592527311549],[-73.88954478026055,40.80580707619296],[-73.88981398349773,40.80587739185031],[-73.89005932692513,40.80570432417888],[-73.8905821307979,40.8058675223447],[-73.89149903730154,40.80593123773811],[-73.89144104277274,40.805661898565],[-73.89178618135598,40.8056228920864],[-73.89197929534278,40.806384708976395],[-73.89270681066506,40.806343948093144],[-73.89253177073283,40.80565655156792],[-73.89227315843527,40.805702433124985],[-73.89216364547643,40.80530259256561],[-73.89126710622972,40.80501048892173],[-73.89169561834646,40.80511584342239],[-73.89173240995696,40.80504936291794],[-73.89186610743162,40.80509048792877],[-73.89182888997543,40.805166472094264],[-73.89219739671567,40.80528468791955],[-73.89230020327568,40.80566060567038],[-73.89256667672196,40.80562071050684],[-73.8927481403741,40.80634026130218],[-73.8946325235109,40.80623233192232],[-73.8945739391341,40.80604577300738],[-73.8947260190962,40.80602624658368],[-73.89477679654972,40.80621363323968],[-73.89485360535787,40.806214908661495],[-73.89472970526754,40.80574110095927],[-73.89484295983542,40.805723997514924],[-73.89509836487397,40.80686363917372],[-73.89528550564148,40.806842711574134],[-73.89550633968572,40.806595305303816],[-73.8952796287393,40.805766184570665],[-73.89559109091819,40.8065813433477],[-73.89572273778765,40.80655965730841],[-73.89567025138675,40.80629013095972],[-73.89574790898774,40.80628036851292],[-73.89583838073169,40.80654060706951],[-73.89597794687677,40.80651761634239],[-73.89579066958,40.80583055971188],[-73.89587481599303,40.805808511582576],[-73.89610824517877,40.80649615095144],[-73.89622424118986,40.80647704234501],[-73.89623040736934,40.806210472404906],[-73.89708748307676,40.80612383765694],[-73.89726014999152,40.80604095984748],[-73.8973863943927,40.806224616634346],[-73.89749681953896,40.80621440020273],[-73.89741472698567,40.80580005947825],[-73.8974859174091,40.80578783251681],[-73.89763818741136,40.80620132083903],[-73.89776126648744,40.80618993350169],[-73.89772827250982,40.805967494640036],[-73.89779945195303,40.8059626414143],[-73.89787360835118,40.80617953899003],[-73.89801340830084,40.80616660385882],[-73.89787127990651,40.805534981759834],[-73.89793600296244,40.80552029002899],[-73.89816110752606,40.80613807060269],[-73.89829494887864,40.80609757120112],[-73.89827462411772,40.80585950975414],[-73.89811666687602,40.80575550656555],[-73.89812536179295,40.805650760360145],[-73.89852656516594,40.805434309098146],[-73.90097298881535,40.80487609789133],[-73.90204952046372,40.80478414110611],[-73.90222284699365,40.804948113859815],[-73.90308946530321,40.809856399702475],[-73.89759123691479,40.813776873348374],[-73.89542858772428,40.81584467293086],[-73.89704466589791,40.81680185968569],[-73.8929015611022,40.82081122419515],[-73.89283653013439,40.82097405411286],[-73.89161858677699,40.8210128492298],[-73.89082377863907,40.820306482436266],[-73.89011271735998,40.82090094684326],[-73.88864005255478,40.82176679238874],[-73.88788746068442,40.8223630137872],[-73.88756449921047,40.82251386913188],[-73.88718471122228,40.822644982869654],[-73.88438503951718,40.822951369497105],[-73.88378786038179,40.82193341427319],[-73.88244779486632,40.81926832301364]]]}},{"type":"Feature","properties":{"ntaname":"Longwood","boroname":"Bronx","ntatype":"0"},"geometry":{"type":"Polygon","coordinates":[[[-73.8874785056312,40.82264192848904],[-73.88864005255478,40.8217667923887],[-73.89011271735993,40.82090094684326],[-73.89082377863907,40.82030648243621],[-73.89161858677713,40.821012849229774],[-73.89283653013439,40.82097405411286],[-73.8929015611023,40.82081122419515],[-73.89704466589791,40.81680185968569],[-73.89542858772433,40.81584467293086],[-73.89759123691474,40.813776873348374],[-73.90308946530327,40.80985639970244],[-73.90341720307501,40.811506882855255],[-73.9044655134437,40.81228196041532],[-73.90300983126015,40.8163177929593],[-73.90061141014671,40.82210880792915],[-73.90198758531274,40.82244042310524],[-73.90050540337992,40.82600762242905],[-73.90164895494351,40.826256978346684],[-73.90093510612638,40.82792810175661],[-73.89979756668548,40.827684354293936],[-73.8954852261021,40.8282485413837],[-73.89511020772522,40.82803689945429],[-73.89515277705604,40.82783429017694],[-73.89483522835758,40.826246841714166],[-73.89293225968738,40.826787036531314],[-73.8878951083526,40.82674318529608],[-73.88609624100911,40.82765577786004],[-73.88645426053077,40.82528631167759],[-73.88686999874191,40.823843879147425],[-73.88710697147714,40.82330587144013],[-73.88706660277637,40.823190276968475],[-73.8874785056312,40.82264192848904]]]}},{"type":"Feature","properties":{"ntaname":"North & South Brother Islands","boroname":"Bronx","ntatype":"9"},"geometry":{"type":"MultiPolygon","coordinates":[[[[-73.89680883223778,40.795808445159985],[-73.89693872998708,40.795635873356325],[-73.89723603843935,40.79572003753731],[-73.89796839783742,40.79564483916218],[-73.89857332665562,40.79606914025978],[-73.89895261832532,40.796227852579825],[-73.89919434249981,40.79650245601842],[-73.89852052071377,40.79693619469258],[-73.8978825324018,40.79711653214722],[-73.89713149795635,40.79679807772849],[-73.89678526341311,40.79632916598472],[-73.89680883223778,40.795808445159985]]],[[[-73.90838080079352,40.79948704542067],[-73.90817714421814,40.79939009214877],[-73.90813152403656,40.79943130127871],[-73.90796076542273,40.7992834492686],[-73.90802633276766,40.799237871659784],[-73.90842190701693,40.799442093617316],[-73.90838080079352,40.79948704542067]]],[[[-73.90795130657958,40.79954477828607],[-73.9076822280089,40.799388313925455],[-73.90810209968097,40.799539646862584],[-73.90795130657958,40.79954477828607]]],[[[-73.90638976821404,40.801090791686036],[-73.9064517112551,40.8010369152019],[-73.90658587767588,40.801107479618274],[-73.90652042124991,40.80117551051926],[-73.90638976821404,40.801090791686036]]],[[[-73.89833036270552,40.80241282094024],[-73.89646668834577,40.80079047089154],[-73.89864038714995,40.79910116462153],[-73.90021004993142,40.79926415589619],[-73.89978738800987,40.7995095533696],[-73.89971563817363,40.80079880900558],[-73.90003735815661,40.80090874255298],[-73.8994891942373,40.800901115427166],[-73.8993874857105,40.8019356650705],[-73.89833036270552,40.80241282094024]]],[[[-73.90401680971797,40.80347097616906],[-73.9040977498009,40.80341659812573],[-73.90414898834729,40.80345565308955],[-73.9040705521522,40.803520977650244],[-73.90401680971797,40.80347097616906]]],[[[-73.90392732704238,40.80363439130181],[-73.90387236017004,40.8035587447008],[-73.9039484244053,40.80362131045006],[-73.90392732704238,40.80363439130181]]],[[[-73.90374201269472,40.80376780879049],[-73.90368997880375,40.80368770453923],[-73.90376599365688,40.803753454678514],[-73.90374201269472,40.80376780879049]]],[[[-73.90333865129234,40.80385541293751],[-73.90333877121293,40.80377374417692],[-73.90335633699499,40.803861124112686],[-73.90333865129234,40.80385541293751]]],[[[-73.90305966667502,40.80401743535261],[-73.90300283105015,40.80391735226707],[-73.90308609780266,40.80399708839908],[-73.90305966667502,40.80401743535261]]],[[[-73.90270973036469,40.8041636629643],[-73.90290469388435,40.80413905443793],[-73.90287760500685,40.80415758214576],[-73.90270973036469,40.8041636629643]]]]}},{"type":"Feature","properties":{"ntaname":"Morrisania","boroname":"Bronx","ntatype":"0"},"geometry":{"type":"Polygon","coordinates":[[[-73.89696588930462,40.83434214589405],[-73.89630199811194,40.83354321799611],[-73.89647296120866,40.83304756810539],[-73.8969001774289,40.831033336425826],[-73.89717220880983,40.83036883289431],[-73.89669632384079,40.83041450453961],[-73.89639572907834,40.82876287952023],[-73.8954852261021,40.8282485413837],[-73.89979756668548,40.827684354293936],[-73.90093510612638,40.82792810175661],[-73.90164895494351,40.826256978346684],[-73.90050540337992,40.82600762242905],[-73.90198758531274,40.82244042310524],[-73.90061141014671,40.82210880792915],[-73.90129277472668,40.82047544261303],[-73.90990894049723,40.82255110811688],[-73.91181615668526,40.822035022411974],[-73.9118915492167,40.822141481777486],[-73.91621588472752,40.823467930224936],[-73.91587735728943,40.8241037325319],[-73.9167740045355,40.824387087372905],[-73.91608782725582,40.82483785183054],[-73.91661368376236,40.8249923085071],[-73.91541108147266,40.825773909122724],[-73.91475120998606,40.8252004734334],[-73.9135119160979,40.82480494542258],[-73.9131667434886,40.82545645531184],[-73.91130974385186,40.82484855889453],[-73.91179361884595,40.826428155601164],[-73.911694301724,40.82775871580908],[-73.91030770254517,40.82877248624752],[-73.9089599022164,40.8302262340487],[-73.90553116630635,40.82910413258929],[-73.90134101105839,40.835441324410205],[-73.90122534899322,40.835499911236795],[-73.90121578298935,40.8354101416905],[-73.89696588930462,40.83434214589405]]]}},{"type":"Feature","properties":{"ntaname":"Claremont Village-Claremont (East)","boroname":"Bronx","ntatype":"0"},"geometry":{"type":"Polygon","coordinates":[[[-73.90483249948313,40.84484207145842],[-73.89479021957922,40.84372032197091],[-73.89537836114475,40.842938779458706],[-73.8966616166718,40.84352460706751],[-73.90122534899322,40.835499911236795],[-73.90134101105839,40.835441324410205],[-73.90553116630635,40.82910413258929],[-73.91049010593304,40.830737373534774],[-73.90740200442593,40.83623228341801],[-73.90597940375552,40.83850519580221],[-73.90538357941077,40.83976898447428],[-73.90570581045682,40.83972280069595],[-73.90535787614246,40.84034892837284],[-73.90515960629514,40.84101163780916],[-73.90483249948313,40.84484207145842]]]}},{"type":"Feature","properties":{"ntaname":"Crotona Park East","boroname":"Bronx","ntatype":"0"},"geometry":{"type":"Polygon","coordinates":[[[-73.88005188415067,40.83470205920019],[-73.88390094722517,40.82980281690994],[-73.88357411706623,40.8294786466039],[-73.88352018669733,40.829260182491396],[-73.88378414046353,40.82827429246168],[-73.88438705287568,40.82681728353236],[-73.88461335944156,40.825276503821655],[-73.88464450546032,40.823814274202775],[-73.88438503951731,40.82295136949705],[-73.88718471122232,40.8226449828696],[-73.8878874606846,40.8223630137872],[-73.8874785056312,40.82264192848904],[-73.88706660277637,40.823190276968475],[-73.88710697147714,40.82330587144013],[-73.88686999874191,40.823843879147425],[-73.88645426053077,40.82528631167759],[-73.88609624100911,40.82765577786004],[-73.8878951083526,40.82674318529608],[-73.89293225968738,40.826787036531314],[-73.89483522835758,40.826246841714166],[-73.89515277705604,40.82783429017694],[-73.89511020772522,40.82803689945429],[-73.89639572907834,40.82876287952023],[-73.89669632384079,40.83041450453961],[-73.89717220880983,40.83036883289431],[-73.8969001774289,40.831033336425826],[-73.89647296120866,40.83304756810539],[-73.89630199811194,40.83354321799611],[-73.89696588930462,40.83434214589405],[-73.89583107702725,40.83487855122048],[-73.8953509119885,40.835234461011055],[-73.89469434180205,40.83591357452686],[-73.89385624167426,40.83639510223077],[-73.89337676185252,40.83654000894677],[-73.89110124772846,40.836727482141185],[-73.89057363264938,40.836901048030974],[-73.88874067782909,40.83796845987613],[-73.88841187095251,40.83855339156463],[-73.88729743923052,40.83813538903685],[-73.8861843201219,40.84010504497275],[-73.884648980423,40.839174633102914],[-73.88418143086983,40.839335307143855],[-73.88356469728534,40.838986365810555],[-73.8834675968393,40.839056795313354],[-73.8827100472669,40.83862612271144],[-73.88285365009212,40.83849533597433],[-73.8822915093229,40.83807527065836],[-73.88200844634898,40.83744382272155],[-73.88213932175294,40.83688893941501],[-73.8820682158272,40.83595027036826],[-73.882226986618,40.83545245760783],[-73.88005188415067,40.83470205920019]]]}},{"type":"Feature","properties":{"ntaname":"Crotona Park","boroname":"Bronx","ntatype":"9"},"geometry":{"type":"Polygon","coordinates":[[[-73.89537836114475,40.842938779458706],[-73.8894172471471,40.839422733881484],[-73.88869040742647,40.83915802646732],[-73.88813752093051,40.83986200305439],[-73.88659802256774,40.8392790507779],[-73.88729743923052,40.83813538903685],[-73.88841187095251,40.83855339156463],[-73.88874067782909,40.83796845987613],[-73.89057363264938,40.836901048030974],[-73.89110124772846,40.836727482141185],[-73.89337676185252,40.83654000894677],[-73.89385624167426,40.83639510223077],[-73.89469434180205,40.83591357452686],[-73.8953509119885,40.835234461011055],[-73.89583107702725,40.83487855122048],[-73.89696588930462,40.83434214589405],[-73.90121578298935,40.8354101416905],[-73.90122534899322,40.835499911236795],[-73.8966616166718,40.84352460706751],[-73.89537836114475,40.842938779458706]]]}},{"type":"Feature","properties":{"ntaname":"Concourse-Concourse Village","boroname":"Bronx","ntatype":"0"},"geometry":{"type":"Polygon","coordinates":[[[-73.9086913114116,40.83393834677405],[-73.910490105933,40.830737373534774],[-73.9089599022163,40.83022623404873],[-73.91030770254517,40.82877248624752],[-73.911694301724,40.82775871580911],[-73.91179361884583,40.82642815560121],[-73.91130974385182,40.82484855889453],[-73.91316674348849,40.825456455311894],[-73.91351191609785,40.82480494542258],[-73.91475120998601,40.825200473433426],[-73.91541108147256,40.82577390912276],[-73.91661368376236,40.8249923085071],[-73.91608782725582,40.82483785183057],[-73.92040163648305,40.82206121718244],[-73.92265261107394,40.82049431528034],[-73.92402557153757,40.81928533011037],[-73.92518486375293,40.81801266937714],[-73.92731653000297,40.818559634826904],[-73.92885641986327,40.8148798674807],[-73.92896567380443,40.81482825554755],[-73.92921297888257,40.814381957871404],[-73.93027812596966,40.8132480256553],[-73.93130722793302,40.8136987399088],[-73.93128890521805,40.81377808987876],[-73.93214444401528,40.814126083280854],[-73.93242307595003,40.8141517151758],[-73.93233241713575,40.8149642740792],[-73.93237498371892,40.819590697184154],[-73.93245923814187,40.82112061214087],[-73.9323998255849,40.82114556743],[-73.93266003600932,40.824545226977],[-73.93307251001943,40.828156152538625],[-73.93095939214298,40.82833708946133],[-73.930685614956,40.82706059972692],[-73.92985605353711,40.826713731370944],[-73.92976069210278,40.826582419483444],[-73.92715291285664,40.825723914841376],[-73.92221736139518,40.834162941071305],[-73.923177257326,40.834540100037856],[-73.92237223037706,40.83610874281376],[-73.92001799342097,40.83765612916761],[-73.92047981018476,40.83713953648362],[-73.91647433338241,40.83577903089617],[-73.91587067444023,40.836393594242686],[-73.91379351915597,40.835600309808434],[-73.9086913114116,40.83393834677405]]]}},{"type":"Feature","properties":{"ntaname":"Highbridge","boroname":"Bronx","ntatype":"0"},"geometry":{"type":"Polygon","coordinates":[[[-73.92345554912475,40.844451108435884],[-73.92272699268904,40.84422795789612],[-73.92286081489083,40.84364000750003],[-73.92275477698675,40.84284853830243],[-73.9228187432955,40.84275115602772],[-73.92243564736093,40.84181724086912],[-73.92140666600605,40.84019814223509],[-73.9213184884446,40.83990334141433],[-73.92144747981733,40.83924298948398],[-73.92224417426176,40.83784956494393],[-73.92237223037706,40.83610874281376],[-73.92403156985513,40.8350608737246],[-73.92537539997394,40.83262809617426],[-73.92761206217641,40.83012648263051],[-73.92825730103077,40.829530515359885],[-73.92917196656373,40.8289399597515],[-73.93033932985122,40.82849555557042],[-73.9311413181963,40.82830380933665],[-73.93307251001943,40.828156152538625],[-73.93354606680776,40.83150945400381],[-73.93360591970537,40.83278953052058],[-73.93314306642985,40.83519412862141],[-73.93265620287741,40.836473477195824],[-73.9318666008455,40.83764005625],[-73.93051572319851,40.83993364318918],[-73.93043183906157,40.84023170605745],[-73.93048324388563,40.84046006173913],[-73.92958939441847,40.842083549582036],[-73.92957870818282,40.84227667010483],[-73.92938012499978,40.842467145624006],[-73.9291940794094,40.84281841640946],[-73.92918458606833,40.84320375831752],[-73.9286157466785,40.844676865699334],[-73.92827454640535,40.84497576182685],[-73.92804748335654,40.845464595954304],[-73.92564205543431,40.8449009466976],[-73.9239258793672,40.84478678133464],[-73.92345554912475,40.844451108435884]]]}},{"type":"Feature","properties":{"ntaname":"Mount Eden-Claremont (West)","boroname":"Bronx","ntatype":"0"},"geometry":{"type":"Polygon","coordinates":[[[-73.90483494066312,40.84475261849982],[-73.90501514891653,40.8424046989893],[-73.90514893908845,40.84254719624052],[-73.90596061757195,40.84262870462196],[-73.90865715672258,40.842719370807764],[-73.9086249457097,40.84301716498451],[-73.90953427964574,40.84306281697772],[-73.90962455423002,40.842109625513494],[-73.90898550897168,40.83969092823294],[-73.90887759867266,40.83890289312117],[-73.90891035670765,40.838376481287],[-73.90910092087442,40.83773351666882],[-73.90932083470922,40.83732713441331],[-73.90963448943478,40.837125318782576],[-73.90916255795499,40.836964597025414],[-73.90792837610917,40.83723964275678],[-73.90748190737203,40.83772854264503],[-73.9067234559649,40.83834750721977],[-73.90570581045682,40.83972280069595],[-73.90538357941077,40.83976898447428],[-73.90597940375552,40.83850519580221],[-73.90740200442593,40.83623228341801],[-73.9086913114116,40.83393834677405],[-73.91379351915607,40.8356003098084],[-73.91587067444023,40.83639359424264],[-73.91647433338245,40.83577903089612],[-73.92047981018476,40.83713953648362],[-73.92001799342114,40.83765612916761],[-73.92237223037701,40.83610874281372],[-73.92224417426182,40.8378495649439],[-73.92144747981745,40.83924298948398],[-73.92131475384191,40.83981337003945],[-73.92140666600609,40.840198142235046],[-73.92243564736093,40.84181724086912],[-73.9228187432955,40.84275115602772],[-73.92275477698686,40.84284853830239],[-73.92286081489083,40.84364000750003],[-73.92272699268904,40.84422795789612],[-73.92285833383767,40.84426606329549],[-73.92265185267908,40.84474515981747],[-73.9173249472212,40.845057483348576],[-73.91337630796417,40.84514339180627],[-73.91085064275423,40.84508769975922],[-73.90483494066312,40.84475261849982]]]}},{"type":"Feature","properties":{"ntaname":"Yankee Stadium-Macombs Dam Park","boroname":"Bronx","ntatype":"9"},"geometry":{"type":"Polygon","coordinates":[[[-73.92715291241493,40.825723915427346],[-73.92976069210283,40.826582419483444],[-73.92985605353726,40.826713731370916],[-73.930685614956,40.827060599726885],[-73.93095939214298,40.82833708946133],[-73.93003491400744,40.82858759029283],[-73.92917196656373,40.8289399597515],[-73.92802724772581,40.82971953937308],[-73.92537539997404,40.83262809617423],[-73.92403156985527,40.8350608737246],[-73.92237223037701,40.83610874281372],[-73.92317725732613,40.834540100037835],[-73.92221736139518,40.834162941071305],[-73.92715291241493,40.825723915427346]]]}},{"type":"Feature","properties":{"ntaname":"Claremont Park","boroname":"Bronx","ntatype":"9"},"geometry":{"type":"Polygon","coordinates":[[[-73.90501514891653,40.8424046989893],[-73.90515960629514,40.84101163780916],[-73.90535787614246,40.84034892837284],[-73.9058067172713,40.83950414408234],[-73.9067234559649,40.83834750721977],[-73.90802665960369,40.83718696044936],[-73.90916255795499,40.836964597025414],[-73.90963448943478,40.837125318782576],[-73.90932083470922,40.83732713441331],[-73.90910092087442,40.83773351666882],[-73.90891035670765,40.838376481287],[-73.90887759867266,40.83890289312117],[-73.90898550897168,40.83969092823294],[-73.90962455423002,40.842109625513494],[-73.90953427964574,40.84306281697772],[-73.9086249457097,40.84301716498451],[-73.90865715672258,40.842719370807764],[-73.90596061757195,40.84262870462196],[-73.90514893908845,40.84254719624052],[-73.90501514891653,40.8424046989893]]]}},{"type":"Feature","properties":{"ntaname":"University Heights (South)-Morris Heights","boroname":"Bronx","ntatype":"0"},"geometry":{"type":"Polygon","coordinates":[[[-73.90486847127254,40.85869322470828],[-73.90565953360878,40.85739873466268],[-73.90468371278561,40.85706030172391],[-73.90522169895988,40.856203595304336],[-73.90921545544833,40.85180094556896],[-73.91058169796972,40.85018159582225],[-73.91418502222615,40.845134946988445],[-73.91732494722109,40.845057483348576],[-73.92265185267904,40.84474515981751],[-73.92285833383762,40.84426606329549],[-73.92345554912475,40.844451108435884],[-73.9239258793672,40.84478678133464],[-73.92564205543431,40.8449009466976],[-73.92804748335654,40.845464595954304],[-73.92786869722522,40.845597721702255],[-73.92767073280382,40.846033482483975],[-73.92754828358588,40.846087215063164],[-73.92734184387551,40.84646364143777],[-73.92693545888284,40.84692414475689],[-73.92683023128548,40.84728976018816],[-73.9266268735192,40.847392686499944],[-73.92630425797887,40.84787010144077],[-73.92603310083858,40.84807241529829],[-73.92593957763373,40.84827119335957],[-73.92465379864088,40.8497850440154],[-73.92384778879637,40.851182608715725],[-73.92394789368974,40.85122178578851],[-73.92256178946477,40.853188912030106],[-73.92174035314744,40.85422123784009],[-73.92154261803856,40.854116883884494],[-73.92134207683857,40.854317435657876],[-73.92151543705522,40.85451006389157],[-73.92080070289325,40.85538081439473],[-73.92037235451427,40.855172965136866],[-73.92030027213485,40.85524637083907],[-73.92056655954352,40.85551389831383],[-73.92052653132843,40.855686668401994],[-73.92029392909501,40.85584511401483],[-73.92030620609954,40.85592711981126],[-73.91956620812296,40.85684018368743],[-73.91902368970769,40.857396538412814],[-73.91890655265328,40.857265418574194],[-73.91752824331094,40.856895855081575],[-73.91740656723226,40.85705140959541],[-73.91737409380193,40.856745966877426],[-73.91745233991233,40.856293587777536],[-73.91739523408586,40.85612192343279],[-73.91718821027804,40.855918821827935],[-73.91720801051001,40.85683830041612],[-73.91684833240731,40.85764819375293],[-73.91615941504116,40.858784566887344],[-73.91508181719456,40.85919179894057],[-73.91542544527437,40.85872864146644],[-73.91328436985144,40.85961860183284],[-73.91056799272857,40.858620594238836],[-73.9102081800614,40.85828878887033],[-73.90987022070667,40.85766971421896],[-73.9096674776471,40.85748494865283],[-73.90777484202549,40.8596095201241],[-73.90725786122077,40.85935343791952],[-73.9067973487594,40.85937358893091],[-73.90486847127254,40.85869322470828]]]}},{"type":"Feature","properties":{"ntaname":"Mount Hope","boroname":"Bronx","ntatype":"0"},"geometry":{"type":"Polygon","coordinates":[[[-73.89709926706911,40.855172291947014],[-73.8956088319166,40.85457037059923],[-73.9013172979867,40.844473941534865],[-73.90483249948313,40.84484207145842],[-73.90483494066312,40.84475261849982],[-73.91085064275423,40.84508769975922],[-73.91418502222626,40.84513494698841],[-73.91058169796983,40.85018159582225],[-73.90921545544833,40.85180094556896],[-73.90557007241134,40.85578732339887],[-73.90396404557903,40.854960102190105],[-73.90185995986776,40.85458615026468],[-73.90077922681346,40.856047109728614],[-73.89816577388366,40.85514637639213],[-73.89863543655886,40.853906975435514],[-73.89831118538353,40.85406115105083],[-73.89709926706911,40.855172291947014]]]}},{"type":"Feature","properties":{"ntaname":"Fordham Heights","boroname":"Bronx","ntatype":"0"},"geometry":{"type":"Polygon","coordinates":[[[-73.89177188666727,40.861871717251596],[-73.8913802322572,40.86170058876435],[-73.89321520691615,40.85987420615524],[-73.89644052433917,40.85490775915461],[-73.89709926706911,40.855172291947014],[-73.89831118538353,40.85406115105083],[-73.89863543655886,40.853906975435514],[-73.89816577388366,40.85514637639213],[-73.90077922681346,40.856047109728614],[-73.90185995986776,40.85458615026468],[-73.90396404557903,40.854960102190105],[-73.90557007241134,40.85578732339887],[-73.90468371278571,40.85706030172391],[-73.90565953360884,40.857398734662645],[-73.90351390497871,40.86091751065298],[-73.90254479260203,40.86057825533532],[-73.90188007283248,40.86169362461954],[-73.9010796688533,40.862756383422],[-73.8994367077421,40.86211691206513],[-73.89798099215484,40.8624025403712],[-73.89693899596872,40.86244292975043],[-73.89482463188222,40.862065074749275],[-73.89285169022902,40.86183219349472],[-73.89177188666727,40.861871717251596]]]}},{"type":"Feature","properties":{"ntaname":"West Farms","boroname":"Bronx","ntatype":"0"},"geometry":{"type":"Polygon","coordinates":[[[-73.87283453773911,40.839754863891976],[-73.87322928228721,40.83815590298728],[-73.87392818006091,40.83599031261785],[-73.8767332333955,40.83620561805411],[-73.8774784319788,40.83586472877986],[-73.87808501970446,40.835479842514566],[-73.87866481335624,40.83502565869313],[-73.87925239343423,40.83442478999393],[-73.882226986618,40.83545245760783],[-73.8820682158272,40.83595027036826],[-73.88213932175294,40.83688893941501],[-73.88200844634898,40.83744382272155],[-73.8822915093229,40.83807527065836],[-73.88285365009212,40.83849533597433],[-73.8827100472669,40.83862612271144],[-73.8834675968393,40.839056795313354],[-73.88356469728534,40.838986365810555],[-73.88418143086983,40.839335307143855],[-73.884648980423,40.839174633102914],[-73.8861843201219,40.84010504497275],[-73.8852028620828,40.84498274060421],[-73.88478499258942,40.84562838586565],[-73.88351722276074,40.84716825834888],[-73.8833072518775,40.847578928925664],[-73.88311982437547,40.84822109237876],[-73.88284445508452,40.847817227456275],[-73.87733907150002,40.84399175505718],[-73.87817546826224,40.84261769654637],[-73.87679871993105,40.842299787946274],[-73.87459175304606,40.84152064753811],[-73.87401468985382,40.842537677818164],[-73.87311149505652,40.84325065171364],[-73.87211001648689,40.84370009855644],[-73.87185298685056,40.84450417016242],[-73.8717026080779,40.84459136836734],[-73.87135574215772,40.844613223554795],[-73.87116887383097,40.84477811872059],[-73.87104370906748,40.84582057197133],[-73.87095552811611,40.84597623321057],[-73.87053966302501,40.84625757462035],[-73.87034601231153,40.84652221564201],[-73.87035538598148,40.846623815688],[-73.87006385500841,40.84655627592444],[-73.86987431101255,40.846617458088176],[-73.86942321371609,40.84751234518302],[-73.86889243274508,40.84811232262847],[-73.86956258947998,40.84801871390805],[-73.86952362885509,40.84868697758724],[-73.86920944569769,40.84923837337521],[-73.86785992927581,40.84886493189031],[-73.8683546583043,40.84708023338578],[-73.86892652627044,40.84688174060916],[-73.86866193753741,40.84626015394136],[-73.86874186495903,40.84560972858108],[-73.86863721590373,40.845309843266215],[-73.86804200325662,40.84481383930633],[-73.86889258623121,40.84440965879694],[-73.87099518067323,40.843111392043916],[-73.87229920934747,40.841579995737455],[-73.87359713479324,40.83979855643703],[-73.87283453773911,40.839754863891976]]]}},{"type":"Feature","properties":{"ntaname":"Tremont","boroname":"Bronx","ntatype":"0"},"geometry":{"type":"Polygon","coordinates":[[[-73.88311982437547,40.84822109237876],[-73.8833072518775,40.847578928925664],[-73.88351722276074,40.84716825834888],[-73.88478499258942,40.84562838586562],[-73.8852028620828,40.84498274060421],[-73.8861843201219,40.84010504497275],[-73.88659802256774,40.8392790507779],[-73.88813752093051,40.83986200305439],[-73.88869040742647,40.83915802646732],[-73.8894172471471,40.839422733881484],[-73.89537836114475,40.842938779458706],[-73.89479021957922,40.84372032197091],[-73.9013172979867,40.844473941534865],[-73.8956088319166,40.85457037059923],[-73.89544565200994,40.85451829358081],[-73.89534405647633,40.85469655008911],[-73.89400033417488,40.854251934500546],[-73.89420545309554,40.853854930046374],[-73.89216687314898,40.85276946289262],[-73.89038953921249,40.854689058587084],[-73.88960977945496,40.85362188105023],[-73.88963328236044,40.85317381893969],[-73.88990142128273,40.85266345902264],[-73.88988451201791,40.85222172377152],[-73.88997028334323,40.852103229953144],[-73.8882397396384,40.851035366912924],[-73.88735661937177,40.850873897617575],[-73.88311982437547,40.84822109237876]]]}},{"type":"Feature","properties":{"ntaname":"Belmont","boroname":"Bronx","ntatype":"0"},"geometry":{"type":"Polygon","coordinates":[[[-73.88362518063289,40.867257588509084],[-73.88267624666986,40.866089142150656],[-73.88344168282597,40.86561633219454],[-73.88376749134457,40.865314753168335],[-73.8839692220123,40.86481774197266],[-73.88392395696238,40.864417762372874],[-73.88379371014452,40.86417157223372],[-73.88200794072172,40.86204685336177],[-73.88193118721914,40.862094321292],[-73.88073995295805,40.86112623030639],[-73.88059006152008,40.86087844940333],[-73.88050547956449,40.86047756186843],[-73.88051533513321,40.86034556891214],[-73.88060896789034,40.86035709360914],[-73.88100678893053,40.858268023159084],[-73.88073042731561,40.85667660541284],[-73.88311982437547,40.84822109237876],[-73.88735661937177,40.850873897617575],[-73.8882397396384,40.851035366912924],[-73.88997028334323,40.852103229953144],[-73.88988451201791,40.85222172377152],[-73.88990142128273,40.85266345902264],[-73.88963328236044,40.85317381893969],[-73.88960977945496,40.85362188105023],[-73.89038953921249,40.854689058587084],[-73.89216687314898,40.85276946289262],[-73.89420545309554,40.853854930046374],[-73.89400033417488,40.854251934500546],[-73.89534405647633,40.85469655008911],[-73.89544565200994,40.85451829358081],[-73.89644052433917,40.85490775915461],[-73.89321520691615,40.85987420615524],[-73.8913802322572,40.86170058876435],[-73.89177188666727,40.861871717251596],[-73.88889565944024,40.86475415323609],[-73.88812278687759,40.86425457107954],[-73.88683316977249,40.8653899938601],[-73.88362518063289,40.867257588509084]]]}},{"type":"Feature","properties":{"ntaname":"University Heights (North)-Fordham","boroname":"Bronx","ntatype":"0"},"geometry":{"type":"Polygon","coordinates":[[[-73.90746489661895,40.87354735423551],[-73.90571425230091,40.87313832210087],[-73.90452070384171,40.87249521120439],[-73.90443428644025,40.872245309282214],[-73.90448860401436,40.8705785485471],[-73.90442003077385,40.8703612760002],[-73.90374975805692,40.86959562713954],[-73.90318667333348,40.86914899199276],[-73.90194154944133,40.8685336307749],[-73.89942436099136,40.8678808377156],[-73.89965220207839,40.868554579283725],[-73.89960300272367,40.868728208255696],[-73.89933851106186,40.86922802810437],[-73.89891854209993,40.86965857448607],[-73.89656060531188,40.86856520058654],[-73.8974032314425,40.86747418970997],[-73.8963131566992,40.86703857544419],[-73.89412284957133,40.86594000603248],[-73.89386222548046,40.86575366283763],[-73.8937159844328,40.865293098999736],[-73.8934663803443,40.86538240472803],[-73.89323192173383,40.86527287818061],[-73.89016163568581,40.86347636282298],[-73.89177188666727,40.861871717251596],[-73.89285169022902,40.86183219349472],[-73.89482463188222,40.862065074749275],[-73.89693899596872,40.86244292975043],[-73.89798099215484,40.8624025403712],[-73.8994367077421,40.86211691206513],[-73.9010796688533,40.862756383422],[-73.90188007283248,40.86169362461954],[-73.90254479260203,40.86057825533532],[-73.90351390497871,40.86091751065298],[-73.90486847127264,40.85869322470828],[-73.90679734875951,40.85937358893091],[-73.90725786122088,40.85935343791949],[-73.90777484202555,40.8596095201241],[-73.9096674776472,40.85748494865283],[-73.90987022070676,40.85766971421892],[-73.9102081800615,40.8582887888703],[-73.91056799272862,40.858620594238836],[-73.91328436985144,40.85961860183284],[-73.91542544527444,40.85872864146644],[-73.91508181719468,40.859191798940536],[-73.91615941504122,40.85878456688731],[-73.91684833240745,40.85764819375293],[-73.91720801051007,40.85683830041612],[-73.91718821027804,40.85591882182789],[-73.91739523408592,40.856121923432745],[-73.91745233991233,40.856293587777536],[-73.91737409380188,40.856745966877426],[-73.91740656723236,40.85705140959538],[-73.91752824331098,40.85689585508154],[-73.91890655265338,40.85726541857416],[-73.91902368970769,40.857396538412814],[-73.91776041251106,40.85870809795846],[-73.9172066464705,40.858928922734734],[-73.9158052800855,40.86046973585627],[-73.91576213144742,40.86064463729262],[-73.91480934325418,40.86171419014847],[-73.91472330855282,40.861853182389304],[-73.91481817339105,40.8618990889826],[-73.91341462193655,40.86336749370088],[-73.91276271995396,40.86302917466031],[-73.91227278976977,40.86363214899687],[-73.91279762128875,40.8638988759356],[-73.91275216216428,40.86394505734561],[-73.91252604516872,40.86379522333537],[-73.91267633954186,40.86402111160211],[-73.9104428274712,40.86652786804593],[-73.91035983824388,40.866876891406186],[-73.90949664312318,40.86883115664054],[-73.90893714841624,40.871019840308314],[-73.90864943111376,40.871385783802936],[-73.9089323517538,40.87215734797027],[-73.90872046303105,40.87222866558879],[-73.90846367780055,40.87262079220625],[-73.90774270696284,40.87284595211106],[-73.90746489661895,40.87354735423551]]]}},{"type":"Feature","properties":{"ntaname":"Bedford Park","boroname":"Bronx","ntatype":"0"},"geometry":{"type":"Polygon","coordinates":[[[-73.8871285059633,40.88281542504534],[-73.8871650519898,40.882576511897554],[-73.88595071664201,40.880507412132715],[-73.88567517959456,40.878872510807994],[-73.88527683053233,40.87921766898976],[-73.88345579262908,40.87605609563839],[-73.88340035198799,40.873946627267735],[-73.88319048023186,40.87339327990621],[-73.88255391460218,40.87245728771245],[-73.88146889596376,40.868573646262234],[-73.88683316977249,40.8653899938601],[-73.88812278687759,40.86425457107954],[-73.88889565944024,40.86475415323609],[-73.89016163568581,40.86347636282298],[-73.89323192173383,40.86527287818061],[-73.8934663803443,40.86538240472803],[-73.8937159844328,40.865293098999736],[-73.89386222548046,40.86575366283763],[-73.89412284957133,40.86594000603248],[-73.8963131566992,40.86703857544419],[-73.8974032314425,40.86747418970997],[-73.89656060531188,40.86856520058654],[-73.89891854209993,40.86965857448607],[-73.89778962182203,40.87085664339794],[-73.8978207846741,40.871960049675955],[-73.89811299430373,40.873110358203924],[-73.89843500010623,40.87375679699451],[-73.89873474504451,40.87400605464475],[-73.8991482175353,40.874142723193984],[-73.89985944720226,40.87419866898581],[-73.90021706145235,40.87438951268775],[-73.90040369561137,40.87472106169508],[-73.90041699327958,40.87511767588837],[-73.89981108884004,40.87639882558343],[-73.8990495705968,40.87710698928514],[-73.89826917611045,40.878282499703104],[-73.89751165027624,40.878942566328796],[-73.89702627460622,40.879521219834956],[-73.89668962832503,40.8801559071228],[-73.89657174159646,40.88124926287361],[-73.89637632140169,40.88182132859696],[-73.89552941790907,40.882456156416055],[-73.894580364006,40.88293480224465],[-73.89419664196981,40.8830206014522],[-73.89325145274272,40.882743885422926],[-73.89274736273123,40.88270232128233],[-73.89221789661273,40.88245149686735],[-73.89163185816034,40.882339110847326],[-73.8880036003965,40.88283653334943],[-73.88796950580894,40.88289675277772],[-73.8871285059633,40.88281542504534]]]}},{"type":"Feature","properties":{"ntaname":"Norwood","boroname":"Bronx","ntatype":"0"},"geometry":{"type":"Polygon","coordinates":[[[-73.87083567707624,40.880454115283015],[-73.87015318464638,40.880350828061786],[-73.87160718562494,40.87692157317876],[-73.87255250745748,40.87517518382696],[-73.87518850030095,40.871575757313394],[-73.87619257483897,40.870476957203095],[-73.87694351958748,40.86995468224167],[-73.88309382372141,40.86660218502387],[-73.88362518063289,40.867257588509084],[-73.88146889596376,40.868573646262234],[-73.88255391460218,40.87245728771245],[-73.88319048023186,40.87339327990621],[-73.88340035198799,40.873946627267735],[-73.88345579262908,40.87605609563839],[-73.88527683053233,40.87921766898976],[-73.88567517959456,40.878872510807994],[-73.88595071664201,40.880507412132715],[-73.8871650519898,40.882576511897554],[-73.8870514253612,40.88434957584615],[-73.88662412884958,40.8842673037111],[-73.88421683272098,40.88319769174163],[-73.8836833679019,40.88315761600102],[-73.88274833294535,40.88339738747129],[-73.88124422386927,40.88270963367426],[-73.8781494450198,40.886873807866124],[-73.87803562271968,40.88711832175471],[-73.87783125837879,40.88677276068347],[-73.87760676546058,40.88452304479258],[-73.8777281766139,40.883454195754766],[-73.87812575139316,40.88215368597884],[-73.87470255490281,40.88155382355611],[-73.87479240577275,40.88007512955896],[-73.87494589600867,40.87994766996391],[-73.87191661735852,40.880238178685566],[-73.87187100605315,40.8803281209271],[-73.87083567707624,40.880454115283015]]]}},{"type":"Feature","properties":{"ntaname":"Kingsbridge Heights-Van Cortlandt Village","boroname":"Bronx","ntatype":"0"},"geometry":{"type":"Polygon","coordinates":[[[-73.8870514253612,40.88434957584615],[-73.8871285059633,40.88281542504534],[-73.88796950580894,40.88289675277772],[-73.8880036003965,40.88283653334943],[-73.89163185816034,40.882339110847326],[-73.89221789661273,40.88245149686735],[-73.89274736273123,40.88270232128233],[-73.89334854949172,40.8827672442977],[-73.89393252941684,40.88299256084339],[-73.89433200202281,40.883008532996946],[-73.89552941790907,40.882456156416055],[-73.89637632140169,40.88182132859696],[-73.89657174159646,40.88124926287361],[-73.89668962832503,40.8801559071228],[-73.89689662278512,40.879728126762366],[-73.8973347814769,40.87912726958142],[-73.89826917611045,40.878282499703104],[-73.8990495705968,40.87710698928514],[-73.89981108884004,40.87639882558343],[-73.90041699327958,40.87511767588837],[-73.90036053639862,40.87459469548098],[-73.90011386035421,40.874312484695956],[-73.89971795631558,40.87416701949474],[-73.8988646947124,40.87406669845861],[-73.89843500010623,40.87375679699451],[-73.8980111696878,40.8728272809095],[-73.8978207846741,40.871960049675955],[-73.89778962182203,40.87085664339794],[-73.89921387606522,40.869381386784234],[-73.89960300272367,40.868728208255696],[-73.89965220207839,40.868554579283725],[-73.89942436099136,40.8678808377156],[-73.90150981563184,40.86839595311598],[-73.90235804780234,40.86869612095305],[-73.90318667333348,40.86914899199276],[-73.90374975805692,40.86959562713954],[-73.90442003077385,40.8703612760002],[-73.90448860401436,40.8705785485471],[-73.9044690132068,40.87241552067772],[-73.90467728208338,40.87261987949854],[-73.90571425230091,40.87313832210087],[-73.90614668858372,40.87326020472856],[-73.90555230617852,40.87443631524167],[-73.90556295548205,40.874638190788296],[-73.90452794019112,40.877064178108505],[-73.90376570190163,40.878528638055556],[-73.9033943966936,40.878994195373615],[-73.90155658681017,40.88098194458349],[-73.89860056351952,40.88440476607341],[-73.89782212315404,40.88507677041931],[-73.8966824301458,40.88596459085393],[-73.89467948886859,40.885519941585784],[-73.89447761793357,40.88560041493272],[-73.89415089688072,40.88554722288789],[-73.88758612454241,40.884255620164225],[-73.8870514253612,40.88434957584615]]]}},{"type":"Feature","properties":{"ntaname":"Kingsbridge-Marble Hill","boroname":"Bronx","ntatype":"0"},"geometry":{"type":"Polygon","coordinates":[[[-73.89791462599935,40.89054669300346],[-73.89990425479826,40.886559723755184],[-73.89668243014576,40.88596459085393],[-73.89860056351952,40.88440476607341],[-73.90376570190159,40.8785286380556],[-73.90452794019112,40.877064178108505],[-73.90556295548195,40.874638190788296],[-73.90555230617841,40.87443631524167],[-73.90614668858372,40.8732602047286],[-73.90746489661895,40.87354735423551],[-73.90774270696268,40.87284595211106],[-73.90846367780055,40.87262079220629],[-73.90872046303092,40.87222866558879],[-73.9089323517537,40.87215734797027],[-73.90971690006444,40.87320461141724],[-73.91035513943523,40.87377785581142],[-73.9109211787715,40.87414639654183],[-73.91194663007454,40.87457702125174],[-73.915785155056,40.87571694573411],[-73.91484624090106,40.87666671077878],[-73.91205829963945,40.878119320550915],[-73.91148913102154,40.879018858809026],[-73.91033193478138,40.879038047306764],[-73.90967868322763,40.87951458833859],[-73.91033976224087,40.88005239800708],[-73.91047173676766,40.880293080210656],[-73.91049490364858,40.880525278169095],[-73.9095282072243,40.88132404283268],[-73.9093820991898,40.88136332717749],[-73.90938805801248,40.88145400429778],[-73.90851119709039,40.88266507503793],[-73.9080224019976,40.8832013339574],[-73.90758532732627,40.88438930151335],[-73.90680728512324,40.88483852922889],[-73.90646694223067,40.88512832806044],[-73.90607414825278,40.885632904917344],[-73.90588823277787,40.88558752542492],[-73.90413642296213,40.88708070903117],[-73.90337314384304,40.88813234503306],[-73.90285948929848,40.88916474400481],[-73.90261592109708,40.889095436246],[-73.90184769091792,40.88914774595408],[-73.90118550422991,40.88890805707475],[-73.90080837732961,40.88893608471669],[-73.89964636503927,40.889797190782765],[-73.89853911837258,40.89038907404253],[-73.89845129533157,40.89070896614849],[-73.89791462599935,40.89054669300346]]]}},{"type":"Feature","properties":{"ntaname":"Riverdale-Spuyten Duyvil","boroname":"Bronx","ntatype":"0"},"geometry":{"type":"Polygon","coordinates":[[[-73.89663333796986,40.91141737534843],[-73.89635785905134,40.90320013225347],[-73.89697054093496,40.90061116824744],[-73.89715717099095,40.899371827346904],[-73.89643170628695,40.89365528042881],[-73.89675789986525,40.892645444241225],[-73.89728112366102,40.89171068468434],[-73.89738702694115,40.89163596643028],[-73.89791462599935,40.89054669300346],[-73.89845129533157,40.89070896614849],[-73.89853911837258,40.89038907404253],[-73.89964636503927,40.889797190782765],[-73.90086799217603,40.888917553321974],[-73.90118550422991,40.88890805707475],[-73.90184769091792,40.88914774595408],[-73.90261592109708,40.889095436246],[-73.90285948929848,40.88916474400481],[-73.90337314384304,40.88813234503306],[-73.90413642296213,40.88708070903117],[-73.90588823277787,40.88558752542492],[-73.90607414825278,40.885632904917344],[-73.90646694223067,40.88512832806044],[-73.90680728512324,40.88483852922889],[-73.90758532732627,40.88438930151335],[-73.9080224019976,40.8832013339574],[-73.90851119709039,40.88266507503793],[-73.90938805801248,40.88145400429778],[-73.9093820991898,40.88136332717749],[-73.9095282072243,40.88132404283268],[-73.91049490364858,40.880525278169095],[-73.91047173676766,40.880293080210656],[-73.91033976224087,40.88005239800708],[-73.90967868322763,40.87951458833859],[-73.91033193478138,40.879038047306764],[-73.91148913102154,40.879018858809026],[-73.91205829963945,40.878119320550915],[-73.91484624090106,40.87666671077878],[-73.915785155056,40.87571694573411],[-73.91726028337288,40.87580900358077],[-73.91775669329705,40.875663627860405],[-73.91799187160882,40.875804429566294],[-73.91908326224589,40.876064881825535],[-73.92002897529989,40.87659264779301],[-73.92025638832581,40.87695199027634],[-73.92206723585673,40.878572414802704],[-73.92248829893055,40.87870664546101],[-73.92273788199171,40.87890544609759],[-73.92451795851026,40.879058659562084],[-73.92490327384792,40.878888367852795],[-73.92380525605554,40.88032490113368],[-73.9203928019909,40.8876485002271],[-73.91781783723799,40.89441642556764],[-73.91789963124585,40.89466901003957],[-73.9176348820742,40.89494190585492],[-73.91694161078398,40.896644551702586],[-73.91672314187345,40.89748694249018],[-73.91518455871676,40.90158428286234],[-73.91543172958416,40.90181268368851],[-73.91501449586045,40.90308129910659],[-73.9145903924332,40.904119002196545],[-73.91418543529805,40.90414039147146],[-73.91286857876598,40.907535475893596],[-73.91311022222155,40.90784583402188],[-73.91264932172878,40.90807081195554],[-73.91235918448349,40.9091367340796],[-73.91226868851436,40.90923014850259],[-73.91157895749275,40.912135959822656],[-73.91149190703744,40.91223376931219],[-73.91153618905514,40.912302061772245],[-73.91143213027841,40.91282382621984],[-73.91165472402199,40.913417851896895],[-73.91149959074738,40.91376658220756],[-73.91120519445238,40.91405101571112],[-73.91123570798324,40.9141446071653],[-73.91110790470486,40.914364578139455],[-73.91071204477043,40.91465916116145],[-73.91033256782728,40.91553277650231],[-73.91011276558851,40.91539873414421],[-73.90851154885108,40.91500226402552],[-73.90245663938697,40.91295893342558],[-73.90060385992209,40.91260726640142],[-73.89810489622417,40.91179060051241],[-73.89725326354962,40.91165551993882],[-73.89663333796986,40.91141737534843]]]}},{"type":"Feature","properties":{"ntaname":"Soundview-Bruckner-Bronx River","boroname":"Bronx","ntatype":"0"},"geometry":{"type":"Polygon","coordinates":[[[-73.86272273332911,40.83292068300317],[-73.86366561191583,40.83269532457095],[-73.86264225614394,40.82817014526387],[-73.86067324050327,40.82841898633674],[-73.85970333247572,40.82627734853495],[-73.87356808464364,40.82441984696754],[-73.87342238870835,40.82407345466832],[-73.8724683409405,40.8201500915302],[-73.87981464231414,40.819162449262805],[-73.88098029527114,40.81823562312675],[-73.88244779486648,40.81926832301358],[-73.88378786038184,40.82193341427315],[-73.88429488144965,40.82271820577008],[-73.88464450546032,40.823814274202775],[-73.88461335944156,40.825276503821655],[-73.88438705287568,40.82681728353236],[-73.88378414046353,40.82827429246168],[-73.88352018669733,40.829260182491396],[-73.88357411706623,40.8294786466039],[-73.88390094722517,40.82980281690994],[-73.88005188415067,40.83470205920019],[-73.87925239343423,40.83442478999393],[-73.87866481335624,40.83502565869313],[-73.87808501970446,40.835479842514566],[-73.8774784319788,40.83586472877986],[-73.8767332333955,40.83620561805411],[-73.87392818006091,40.83599031261785],[-73.87322928228721,40.83815590298728],[-73.87283453773911,40.839754863891976],[-73.86920766815935,40.839600047213814],[-73.86782258049,40.84016649901553],[-73.8644801165161,40.841087797386244],[-73.86393748015207,40.840044565901785],[-73.86272273332911,40.83292068300317]]]}},{"type":"Feature","properties":{"ntaname":"Soundview-Clason Point","boroname":"Bronx","ntatype":"0"},"geometry":{"type":"Polygon","coordinates":[[[-73.8457656170211,40.81158227934471],[-73.8461730287217,40.81067666392803],[-73.84688871208347,40.81052132517851],[-73.84719684509648,40.810580487614345],[-73.84746772168272,40.81090394285442],[-73.84758283399995,40.81128174925043],[-73.84821486515594,40.812462909498464],[-73.84876286855344,40.81290468611973],[-73.84938556147976,40.81323686534521],[-73.85041066820116,40.81358402388866],[-73.85060246203848,40.81393020004222],[-73.85159325007994,40.81430438675043],[-73.85243707672895,40.81430267449521],[-73.85225832249284,40.81449313256411],[-73.8524345347244,40.81445655925275],[-73.85261932751581,40.81452203106809],[-73.85280004243604,40.81444029947168],[-73.85301328287127,40.814584423623714],[-73.85284208707523,40.81434333658112],[-73.85265496045065,40.8143380795577],[-73.85261815190952,40.81405869212329],[-73.85265799208943,40.81396339904244],[-73.85297962704897,40.81387348399298],[-73.852913985456,40.81368940370177],[-73.85336857802673,40.813593903135626],[-73.85434655584861,40.81386385841686],[-73.85531511723788,40.81441214118403],[-73.85538030243578,40.814288882585444],[-73.85531965829601,40.814161567149554],[-73.854710082108,40.81384440191817],[-73.85346774058523,40.81347771160878],[-73.85255739434929,40.81373533465535],[-73.85206357413176,40.81372606016095],[-73.8511999765915,40.813553143872895],[-73.849650104253,40.81275188183901],[-73.84921243763631,40.81238419953777],[-73.84903294114531,40.81211891007785],[-73.84904536052105,40.81198632479398],[-73.84938420255824,40.81128707476776],[-73.84917358424852,40.810924340784176],[-73.84941898714335,40.810587427448816],[-73.84952977419134,40.81027822112516],[-73.84979804521906,40.81003287838779],[-73.84990892306422,40.80966012158701],[-73.84976705103755,40.80966912000883],[-73.8497601156782,40.80964521372235],[-73.84991938701836,40.80962666592703],[-73.8500201232443,40.80925404003278],[-73.84984662518079,40.80925232875319],[-73.85004241612907,40.80921540848781],[-73.8499673290538,40.8088755124546],[-73.84972865358526,40.808875112141564],[-73.84995749465203,40.80883006842527],[-73.8499511693801,40.808714720172375],[-73.84955076934828,40.80872086801365],[-73.84995355606381,40.80869340607654],[-73.84996696802818,40.80857801884382],[-73.84986663269072,40.80833700976077],[-73.84961166420273,40.80812418555394],[-73.84876007745984,40.80833745779323],[-73.84870962479349,40.80824046991662],[-73.84952218256736,40.80805527772038],[-73.84938838442243,40.807877532835576],[-73.84877737861603,40.80763587777431],[-73.8484164096165,40.807368775795496],[-73.84828024018182,40.80685240555047],[-73.84839879797131,40.80652432728184],[-73.84837953721414,40.80636018633473],[-73.84811499148802,40.80612858317832],[-73.84753621909455,40.80592640279447],[-73.8474882264191,40.805448909149334],[-73.84766805165975,40.80516644872494],[-73.84790298652742,40.80500217939745],[-73.84840272883373,40.80485807682826],[-73.84864784606214,40.80469937148052],[-73.84874317212969,40.804896259183714],[-73.84894604005882,40.80476216949746],[-73.84933382307936,40.80505121826194],[-73.84931788941785,40.804661465703305],[-73.84941036337602,40.804667976778354],[-73.8494285272771,40.805059828140756],[-73.84982107183734,40.80509443134619],[-73.84997722709296,40.80505959447945],[-73.85019839036417,40.80451002497411],[-73.8509207057749,40.80447786811742],[-73.85147537230506,40.80459837832569],[-73.85204922599488,40.804599116241185],[-73.85407120427061,40.804457462419606],[-73.85460114248228,40.80454764982762],[-73.8553887924516,40.80446442679101],[-73.85585446335388,40.80451464613971],[-73.85662613767603,40.804830304220154],[-73.8565778008231,40.80493285143916],[-73.856397852059,40.80494683571352],[-73.85569047098377,40.80467656557571],[-73.85556358433932,40.80478499582994],[-73.85560497039725,40.80506215703507],[-73.85572072708754,40.80512210417985],[-73.85612542563311,40.80528168125097],[-73.85652361926834,40.80523993276274],[-73.85724491988569,40.80530723811626],[-73.85712793760528,40.80518549405891],[-73.8566757965828,40.804995370823555],[-73.85683421024561,40.804909270212924],[-73.85812705699665,40.80546652055204],[-73.85891121201274,40.8059127557351],[-73.85882643239002,40.80599319322525],[-73.85850560039155,40.80581954279294],[-73.85844385359715,40.80595204569254],[-73.85831487707078,40.80599859101236],[-73.85839331448695,40.80640847622152],[-73.85850311703008,40.80642426926],[-73.85851704174387,40.80663788425989],[-73.85888908854804,40.80668849084083],[-73.85905039378453,40.80656396774258],[-73.85908344078271,40.80640897776941],[-73.85885297567333,40.80600843045386],[-73.85897232007956,40.80596606723804],[-73.8593660233232,40.80667568320798],[-73.85937656291263,40.80756829567457],[-73.85925775276075,40.80754267300794],[-73.8591586814882,40.806878974649344],[-73.85866505169193,40.806832751495776],[-73.85838996228814,40.80825880914896],[-73.85877452654637,40.80923397463314],[-73.85895141221778,40.8102714175867],[-73.8590766256631,40.809975558604854],[-73.85947161492855,40.80990511426528],[-73.86012695169545,40.80960549938806],[-73.85954059862375,40.80901970294907],[-73.85932919264776,40.80899654096591],[-73.85941389747045,40.80886494740227],[-73.85931632518671,40.8082067999103],[-73.85940147924659,40.80816510237676],[-73.8597027333697,40.808951925503266],[-73.86023625449634,40.809450277613294],[-73.86077442427818,40.809663140524634],[-73.86228604450467,40.80994591122593],[-73.86111126635217,40.811150154574584],[-73.86435846390738,40.813008915112185],[-73.86462322724348,40.81422251568705],[-73.86512837094394,40.81415204692482],[-73.86521735646666,40.814528563962284],[-73.86657742101656,40.814373434763866],[-73.86818218377903,40.81480771851262],[-73.86890864849238,40.815116617187044],[-73.8695448022987,40.81609475381415],[-73.87145992743001,40.82472020883828],[-73.85635677410309,40.82675208646264],[-73.85619656467718,40.82604099472381],[-73.85597162258206,40.8260638777564],[-73.85362025249152,40.816088386202004],[-73.85163543224938,40.81635918918099],[-73.851144722607,40.8143965488761],[-73.85092659315521,40.814335960507314],[-73.84705382007239,40.8148264696033],[-73.84663638784004,40.81303308600101],[-73.8461066032555,40.81309998920383],[-73.84646715886365,40.812306040383945],[-73.84632411861651,40.811687423568785],[-73.8457656170211,40.81158227934471]]]}},{"type":"Feature","properties":{"ntaname":"Castle Hill-Unionport","boroname":"Bronx","ntatype":"0"},"geometry":{"type":"MultiPolygon","coordinates":[[[[-73.83602895412021,40.82388097056637],[-73.83595118194272,40.81888854555973],[-73.83604247482336,40.81778261209739],[-73.83643674714041,40.81781586885862],[-73.83639638570256,40.81889136665132],[-73.83666145366553,40.817993668367365],[-73.83669352134656,40.81734763168624],[-73.83696692423608,40.816366657719605],[-73.83974355899653,40.816406071502385],[-73.84019020523155,40.817188273056594],[-73.84007129934879,40.81754890870435],[-73.84007711212817,40.817860895657],[-73.83921022101013,40.81888835662444],[-73.83892733295411,40.81900120960474],[-73.83879133810841,40.81952858869013],[-73.83868347700987,40.81959138051441],[-73.83880789876225,40.81974193514197],[-73.83906398857697,40.8198024323409],[-73.83893197127122,40.82132893403125],[-73.83901168067719,40.82195017052982],[-73.83888231646733,40.82214048985618],[-73.83907059472882,40.82225284946034],[-73.83901290013844,40.82238043416597],[-73.83904904481072,40.82268874864862],[-73.83921255059533,40.8228758029247],[-73.83945427382974,40.82292284655822],[-73.83952777714346,40.823038158649496],[-73.83944934873239,40.82326535508363],[-73.83958012498378,40.82342745369269],[-73.83961186638554,40.823863426519246],[-73.83974013877227,40.82411049303689],[-73.8401311352861,40.82431708867506],[-73.84027247787519,40.82476197802382],[-73.8411078091212,40.82615332674894],[-73.84132088542798,40.82676473521866],[-73.84222047999202,40.8283418884466],[-73.84229237322884,40.82869980753232],[-73.83701656738135,40.82905341019239],[-73.8365594532758,40.82722579048285],[-73.83602895412021,40.82388097056637]]],[[[-73.84848615207768,40.834524495833705],[-73.84727881581283,40.829314745684094],[-73.84584967511434,40.82891524490243],[-73.84504569468517,40.82879939869888],[-73.84543367962537,40.82848148646672],[-73.84532022453944,40.828426538815776],[-73.84422370822884,40.82851167242839],[-73.84398668258825,40.8284341430646],[-73.84291548074067,40.82862246917889],[-73.84272187785834,40.828275620914646],[-73.84253325731056,40.8275273036461],[-73.84202727065976,40.82654744824785],[-73.84170466295731,40.82576738248983],[-73.84175457615844,40.82575542089945],[-73.84120250732005,40.82481685808521],[-73.8410063788083,40.82424102761235],[-73.84086821945628,40.824153507710996],[-73.84044970316177,40.82334556699945],[-73.84046603526154,40.823080023584],[-73.84001752995962,40.82219024212052],[-73.83982926241688,40.821571501496216],[-73.83988142932517,40.82089686701201],[-73.83998460083185,40.82079477636286],[-73.8401006913585,40.820322761727894],[-73.83996730462574,40.820179082003264],[-73.83999860407422,40.81993494681325],[-73.84028911945022,40.8198077040515],[-73.84023155497509,40.81973553127379],[-73.84036528525603,40.819577750024415],[-73.84061881495951,40.819549501281195],[-73.84104454654423,40.81923017010187],[-73.84198684767891,40.818774373907466],[-73.84212585817735,40.818458221410864],[-73.84209366311737,40.81805954345434],[-73.84237534420508,40.817489847080836],[-73.84306379033725,40.816558645026895],[-73.8430430176395,40.816377319049046],[-73.8431528346121,40.81627342796569],[-73.84316992763601,40.816051055516134],[-73.84374053000356,40.81532169954218],[-73.8441839942784,40.81433099237037],[-73.84438736896615,40.81364513132989],[-73.84486622624331,40.812751503417054],[-73.8452073688522,40.81188702150716],[-73.84528019236548,40.81177811674586],[-73.84546538676032,40.811764967161935],[-73.84576561702106,40.81158227934476],[-73.84632411861645,40.811687423568785],[-73.84646715886365,40.812306040383945],[-73.8461066032555,40.81309998920383],[-73.84663638784004,40.81303308600106],[-73.84705382007228,40.8148264696033],[-73.85092659315511,40.814335960507314],[-73.8511447226069,40.8143965488761],[-73.85163543224938,40.81635918918103],[-73.85362025249141,40.816088386202004],[-73.85597162258212,40.8260638777564],[-73.856196564677,40.82604099472385],[-73.85635677410303,40.82675208646264],[-73.85970333247572,40.82627734853495],[-73.86067324050317,40.82841898633674],[-73.86264225614394,40.828170145263904],[-73.86366561191578,40.83269532457095],[-73.86272273332911,40.83292068300322],[-73.86155834792847,40.83333022116175],[-73.86129183587892,40.833536420997],[-73.86085019616507,40.83361353809931],[-73.86049053468345,40.833466404055834],[-73.86033845779858,40.83325316698803],[-73.84848615207768,40.834524495833705]]]]}},{"type":"Feature","properties":{"ntaname":"Parkchester","boroname":"Bronx","ntatype":"0"},"geometry":{"type":"Polygon","coordinates":[[[-73.85168459659603,40.83420105234935],[-73.86033845779872,40.833253166987994],[-73.8604905346835,40.833466404055784],[-73.86085019616507,40.83361353809926],[-73.86129183587892,40.833536420997],[-73.86155834792856,40.83333022116175],[-73.86272273332911,40.83292068300317],[-73.86393748015207,40.840044565901785],[-73.8644801165161,40.841087797386244],[-73.86347232312892,40.84130593270664],[-73.85333524942047,40.84247015515494],[-73.85207005864517,40.835625303051636],[-73.85168459659603,40.83420105234935]]]}},{"type":"Feature","properties":{"ntaname":"Soundview Park","boroname":"Bronx","ntatype":"9"},"geometry":{"type":"Polygon","coordinates":[[[-73.86228604450467,40.80994591122593],[-73.86440333379625,40.810275985935206],[-73.86765646284466,40.810583761937345],[-73.86868890960875,40.81185427245671],[-73.86976955850037,40.81342369975734],[-73.8707780488584,40.81448689599054],[-73.8717160645012,40.814922335490365],[-73.87651996033537,40.81613106392691],[-73.87663459963709,40.81571150809934],[-73.87806283107774,40.816182632442626],[-73.88098029527114,40.81823562312675],[-73.87981464231414,40.819162449262805],[-73.8724683409405,40.8201500915302],[-73.87342238870835,40.82407345466832],[-73.87356808464364,40.82441984696754],[-73.87145992743001,40.82472020883828],[-73.8695448022987,40.81609475381415],[-73.86890864849238,40.815116617187044],[-73.86818218377903,40.81480771851262],[-73.86657742101656,40.814373434763866],[-73.86521735646666,40.814528563962284],[-73.86512837094394,40.81415204692482],[-73.86462322724348,40.81422251568705],[-73.86435846390738,40.813008915112185],[-73.86111126635217,40.811150154574584],[-73.86228604450467,40.80994591122593]]]}},{"type":"Feature","properties":{"ntaname":"Westchester Square","boroname":"Bronx","ntatype":"0"},"geometry":{"type":"Polygon","coordinates":[[[-73.84161375544262,40.84057562579085],[-73.83936794250523,40.84088297398455],[-73.83956700266877,40.840547227886674],[-73.83972014449351,40.839565405985425],[-73.8403028253707,40.839524314447786],[-73.84027376887703,40.83920627289531],[-73.84010873870915,40.83885211820906],[-73.84003063598274,40.83885759265055],[-73.84002808869033,40.838947871008166],[-73.84000970504759,40.83883809045604],[-73.84009889636495,40.83882745541149],[-73.84013531533488,40.83861417691765],[-73.83995595134354,40.8382865171443],[-73.83992026416507,40.83782066325953],[-73.83984179580861,40.83790493837945],[-73.8398283357182,40.83768717876147],[-73.83984907065555,40.837788111495115],[-73.83991581404842,40.83778279647426],[-73.83995029818121,40.83758389658776],[-73.83983441084662,40.83676600822814],[-73.83984235556174,40.83611624196665],[-73.83975458112083,40.83613197034208],[-73.8397594290159,40.83629627837064],[-73.83965902852728,40.83606711375902],[-73.83982556503256,40.83605439956689],[-73.83971159080538,40.83601739781201],[-73.83982175648923,40.83600261508282],[-73.83972482818312,40.8359646412494],[-73.83981403131426,40.8359438543119],[-73.83975779019478,40.835888013433866],[-73.83979992825567,40.83581139835384],[-73.83965173481708,40.83582911548933],[-73.83968001567382,40.83606315937771],[-73.83960098545313,40.83567071920134],[-73.83965573346724,40.83580223593791],[-73.83979605087632,40.83578848940358],[-73.83965849740657,40.83574348923389],[-73.83979226940998,40.83572575105306],[-73.8396822601419,40.83567581001621],[-73.83979488429709,40.835619207993766],[-73.83961487238449,40.835610568868496],[-73.83968659354656,40.83550917341176],[-73.8395995556951,40.83551849472761],[-73.83966798761821,40.83549262598214],[-73.8395779264688,40.8354665368511],[-73.83965271639173,40.83538166917432],[-73.83956877446101,40.83539571484771],[-73.83963111572442,40.835317910358896],[-73.83954719172142,40.835324873874484],[-73.83961561208253,40.83530372714653],[-73.83953185811168,40.83523988110971],[-73.83961890698458,40.83522584053743],[-73.83951337120288,40.83517376593617],[-73.8396035341357,40.835157369795944],[-73.83958501303327,40.8351054162399],[-73.83950733344719,40.835100588345014],[-73.83959437568129,40.83508890769466],[-73.83945783797469,40.835006106194705],[-73.83956666839917,40.83498029373487],[-73.839482880714,40.8349306097689],[-73.83954830741926,40.834862251945275],[-73.83946132668991,40.83484796874673],[-73.8396199311503,40.834800981937626],[-73.83947693916859,40.83481730507687],[-73.83961377338352,40.83477736989009],[-73.83946467367059,40.834748838636585],[-73.83960456408784,40.83473015128633],[-73.83946474201342,40.83472051491856],[-73.83941220244711,40.834600065106656],[-73.83959266754977,40.83456047589705],[-73.83953085101894,40.83436891823506],[-73.8395910845217,40.83404168859336],[-73.83992048390338,40.83332079530102],[-73.84181725823889,40.83172619365365],[-73.84221334664694,40.83155050727739],[-73.84275884293768,40.830818484142995],[-73.84270324854305,40.83074502667007],[-73.84293731237713,40.83012140118504],[-73.84305256297327,40.83010156708176],[-73.84309950959468,40.8299600122979],[-73.84302116297862,40.829961587120756],[-73.84305345327958,40.82976209003963],[-73.84310691599906,40.829794139320036],[-73.84303394542374,40.82893498494027],[-73.84291548074067,40.82862246917889],[-73.84398668258825,40.8284341430646],[-73.84422370822884,40.82851167242839],[-73.84532022453944,40.828426538815776],[-73.84543367962537,40.82848148646672],[-73.84504569468517,40.82879939869888],[-73.84584967511434,40.82891524490243],[-73.84727881581283,40.829314745684094],[-73.84848615207768,40.834524495833705],[-73.85168459659597,40.83420105234935],[-73.85207005864513,40.835625303051636],[-73.85333524942047,40.84247015515494],[-73.84806345327976,40.84306799865136],[-73.84623479939151,40.844490217803454],[-73.847884919531,40.84598898052518],[-73.84657052841091,40.84706748181212],[-73.84578350495238,40.8479663578289],[-73.84537026876448,40.84871262905766],[-73.84534656840583,40.84944948845317],[-73.84488576358358,40.850202725464236],[-73.84504985879032,40.84919158555122],[-73.84503845342304,40.848701540346916],[-73.84474548877351,40.84739270187272],[-73.84460522111516,40.84625369761904],[-73.84491034100746,40.84542746141717],[-73.84327655771988,40.84354180661416],[-73.84146101904946,40.84095609612157],[-73.8420182788362,40.84065827887775],[-73.84161375544262,40.84057562579085]]]}},{"type":"Feature","properties":{"ntaname":"Throgs Neck-Schuylerville","boroname":"Bronx","ntatype":"0"},"geometry":{"type":"Polygon","coordinates":[[[-73.82596550346842,40.84032613799989],[-73.82584985894458,40.83706086710225],[-73.82544296267488,40.83595917077222],[-73.82540482515091,40.83565927473923],[-73.82544607330651,40.83536113037111],[-73.82560350295476,40.83503014771618],[-73.8262208771651,40.83435470829211],[-73.82601252570736,40.834020778205506],[-73.82515883780721,40.83461447159582],[-73.82463346336336,40.833855808717615],[-73.8237938310232,40.83430014695847],[-73.82223129938156,40.83455601268029],[-73.81606068234527,40.83603019695964],[-73.81585050609723,40.83590435510842],[-73.81552500922363,40.835976307428766],[-73.8155425777769,40.83589727464957],[-73.81606339574208,40.83577292747392],[-73.81600773070839,40.83551259733627],[-73.81557396993925,40.83552508183022],[-73.81608188313594,40.83536118240042],[-73.81609138626308,40.83506142683224],[-73.81600054186656,40.83497563399409],[-73.81608401401107,40.834590346265415],[-73.8160105821298,40.83448152030599],[-73.81566358139244,40.83449084930709],[-73.816028295231,40.834349781683756],[-73.8160119668146,40.83398080521098],[-73.81588801171014,40.83392519154081],[-73.8159868428669,40.833901590474845],[-73.81593920982324,40.83367686641571],[-73.81581094367438,40.83348098975428],[-73.81569877221591,40.833462281363914],[-73.81581632050714,40.83330125935042],[-73.81573931591329,40.83291756902344],[-73.81548695785567,40.83229989155929],[-73.81536778603267,40.83220016910487],[-73.81528686987531,40.831875700533416],[-73.81503125253971,40.831682117520664],[-73.81511743613711,40.83161415924682],[-73.81497525883807,40.831420756393506],[-73.8148793738859,40.8310300864916],[-73.81447033687891,40.83114145875475],[-73.81484313432419,40.830986120513835],[-73.81476387691815,40.830816800496265],[-73.8145200857769,40.83062287579448],[-73.8139142538871,40.83092425753829],[-73.81389783360487,40.83090755415845],[-73.81451016521439,40.83061404705133],[-73.8144099091814,40.83049533913971],[-73.81429416266316,40.83050516943103],[-73.8143092068137,40.83035927171022],[-73.81385671977277,40.830561442922836],[-73.81429959295038,40.83035010370283],[-73.8139038412147,40.830068161662226],[-73.81382087385413,40.82996758196528],[-73.8138677501533,40.829857368782875],[-73.81370296001816,40.82993303312877],[-73.81366831284689,40.82989128485404],[-73.81388971246425,40.82977745270503],[-73.81369726279111,40.82955233460196],[-73.81356669955133,40.8295895483912],[-73.8136888180453,40.82953457962184],[-73.81361110494463,40.829376757956176],[-73.81337687307196,40.82939120271069],[-73.8135042034341,40.82922093467533],[-73.8133876638913,40.82902309447373],[-73.81319927513435,40.82892890476375],[-73.81290321918898,40.82895313116361],[-73.81318011408784,40.82880287173231],[-73.81305326894844,40.828800194855184],[-73.81313163648991,40.82869161392347],[-73.81283902767069,40.82864666669478],[-73.81287233170153,40.82837000855867],[-73.81275469994516,40.82824823625153],[-73.81072685676286,40.82828590628369],[-73.8100156832,40.82825447032566],[-73.80992515916773,40.82817971198707],[-73.80997887529016,40.827907695995954],[-73.81009578138098,40.82781949359426],[-73.81029679194266,40.827990852509664],[-73.81105446059489,40.82798479533869],[-73.81104880187326,40.82784080565729],[-73.81025357097289,40.82783386391302],[-73.81003792061725,40.82778156892595],[-73.81182440558011,40.82782881413779],[-73.81107330717174,40.82784157654804],[-73.81107326796136,40.827984402314925],[-73.81159139308727,40.82799915311647],[-73.81263975257947,40.82783640610003],[-73.81272836932408,40.827736879942044],[-73.81265206400504,40.82755877961498],[-73.81384974858679,40.826803529132455],[-73.81389062279881,40.82666005128162],[-73.81368086394878,40.82643013946718],[-73.81372207686603,40.82627159251522],[-73.81291776131222,40.82635038912083],[-73.81372787850354,40.826261218718166],[-73.81399111587857,40.826069598458375],[-73.81403905210765,40.82595630546615],[-73.8139505407614,40.825729151443774],[-73.81342102197054,40.825925017271054],[-73.8139416195339,40.82571703172866],[-73.81379616099578,40.82557638267569],[-73.81379523517661,40.82529808600175],[-73.81333522606086,40.82517094670781],[-73.81211350556435,40.825552634659516],[-73.81327735515306,40.82516132170772],[-73.81310416797407,40.82503980750775],[-73.81314913018741,40.82487178442547],[-73.81403745843352,40.824483469494105],[-73.81388934710678,40.82408736743081],[-73.81378080191381,40.82399992051855],[-73.81327417398889,40.82396666632235],[-73.81319339244705,40.82413798029267],[-73.81281028683271,40.824339113450115],[-73.81282255815688,40.82467968036221],[-73.81274834896419,40.824777186958364],[-73.81232005539012,40.8244113084201],[-73.81177284871205,40.82433980617299],[-73.81158752719122,40.82449259986522],[-73.81164355619616,40.824601662268854],[-73.81155844768891,40.82451209023524],[-73.81122136266126,40.82458580068875],[-73.81119903005481,40.82479111338092],[-73.81103147525586,40.82470822704219],[-73.81084728678641,40.824872490965],[-73.81087496294522,40.825113947944146],[-73.81078485286594,40.82511380012266],[-73.81076192559331,40.82490157021186],[-73.81040914396115,40.8250211309718],[-73.81029687321023,40.8251649258072],[-73.81006078637894,40.82514329456974],[-73.80965481141884,40.82527553511924],[-73.80909234633549,40.8258733981643],[-73.80783421319278,40.82576745480322],[-73.80766604765233,40.82589699205927],[-73.80722875093905,40.825455623239534],[-73.80697771152347,40.82538837039508],[-73.80673428399315,40.8246845829846],[-73.80656361554976,40.82460640543196],[-73.80675345538528,40.824502869041254],[-73.80677866215677,40.82438253431545],[-73.80670755354015,40.82425967758689],[-73.80651819407534,40.82419799191291],[-73.80673104693946,40.82413488149515],[-73.8067904943604,40.823993362191935],[-73.80675058060025,40.82382807065881],[-73.80646480610469,40.82379926749933],[-73.80669197728993,40.82367927106443],[-73.80659975771758,40.823336869188815],[-73.80623630693555,40.82330793515342],[-73.80651018604723,40.82315261222204],[-73.80644539068587,40.822996720660264],[-73.80629982379598,40.82283597373472],[-73.80595169124446,40.822882595349604],[-73.80620054772561,40.82278387948684],[-73.80622264764015,40.822663539626035],[-73.80582465580834,40.8217677897932],[-73.80585139220263,40.821546971806484],[-73.80595822489663,40.82142804377353],[-73.80599159848933,40.82082355849026],[-73.80572802989728,40.8201773386952],[-73.80451800415726,40.818927687513074],[-73.80392467289491,40.81849151017121],[-73.8033684017511,40.818251071676166],[-73.80267407634148,40.81823857509168],[-73.8025216340191,40.81852598780352],[-73.80230024253227,40.818484716294655],[-73.80204560721599,40.81854554071055],[-73.80188493617563,40.81835871604607],[-73.80070859721168,40.818043276298724],[-73.80059027358189,40.8179334359679],[-73.80057465165834,40.81769805186394],[-73.80032540130408,40.817560445663965],[-73.79813023603317,40.81681115665893],[-73.79794895970518,40.81662089357755],[-73.79759032777474,40.81650753156775],[-73.79738112573526,40.81576350489581],[-73.79771465236787,40.81551329274363],[-73.79811945293618,40.81569878450088],[-73.798642206466,40.81546401593534],[-73.79902816314,40.81554113493885],[-73.7999467818626,40.8144495656896],[-73.8001114686428,40.81402452556079],[-73.80091593237641,40.813761402506735],[-73.80131991856462,40.813260900539206],[-73.801458005173,40.81294094720333],[-73.80174561215946,40.8128650174159],[-73.80133906141197,40.81239373439257],[-73.80140380968845,40.8123633086587],[-73.8017593218082,40.81286139698747],[-73.80214777277905,40.81277537914878],[-73.80278328256769,40.81246795950131],[-73.80361424976927,40.81252311416324],[-73.80365014193674,40.81260664190603],[-73.80351997906492,40.81292187125176],[-73.80362063328027,40.812964740817904],[-73.80377912019877,40.812809906043235],[-73.80361429261175,40.81304451442571],[-73.80423653201608,40.81364652849603],[-73.80435810280545,40.81360853867307],[-73.80415365301042,40.81373067286529],[-73.80422899591787,40.81366330521183],[-73.80355921193633,40.813042712172475],[-73.80361455805945,40.81297219119175],[-73.80351370643069,40.812935243289566],[-73.80323543316763,40.81329636687351],[-73.80345177160314,40.81335213066672],[-73.80322449300479,40.81335858052028],[-73.80345519299611,40.81340269149332],[-73.80396704457125,40.813966553255575],[-73.80409073408251,40.81395152475985],[-73.80443465897424,40.81429319648734],[-73.80453081609834,40.81425461992452],[-73.80443367591207,40.81431888559632],[-73.8040360200049,40.81396304812037],[-73.80395955345396,40.81398808555844],[-73.8034304211,40.81342211984301],[-73.80322176299285,40.81337410994241],[-73.80319870538818,40.81350524057228],[-73.80351667337368,40.8139519636488],[-73.80418033130341,40.81458996281165],[-73.80439171940236,40.8145378567033],[-73.80443003333593,40.814583062613295],[-73.8043297789259,40.81460314308862],[-73.80447282080506,40.8148898316513],[-73.8051501797039,40.8156679055044],[-73.80596026415867,40.81604244974222],[-73.80619919500408,40.816287070772994],[-73.80628451748302,40.816268486891346],[-73.80641593595035,40.816513690357894],[-73.80658358725697,40.8165945881658],[-73.80611761373768,40.81595220882368],[-73.8053787878482,40.815482620282864],[-73.80508103466828,40.815197963510215],[-73.80455440519013,40.814629841734714],[-73.80465942749018,40.814544988618515],[-73.80458924572565,40.81462151114415],[-73.80527878825221,40.81537726427392],[-73.80610141798057,40.815919716451454],[-73.80632932566311,40.81613795831517],[-73.80661216122775,40.81657794543175],[-73.80671967987072,40.81657517074711],[-73.80657923631897,40.81661807420959],[-73.80660603189658,40.8166644940413],[-73.80692933177552,40.81656837907689],[-73.80653572493792,40.81589198688903],[-73.80694199535742,40.816564614220944],[-73.80704600153508,40.816533693875506],[-73.80694686997859,40.816214078576984],[-73.80662873423289,40.81568383970528],[-73.80640177811446,40.815702030649675],[-73.80661773802603,40.81566855824362],[-73.80663156323897,40.81559499146097],[-73.80641254543002,40.81538012414077],[-73.80568442908414,40.81503342491178],[-73.80563622499177,40.814760737344066],[-73.80545612201098,40.814686574062925],[-73.80557414932625,40.81454024535899],[-73.80542559785732,40.81440061323844],[-73.80544921116916,40.81337665607651],[-73.80532209379064,40.813226861068124],[-73.80527019981223,40.8128447714264],[-73.80503226584314,40.8126078745515],[-73.8050597475707,40.81234929783482],[-73.80496336521072,40.812163958656555],[-73.80476488943923,40.81203367756037],[-73.80457522011012,40.81212294185255],[-73.80438958921822,40.81201183661807],[-73.8039118606247,40.81211049788137],[-73.80337276458212,40.811539786699186],[-73.80317383566162,40.81086860159942],[-73.80293001868921,40.810541861353],[-73.80235340278853,40.81003705946174],[-73.80214816382782,40.81002652173948],[-73.80135552746763,40.81071084539768],[-73.80115707624903,40.81058776561525],[-73.80101172843698,40.81071339964633],[-73.80146670007328,40.81014171796329],[-73.80010949916787,40.80971095357593],[-73.7985376596495,40.809587075529905],[-73.79228907337423,40.80684900557966],[-73.79166240654693,40.80688291282087],[-73.79140059877884,40.80699787797668],[-73.79130157564589,40.80717252058432],[-73.79159005331316,40.80741159872206],[-73.79152359046667,40.807489087407966],[-73.79086475738721,40.80734113943563],[-73.79073903301664,40.80697104257105],[-73.79073479983785,40.80658882885675],[-73.79042839442921,40.806326649910964],[-73.79012463293932,40.80577156038848],[-73.79006256327877,40.805408942337195],[-73.79028410874012,40.80481710419159],[-73.79103717515419,40.804263032204766],[-73.79206204901791,40.804100892141236],[-73.79224529218997,40.80399636481764],[-73.79284911683528,40.80416712808113],[-73.7933898228672,40.80420433003646],[-73.79400631451523,40.80463795266808],[-73.79401383625986,40.804826861296974],[-73.79451648626257,40.80500321868438],[-73.79504902476053,40.80560929474406],[-73.79577769393846,40.806162949531966],[-73.79584187394705,40.80616872120238],[-73.79601037569107,40.80592103186723],[-73.79620903473031,40.805968590964554],[-73.79650268526339,40.80610443599022],[-73.79636945999799,40.806277202766786],[-73.79702945544376,40.806345377216566],[-73.79791578987583,40.80671223052465],[-73.79884822043994,40.80717719326846],[-73.80053937870998,40.80839721162749],[-73.80159393169578,40.80898635372138],[-73.80221649929564,40.80914279263085],[-73.80278236265666,40.80912012289744],[-73.80359386615068,40.80875717047808],[-73.80373154089835,40.80853414343249],[-73.80392673417204,40.80852797081189],[-73.8040536382148,40.808751658089],[-73.80467808369018,40.80922579912282],[-73.80501511652447,40.80944269570717],[-73.80506135166546,40.80936497193383],[-73.80511892265707,40.80939693436328],[-73.80503639918926,40.8094556023109],[-73.8062148220505,40.81004741225976],[-73.8071398788404,40.8106616769565],[-73.80773421277563,40.81142370401779],[-73.80857216380751,40.81216102712836],[-73.80953579719854,40.81274845108711],[-73.810164771254,40.812987973839306],[-73.81059832209601,40.81293882410124],[-73.81066931287849,40.81276436653773],[-73.8107847786833,40.812770951355176],[-73.81087787466052,40.81288010404963],[-73.81107747952389,40.81288183577643],[-73.8113331862557,40.81301467554197],[-73.81173149756725,40.81305604205983],[-73.81185065747296,40.81293940054305],[-73.8119412707777,40.81302983071754],[-73.81276572662637,40.81315863066598],[-73.81313381796316,40.81333105424325],[-73.81347005178746,40.813392518453554],[-73.81359806345634,40.81332634208583],[-73.81359789818818,40.81338534960184],[-73.81400319066054,40.81355146726609],[-73.8144306731256,40.81351837521333],[-73.8144601785321,40.812963102255786],[-73.8143693843687,40.81293640140616],[-73.81449994116008,40.81290828760471],[-73.81461860845134,40.81296689723888],[-73.81449745463847,40.812964931467135],[-73.81447727191156,40.813518541338745],[-73.81566326325769,40.81351203974366],[-73.81587919093438,40.81376705586658],[-73.81648015546806,40.81385323187898],[-73.81674850706986,40.81370849777144],[-73.81737201626862,40.8135743443072],[-73.81735988456768,40.81337571953483],[-73.81738942091515,40.81357073625084],[-73.81792084127706,40.81354467959833],[-73.81793546303673,40.81329796423302],[-73.81797608887013,40.81329902414658],[-73.81795807110602,40.813541089528705],[-73.81804229161185,40.81353296785646],[-73.8180844060109,40.813469306693094],[-73.8187439158347,40.81342608835109],[-73.81981638454947,40.813179933156086],[-73.82006955436934,40.81304473862052],[-73.82010759340298,40.81286406966558],[-73.82039207280249,40.812844014007396],[-73.82041302888348,40.81297161112317],[-73.82055521517309,40.813017655077104],[-73.82024436122057,40.81243067757415],[-73.8210651207108,40.81220359146245],[-73.8203235551588,40.812439652195124],[-73.82042087950583,40.812638072505415],[-73.82112969804922,40.81244975686706],[-73.82044179624134,40.81265757783644],[-73.82056254831286,40.81280823832459],[-73.82058709143999,40.81301944660828],[-73.82117960695338,40.81295258706871],[-73.82122415255697,40.812849980845776],[-73.82141253439893,40.81287295247819],[-73.82142259915253,40.81270158730655],[-73.82151718570914,40.81284732123563],[-73.82168925261536,40.81276832745527],[-73.82169530549909,40.81266483427267],[-73.82175599067492,40.812768536024436],[-73.82210994475055,40.81270087964408],[-73.82209149941947,40.81262827171485],[-73.82228290825742,40.81266149978779],[-73.82217145218596,40.812354005779234],[-73.82230863559998,40.812658215581365],[-73.82339467954196,40.812355885997235],[-73.82347433550338,40.81219137377928],[-73.82362089732918,40.8122765698737],[-73.82425634238095,40.812110434713645],[-73.82505782163025,40.81182991738434],[-73.8248090535986,40.81143928210276],[-73.82507659171799,40.81182331338762],[-73.82524350467826,40.81176134024024],[-73.82487938938073,40.811272983828395],[-73.82526664318074,40.81175234789871],[-73.82549075252282,40.81165933092513],[-73.82523137433441,40.81120978879389],[-73.82551303817354,40.81164913340958],[-73.82565070298223,40.81159229041371],[-73.82535766859549,40.81102764392394],[-73.82567229084664,40.81158474423311],[-73.82576645033132,40.811551828553526],[-73.82549979349373,40.81102785912652],[-73.82581255718912,40.81153370452054],[-73.82592714984648,40.81148650139682],[-73.82576724152807,40.811215910233415],[-73.82595641099927,40.811474448435305],[-73.82613817795152,40.81129627652956],[-73.8263078460309,40.8112841222068],[-73.82841397073399,40.814875147706914],[-73.82317237375129,40.81667961383229],[-73.82370737091014,40.81764854515685],[-73.82536829601092,40.82021181456548],[-73.8267166142165,40.82181857635124],[-73.82832921538726,40.82104039191178],[-73.82945920735152,40.82237711050037],[-73.82464427913193,40.82476385129356],[-73.83110226702166,40.82682445484047],[-73.83131652582671,40.826718788145726],[-73.83533550530322,40.82819244340195],[-73.83683220352492,40.82844144222098],[-73.83701656738135,40.82905341019239],[-73.84229237322884,40.82869980753232],[-73.84233077410983,40.829073962955555],[-73.84223013648109,40.82983069124914],[-73.84188643774428,40.83071317653467],[-73.84084584525044,40.83174852483179],[-73.83918095199299,40.83315611875267],[-73.83888164699847,40.83360115423376],[-73.83881438332628,40.83395811930365],[-73.83923392217174,40.836741041764924],[-73.83918642065018,40.83710741642778],[-73.83926310253091,40.837204885476886],[-73.83928671735158,40.838042244630586],[-73.83915984139529,40.83845984565308],[-73.83919255169405,40.83871362855962],[-73.83936180314925,40.838801784714846],[-73.8395895367734,40.83879848632725],[-73.83972014383056,40.839565406487075],[-73.83956700266877,40.840547227886674],[-73.83936794250523,40.84088297398455],[-73.838390561589,40.84067681413349],[-73.83762124147182,40.84028356682357],[-73.83767001462611,40.84112190832366],[-73.8369911414205,40.84318256327277],[-73.83682639764969,40.84346244676611],[-73.83294076425469,40.8435191604696],[-73.83043186269853,40.84385798362894],[-73.82757535892995,40.84473187467839],[-73.82611300556735,40.84533869376915],[-73.82624132843662,40.84299359414358],[-73.82596550346842,40.84032613799989]]]}},{"type":"Feature","properties":{"ntaname":"Pelham Bay-Country Club-City Island","boroname":"Bronx","ntatype":"0"},"geometry":{"type":"MultiPolygon","coordinates":[[[[-73.78833349834372,40.83466713026211],[-73.78931223606466,40.834464887056185],[-73.78951019872315,40.835364042525896],[-73.78845699948884,40.83530991481694],[-73.78833349834372,40.83466713026211]]],[[[-73.8156337811069,40.848183122394374],[-73.8158666602996,40.8480885185401],[-73.81589732510537,40.84782360569306],[-73.8156045139199,40.84765868316229],[-73.8159744992788,40.847652422096886],[-73.81612862927301,40.847388856118926],[-73.81614872235666,40.84664884528294],[-73.81602685115186,40.846400457765036],[-73.81571903834562,40.846293443498986],[-73.81545867549151,40.84660302927321],[-73.8146272778874,40.847142794761105],[-73.81464594697547,40.84721961352912],[-73.81451106769596,40.847106078026904],[-73.8146084736806,40.84712713724167],[-73.81532877823555,40.84666566380017],[-73.81570353189454,40.84629134042393],[-73.81507222380642,40.84654347111372],[-73.81492265739449,40.84648348818985],[-73.8136574083938,40.84720527717661],[-73.81368634738338,40.84727432500665],[-73.81356372861671,40.84715141127868],[-73.81364472783076,40.84719024269684],[-73.81490858203334,40.84646876437664],[-73.81465695793435,40.84620554530155],[-73.81442352579826,40.846187825072626],[-73.81465507970383,40.84596849742532],[-73.8146044903403,40.845908673071634],[-73.81508593856046,40.84559500241361],[-73.81502627604162,40.84549999556117],[-73.81420573129107,40.84601018088854],[-73.81399042132541,40.8458269186914],[-73.81318865072643,40.84622953597282],[-73.813144602001,40.84616856264145],[-73.81381880576475,40.84580248822456],[-73.81401812695577,40.84563145739054],[-73.81346409683509,40.84594950661229],[-73.81403198219381,40.84558929786809],[-73.81395424463112,40.8455215675537],[-73.81368589027332,40.84565906225389],[-73.81394279129057,40.84551158860884],[-73.81385667798956,40.84541756238661],[-73.81372892648909,40.84548506766984],[-73.81384258803165,40.84539939043825],[-73.81363258232705,40.84528076903152],[-73.81335905584885,40.845845499833786],[-73.81328932692877,40.845951022731775],[-73.8132129524411,40.84592294034459],[-73.8133078704928,40.84589936323231],[-73.8136185826719,40.84527504188613],[-73.81325997724694,40.84523399045836],[-73.81280034773177,40.84629500504964],[-73.81284939958523,40.84631879949846],[-73.81272457676766,40.84628661994728],[-73.81278637726452,40.84628888969888],[-73.81324326351064,40.845235907850174],[-73.81310050630461,40.84517241447135],[-73.81287703597569,40.84513466794604],[-73.81315597044255,40.84521210037648],[-73.81285536957496,40.84518628596415],[-73.81234003852715,40.846544520119984],[-73.81241445328276,40.84655938024637],[-73.81227790834322,40.84654345827833],[-73.81284143551395,40.84518017067758],[-73.81261378787293,40.84510950786606],[-73.81285774337815,40.845129545091844],[-73.81254457815471,40.84497959851104],[-73.8124400843121,40.84523707432029],[-73.81254866464359,40.845260690103416],[-73.81245544053375,40.84526432746127],[-73.81195504551967,40.84647582483558],[-73.81203501629514,40.8465326059042],[-73.81191568267116,40.84652738868898],[-73.81188458844791,40.84659496706141],[-73.81243625060675,40.84673771207574],[-73.81187766058915,40.84661655663398],[-73.81184149221674,40.84671412757367],[-73.81169971823518,40.846681701316385],[-73.81266141349053,40.84420764950098],[-73.81278395303993,40.84422834819621],[-73.81271242301719,40.844466536296615],[-73.81282121937787,40.84425961604966],[-73.81276123529959,40.84447330393567],[-73.81299120304948,40.84452250755827],[-73.81270337280489,40.84448531243257],[-73.8126488933667,40.844659467667476],[-73.8131131815273,40.84468395495642],[-73.81303619713655,40.84474328446322],[-73.81311795023566,40.84478760356984],[-73.81309338316966,40.844848276799894],[-73.81265744462624,40.8447514492066],[-73.81264095743703,40.844681662259404],[-73.81254909054671,40.84495227464261],[-73.81344958139057,40.84496082519635],[-73.81367848761444,40.845056980413034],[-73.81416729043147,40.84478090603216],[-73.81369979221634,40.84484845686251],[-73.81418334592286,40.844682199586174],[-73.81403961932631,40.84450194515535],[-73.8136615023616,40.844443534620844],[-73.8134659702823,40.8442631889335],[-73.81336027086361,40.84389382222889],[-73.81347956591408,40.8436511193518],[-73.81452564991125,40.843452765443445],[-73.81499955039924,40.84350445213947],[-73.81521540878163,40.84407819967554],[-73.81555002234616,40.8442599461981],[-73.81567292547398,40.84442877611073],[-73.8163057192373,40.84439921093304],[-73.81626214805621,40.84418484488199],[-73.81643583750184,40.844064906999066],[-73.8167412804313,40.84414000143163],[-73.81699352071388,40.84408902119416],[-73.81708912177973,40.84415158865949],[-73.81708851782106,40.84426451235982],[-73.81750072974577,40.8443674444079],[-73.81823722746202,40.844355041712824],[-73.8181908905061,40.84411314800019],[-73.81792732610069,40.84425024785122],[-73.81768994516761,40.84426849517254],[-73.81742868457626,40.84417743334516],[-73.81718704179752,40.843915963915165],[-73.81662677325095,40.84394489856042],[-73.81620217852914,40.84307332262832],[-73.81590994535823,40.842869029126064],[-73.81572300132142,40.84253656548452],[-73.81517113664873,40.84257716162403],[-73.81570207846413,40.84251972168978],[-73.81541503896554,40.84239132728102],[-73.81554743972904,40.84215945312016],[-73.81558492097017,40.8418412651052],[-73.81552506814512,40.84164799640292],[-73.815329696999,40.84149203214234],[-73.81526263397677,40.84125983942319],[-73.8147334581754,40.84137572831102],[-73.81522026179324,40.841202676499854],[-73.81523404887383,40.84100964099411],[-73.81505399109442,40.84053808589673],[-73.81490477086113,40.84055936014477],[-73.81504912628206,40.84051761955146],[-73.8149733621328,40.84007688469801],[-73.81480646696288,40.83980436638403],[-73.81436596502351,40.83986536426771],[-73.81479697880746,40.83978795740707],[-73.81469838960729,40.83975854147667],[-73.81472319684342,40.83958888710279],[-73.81431578800085,40.839649526509604],[-73.81430900133549,40.839622416882],[-73.8147199908385,40.839571878589624],[-73.81478277740136,40.83907648846036],[-73.81591903276419,40.83861221146235],[-73.81628378113194,40.83823082908735],[-73.81634147251418,40.83803170124058],[-73.81628730390072,40.83793427254671],[-73.8164789029115,40.837661159371045],[-73.8163640764497,40.83683413538212],[-73.81616090419044,40.83658674703135],[-73.81620466896716,40.83644516702785],[-73.81606068234538,40.83603019695964],[-73.82223129938156,40.83455601268029],[-73.8237938310232,40.83430014695847],[-73.82463346336336,40.833855808717615],[-73.82515883780727,40.83461447159582],[-73.82601252570736,40.83402077820548],[-73.82622087716516,40.83435470829211],[-73.82560350295476,40.835030147716154],[-73.82544607330647,40.83536113037111],[-73.82540482515108,40.83565927473923],[-73.82544296267496,40.83595917077222],[-73.82584985894458,40.83706086710221],[-73.82598686829103,40.840675752385785],[-73.8262413284368,40.84299359414358],[-73.8251799893859,40.84270005947733],[-73.82495697574903,40.84610544480085],[-73.82048405462841,40.84850102613052],[-73.82014043614465,40.848020598550825],[-73.8163011915205,40.84857217290626],[-73.81514191918522,40.849080613237774],[-73.81534394312402,40.848853320138026],[-73.81532344002574,40.8485775711954],[-73.81545090097023,40.84851289737671],[-73.8156337811069,40.848183122394374]]],[[[-73.83294076425469,40.843519160469555],[-73.83682639764963,40.84346244676608],[-73.83615362825832,40.84613117623273],[-73.83555900132365,40.851964014450914],[-73.8351969181062,40.85284353177033],[-73.83463970149687,40.85381799426279],[-73.83439574153974,40.85411187093094],[-73.8339057394673,40.85446778091111],[-73.83228148797645,40.855177449608284],[-73.83129157639193,40.85543410585364],[-73.8286019701075,40.855717848095146],[-73.82720400243912,40.853289984425956],[-73.82737835678005,40.8528179596682],[-73.82713133237078,40.85187108152582],[-73.82785535337469,40.849738686471156],[-73.82799994448251,40.84863235104752],[-73.82645014852619,40.8462633958253],[-73.82611300556735,40.84533869376915],[-73.82757535892995,40.84473187467835],[-73.83043186269853,40.84385798362894],[-73.83294076425469,40.843519160469555]]],[[[-73.78922202961881,40.8587425155315],[-73.78906536892492,40.85866598735417],[-73.78891859833898,40.858439376508635],[-73.78876651996588,40.85840216757863],[-73.7887840285474,40.857420689834136],[-73.788043429758,40.857559917687304],[-73.7880283070167,40.85751468178645],[-73.78877898544022,40.85740092519983],[-73.78871047688186,40.85704703271122],[-73.78877940590321,40.85670918633321],[-73.7888965495719,40.856573386709975],[-73.78875894260247,40.85631553290681],[-73.78862333751145,40.85628231234492],[-73.78853687735484,40.85615850378558],[-73.78835943222205,40.85562648965101],[-73.78841511184291,40.855187637104635],[-73.78855365724971,40.85514873561187],[-73.7884969618662,40.85505383533831],[-73.78833961378163,40.85503087711274],[-73.78829413646666,40.85482265139027],[-73.78842472253508,40.85472603287912],[-73.78847732653362,40.85440052053236],[-73.78834700683471,40.85415351945254],[-73.78756282815057,40.854375849396],[-73.78734753146585,40.8543858849571],[-73.78834514784097,40.8541320123503],[-73.78816813692183,40.8540857789037],[-73.78731450066243,40.85421194272583],[-73.7871970601856,40.85417579079089],[-73.78712545901485,40.85404437865335],[-73.78690734702697,40.85406397229935],[-73.78792821707314,40.85373779738932],[-73.78800064949667,40.8535246363282],[-73.78760502319022,40.85311470853507],[-73.78716496421869,40.852757412282045],[-73.78707627655103,40.85279958743559],[-73.78713667027871,40.852733875746885],[-73.78678232558087,40.85255570723578],[-73.7867689971708,40.85245473539856],[-73.78641733510607,40.85214457697241],[-73.78588186506653,40.85178867244104],[-73.78566404122405,40.851795995821085],[-73.7852921065284,40.85162064997246],[-73.78413189167985,40.851832806157404],[-73.78431415166013,40.85176754570707],[-73.78397932898604,40.85153261744062],[-73.78387115358147,40.85155896167022],[-73.78396112488473,40.85148693342059],[-73.78338158610394,40.85158673391453],[-73.78353416916762,40.851520780530905],[-73.7834449593611,40.85140090922459],[-73.78360210541761,40.85131951928028],[-73.78435188706086,40.851098355045536],[-73.78460077697608,40.85109569219537],[-73.78451936300092,40.85089273502153],[-73.78444750529493,40.850904817459565],[-73.78450494990444,40.85085350096638],[-73.78445463288391,40.850772874357226],[-73.78426993630619,40.85076557402224],[-73.7840797521462,40.85063061490872],[-73.78385181911875,40.85071146765877],[-73.78384119307995,40.850692899498476],[-73.78406580837334,40.850625233236585],[-73.78401288041842,40.85047528985322],[-73.78425785826201,40.8502531806425],[-73.78420047134387,40.85006064424078],[-73.78353497808742,40.84922096742046],[-73.7831794489844,40.849222360447094],[-73.7830353553807,40.849071907625465],[-73.78244952709214,40.84934115401586],[-73.7822180640812,40.84916680459505],[-73.78209456304339,40.84924730051244],[-73.78215814152054,40.849116173924045],[-73.7815749238,40.849430631845514],[-73.78154449088599,40.84940043464348],[-73.78214108697684,40.849100663170425],[-73.78193782713623,40.848933980904945],[-73.78182869098389,40.84895920486124],[-73.7816958156076,40.84884836285058],[-73.78161594069073,40.8488962046113],[-73.78168604284511,40.84883788315238],[-73.78161367535205,40.84877238635009],[-73.78150620325313,40.84884252817927],[-73.78157440440638,40.84873180821256],[-73.78143249522125,40.848800006316054],[-73.78150756375973,40.84871928937902],[-73.78149386587495,40.84858047582596],[-73.78203616713355,40.84843804928362],[-73.78202189306678,40.848339561917705],[-73.78206189132432,40.84844918378737],[-73.78178920235642,40.848527207728935],[-73.78207041238291,40.848469412494744],[-73.78209640639503,40.84839838836582],[-73.78255877758852,40.848277325976376],[-73.78267467079046,40.8481396719416],[-73.78155442120499,40.84840070758646],[-73.7815261131824,40.84834346663987],[-73.78138148782888,40.8483771958294],[-73.78139151751354,40.84842203722674],[-73.78110827162973,40.84852042002243],[-73.78131833463334,40.84839407797153],[-73.78097820938956,40.84845834791372],[-73.78130627517385,40.848347686472785],[-73.78110697775325,40.84829475819671],[-73.78137145882067,40.848332354097046],[-73.78263740397894,40.84807264924598],[-73.7825040863354,40.84791327376341],[-73.78158418081713,40.848037051537375],[-73.78148431950562,40.84788219384882],[-73.78142920347751,40.84745634585999],[-73.78207848449945,40.8471308084081],[-73.78212611369405,40.846912935683804],[-73.78223364202954,40.8468533721759],[-73.78216393435416,40.846636338283574],[-73.78063668411163,40.84692333475258],[-73.78067693704074,40.847061485793674],[-73.78046241598466,40.84710023328975],[-73.7804032695843,40.84693113466882],[-73.78106043973015,40.846802551854495],[-73.78115182578733,40.846246304124705],[-73.78110675694619,40.846746997140094],[-73.78168786937849,40.846638875212065],[-73.78174288903256,40.84641229011609],[-73.78171494622927,40.8466574737123],[-73.78109301885023,40.84679849209014],[-73.78215667396832,40.84660757811384],[-73.78232827748441,40.84654861127145],[-73.78229152991003,40.84645779011679],[-73.78251345116695,40.84640877205391],[-73.78235702810515,40.845981588332826],[-73.78257932865692,40.84593589302793],[-73.78249597258954,40.845661561949214],[-73.78309442048653,40.84551828556486],[-73.7831464422737,40.8453099420262],[-73.78307455830661,40.84550976429207],[-73.7824248715568,40.845676336164615],[-73.78181646104312,40.845764978051164],[-73.783050749408,40.84549682317605],[-73.78306023126584,40.8450857085672],[-73.78190735927913,40.84535556174698],[-73.78181535900454,40.84548058288049],[-73.78188707672838,40.84533388514698],[-73.78307457446685,40.84505636873404],[-73.7831524550558,40.84529598383054],[-73.78322207613928,40.84506344465836],[-73.78309714310716,40.8449916743322],[-73.78297579244168,40.84468094852312],[-73.78336536135346,40.844444722981876],[-73.78332100656206,40.844347824802526],[-73.78306040951999,40.844372063893026],[-73.78301129829549,40.8441726903474],[-73.78326987072661,40.84406939209054],[-73.78309494706286,40.843866093899855],[-73.78349593173981,40.84373234243357],[-73.78348428748818,40.84367854599862],[-73.78298567054604,40.84379407880418],[-73.78290650949765,40.84393612584027],[-73.78052736048546,40.84452514033834],[-73.77992703744272,40.843883081858586],[-73.7799786859016,40.843856389254576],[-73.7805330271456,40.84445302176281],[-73.78039623281843,40.84396640868252],[-73.78058464728883,40.8444345726984],[-73.78106261364299,40.84432831787688],[-73.78087690198711,40.843862220487964],[-73.78108977797854,40.844320127077786],[-73.78154602523335,40.84421588974787],[-73.78137674098204,40.84370448704279],[-73.78157590302862,40.84420770296805],[-73.78200770536675,40.84410960066983],[-73.78183306599361,40.84357551830506],[-73.78203757586101,40.8441034754762],[-73.7824367989546,40.844009431100055],[-73.78224871668732,40.84343616841767],[-73.78246939706078,40.843999188337804],[-73.7828224397139,40.843919481199634],[-73.78257210724104,40.843294581440894],[-73.7827849863566,40.84375454548109],[-73.78309186112214,40.84368505531395],[-73.7828738817701,40.84312410236129],[-73.78313252568671,40.84369749673193],[-73.7828066150656,40.8437793161222],[-73.78284151617684,40.843894787202096],[-73.7829830443999,40.84376728323549],[-73.78347481249254,40.8436547381099],[-73.78319194518802,40.84286786398404],[-73.78304539815447,40.84289633206686],[-73.78321038850865,40.84347933886666],[-73.78300874308387,40.84290244643379],[-73.78291098678903,40.842922355005754],[-73.78289487635367,40.842869773693465],[-73.78313925968514,40.84282231999279],[-73.78291747085119,40.84280644567928],[-73.78312383020324,40.84273620299385],[-73.78288778301486,40.84249482884979],[-73.78273319376777,40.84252170549867],[-73.78281584526057,40.84276452259681],[-73.78270669982571,40.8425324758105],[-73.78229941204741,40.84260589641226],[-73.78244452404594,40.84304203441689],[-73.78226682874738,40.842612018228394],[-73.78180048362285,40.84269614629641],[-73.78193306593508,40.843228088579195],[-73.78177196927732,40.84270227349214],[-73.78124656634499,40.842797107289634],[-73.78142785188767,40.843370873276584],[-73.78121601119454,40.8428047768933],[-73.78067429925022,40.84290730453787],[-73.78082903681138,40.84350729764843],[-73.78064375993476,40.842910337118454],[-73.7802955253207,40.842973044894116],[-73.78029286577257,40.84377830586814],[-73.78022773872516,40.843778181800474],[-73.78022662418412,40.84288326793048],[-73.78029152196493,40.842952944754174],[-73.78286499304919,40.84247810188288],[-73.78230783665624,40.842519358768094],[-73.78241082488186,40.842450050324715],[-73.78059735822595,40.84278659994118],[-73.78236855953504,40.84242849314983],[-73.78234000558817,40.842340925643704],[-73.78215166139556,40.84235522811151],[-73.78233051661007,40.84232245076043],[-73.78231110910548,40.84222417895734],[-73.78162055021923,40.8423294948882],[-73.78230643317929,40.84221111530761],[-73.78237240990937,40.84206661617492],[-73.78233257149715,40.8419228441103],[-73.7823116314865,40.84198149267374],[-73.78144003107849,40.842142133493596],[-73.7823235128595,40.84189833045476],[-73.78226771471904,40.84178617440233],[-73.78203752533945,40.8418419167152],[-73.78226345326243,40.841778115982606],[-73.78201593435607,40.841793189025346],[-73.78223592679547,40.84172788247816],[-73.78216624418963,40.841689144110276],[-73.78129928115405,40.841794442126336],[-73.78133868505381,40.84199621848308],[-73.78124863436328,40.841877807984254],[-73.78113290101267,40.84191062605378],[-73.78119772238894,40.84204202937318],[-73.78109967064516,40.84192012611348],[-73.78097935660914,40.841952935335705],[-73.78102354425013,40.84209299441174],[-73.78095529321456,40.84195984541329],[-73.78084643997113,40.84198919812338],[-73.78088717448657,40.84213446705879],[-73.78081435394024,40.8419987007777],[-73.78069632802134,40.84203238300083],[-73.7807209883044,40.84219153230595],[-73.78065508218242,40.84204186836263],[-73.78053131415075,40.842080756033475],[-73.78056292707018,40.84221470520382],[-73.78050381144544,40.842089398374064],[-73.7803948047966,40.8421648292372],[-73.78034805158225,40.84210909822463],[-73.78042577181698,40.84249439370444],[-73.78029863976325,40.8425115399649],[-73.78019599955121,40.8420462114789],[-73.78037786810131,40.84209350572715],[-73.78126135401865,40.84183957845718],[-73.78123754712253,40.84176824204223],[-73.78185048197783,40.84165394639447],[-73.7818048644,40.84128278594013],[-73.78166051213775,40.84112417458322],[-73.78084223802145,40.841276324530874],[-73.78089220543974,40.841553084197194],[-73.78079752923459,40.84125614604855],[-73.7816485529559,40.84109776352898],[-73.78161356543804,40.84100727206985],[-73.78139143568951,40.84103660961834],[-73.78161069651529,40.84099624002586],[-73.78137488194953,40.84097887100524],[-73.78159396937092,40.84093979725079],[-73.78154308949465,40.84078478152507],[-73.78141805071888,40.840714755716355],[-73.78154296060539,40.840386661604626],[-73.78149172006935,40.8402062245254],[-73.78125361834736,40.84025549993644],[-73.78148878089088,40.8401973244248],[-73.78136267245316,40.83973018981648],[-73.78117947802237,40.83974586275854],[-73.78135932010674,40.83971170821595],[-73.78134125145768,40.83947856344309],[-73.78113875725964,40.839494278801894],[-73.78133988849417,40.83946969983044],[-73.78132522577035,40.839291781356735],[-73.7815678098351,40.838537405736496],[-73.78172154866671,40.83822356610992],[-73.78200420988878,40.83801557280987],[-73.78188455720445,40.83765027610237],[-73.7823814255608,40.83732410616755],[-73.78272760738827,40.83748795934645],[-73.78290629191042,40.83732000557034],[-73.78279680443428,40.83692052345217],[-73.7827036458365,40.836842801965716],[-73.78268131435591,40.836483677153716],[-73.78282260139738,40.83633815588806],[-73.78302921862898,40.83634585184235],[-73.78338168059172,40.836909272183405],[-73.78410164591475,40.83672552885556],[-73.78431347112782,40.83681282725395],[-73.78448456140015,40.83702422253872],[-73.78491512256251,40.836841999078004],[-73.78488487052027,40.83679244441227],[-73.78498060328258,40.836746425578156],[-73.78508226642944,40.83688190720812],[-73.78450333965199,40.83705776567387],[-73.78485009222503,40.837470489681245],[-73.78512582175483,40.8374460415696],[-73.7856399784529,40.83706443508809],[-73.78583067897951,40.837209980003486],[-73.78565279572157,40.837132105228726],[-73.78516584428664,40.837471334061945],[-73.78527712948421,40.837756718087114],[-73.78557796850949,40.83792711322554],[-73.78553011445189,40.83879827783989],[-73.7857350929869,40.839234231776],[-73.78614637767015,40.83958736625329],[-73.78652598496427,40.839723115607164],[-73.78740758746173,40.83967762269453],[-73.78733627876625,40.83971002109519],[-73.78763931218849,40.84053189573942],[-73.78735724244298,40.840590772279384],[-73.78749166412595,40.84084234167422],[-73.78818132144563,40.84071108050155],[-73.78809400249324,40.840501796296174],[-73.78815921166516,40.84049077856722],[-73.78825453283457,40.84074586311868],[-73.78752379733696,40.840879612185354],[-73.78757937523619,40.8409327104989],[-73.78778656794941,40.8408922225155],[-73.78786404049858,40.84108172533249],[-73.78760640589606,40.84114188575665],[-73.78761237716417,40.84119800529479],[-73.78784487499479,40.84147147933342],[-73.7883661747514,40.841504610011576],[-73.78802003550362,40.84178384145895],[-73.7880484708972,40.84185072312664],[-73.78829358843863,40.84178537313683],[-73.7880559907063,40.841867030680305],[-73.78838456613674,40.842381978370796],[-73.78883864895148,40.842350395961354],[-73.78852780801357,40.84242557639117],[-73.78876384724688,40.84265962483995],[-73.78884308883873,40.8430002458227],[-73.78905825501366,40.84323533177022],[-73.78961660328292,40.843112654867745],[-73.78965755656712,40.84323135506442],[-73.78983522236194,40.843165524137135],[-73.7899242492442,40.84322415424088],[-73.78993093388252,40.84304226436384],[-73.78999975309038,40.8433078172438],[-73.78986183858281,40.84325095414687],[-73.78988953603839,40.84338093446746],[-73.78973469326606,40.843413247981445],[-73.78989919889746,40.84341714716177],[-73.78975626839745,40.84347034116459],[-73.78980449502201,40.84358665578],[-73.78933708725556,40.843681498558276],[-73.78933021337065,40.8437936779064],[-73.78946443345434,40.84394571404504],[-73.7893404709632,40.84398508505824],[-73.78947182214253,40.844292977849655],[-73.79066589001023,40.84574155883457],[-73.79098858375896,40.845652832062655],[-73.79101885992952,40.84569743474474],[-73.79069785364858,40.845786012551024],[-73.79097333310678,40.846357311525146],[-73.79149076513715,40.84625100446286],[-73.79112759246651,40.84635759094971],[-73.79118128785345,40.84655567592994],[-73.79141379114441,40.846547847033],[-73.79132451947298,40.84660873199679],[-73.79148034725841,40.846802052211316],[-73.79179343625613,40.846731671826895],[-73.79136709858452,40.846887642686],[-73.7914863741696,40.84695880326042],[-73.79144049688328,40.84730604348374],[-73.79177232700852,40.847228253279255],[-73.79191997810089,40.847258218030895],[-73.791429627565,40.84735998917455],[-73.79141738478458,40.84748004656231],[-73.79151739185978,40.847460429197],[-73.79154104882424,40.84753801679582],[-73.79126708567364,40.84760186735426],[-73.79132975970211,40.848057922561864],[-73.79161765431293,40.848052924910554],[-73.79133588063233,40.848086238652606],[-73.791362881068,40.84823230239046],[-73.79124475264103,40.84855222094988],[-73.79106000608522,40.84872508882878],[-73.79111195407883,40.848808127034346],[-73.79104432321017,40.84874079695272],[-73.79091971727745,40.848866873518546],[-73.7910136233899,40.848985209716986],[-73.79088710141187,40.84888656329551],[-73.79024725580845,40.849178847492645],[-73.78975711070451,40.84953146979038],[-73.78985836952192,40.849972559362044],[-73.79094776857634,40.84973917964398],[-73.79098877124962,40.84982834852718],[-73.7898663031397,40.8499893896982],[-73.79001758789165,40.85031633146012],[-73.79024642580448,40.85027907315169],[-73.79025767031696,40.850158651269936],[-73.79035766981572,40.850142335118676],[-73.7904050605415,40.850272763216736],[-73.79014198665415,40.850325081110334],[-73.79022659043375,40.85036813166347],[-73.79002411763305,40.85034781958185],[-73.79003654099127,40.85043486986256],[-73.78989186585673,40.85046418129204],[-73.79007093170912,40.85093201960438],[-73.79024764837361,40.85090351102556],[-73.7900864002191,40.850984473853664],[-73.79026824507268,40.850961088073994],[-73.79009094385908,40.85099476390048],[-73.79012439171673,40.85118991269729],[-73.78951371516169,40.85130077171331],[-73.78956272464042,40.85148733732484],[-73.78978510702808,40.851462293378326],[-73.78966571914013,40.851338642825034],[-73.78976843228622,40.85132398157227],[-73.7898108047848,40.85145213196702],[-73.7900578136058,40.85141453071263],[-73.79001796987356,40.85125947095848],[-73.79008961569993,40.85140716358996],[-73.79034518797948,40.851366793055185],[-73.79033709517917,40.8512201443538],[-73.79037943653306,40.85135850372418],[-73.79082454198972,40.851289706318575],[-73.79081765352956,40.851148627155986],[-73.79085756259556,40.851283269443606],[-73.79098717984141,40.8512640158018],[-73.79086603902763,40.85130834236304],[-73.79089018435826,40.85140397743788],[-73.79083302265292,40.851313850998295],[-73.79038545954286,40.8513863564678],[-73.79038756834741,40.851493087419826],[-73.79035488894709,40.85139094166299],[-73.79009442425706,40.85143222989199],[-73.79007338073953,40.85151664692343],[-73.79005162420019,40.851439577001166],[-73.78966490344519,40.85150038213228],[-73.78972573712082,40.85169267056512],[-73.79089217930074,40.85154690354906],[-73.79091633421977,40.85163882596752],[-73.79019588667127,40.85175290506567],[-73.79021640272954,40.85183982678943],[-73.79023273612077,40.85175637716644],[-73.790463705281,40.85176700615418],[-73.79026555282869,40.8518149053456],[-73.79029928959118,40.851969025647016],[-73.79008396904275,40.8520345268798],[-73.7901550926101,40.852251285235994],[-73.7902434632545,40.85223063948436],[-73.79016095150182,40.85204023542596],[-73.79027404235785,40.85222327109272],[-73.79053212420838,40.85216341464534],[-73.79045200336101,40.85198972095046],[-73.79050704238345,40.85197775584285],[-73.79057493410306,40.85215328413453],[-73.7908061058761,40.8520998764705],[-73.79074309499367,40.85192621249454],[-73.79056092458299,40.85194444338779],[-73.79079463354844,40.85186134138593],[-73.79085380717564,40.85208882547112],[-73.79111196084233,40.85200576781262],[-73.79101097118456,40.85186080525309],[-73.79117366731279,40.85181655276705],[-73.79110265321702,40.85185633106287],[-73.79118770764549,40.8520161125069],[-73.79146293339033,40.85194514919429],[-73.79139621768029,40.85178354612285],[-73.79132045117352,40.851779696596886],[-73.79151738677949,40.85172993589106],[-73.79142679645355,40.85177617641992],[-73.79149596814061,40.851934072924045],[-73.79176994883012,40.85187053095148],[-73.7917275018874,40.85176465395933],[-73.79249450978072,40.85155072509289],[-73.79176780605792,40.85177400820881],[-73.79180175231382,40.851862235110154],[-73.7920573145789,40.851825573262545],[-73.79017007126143,40.85228066165614],[-73.79113795170932,40.85205585257384],[-73.79120559068453,40.852197749784594],[-73.79133456753257,40.85216606767377],[-73.79122653385119,40.852258010503384],[-73.79136187979897,40.85222597753408],[-73.79123655971779,40.85228028988671],[-73.79318284075856,40.85180857187147],[-73.79311837183837,40.851578295241],[-73.79322026048366,40.85182843708713],[-73.79315339612624,40.85184440453386],[-73.79323786787478,40.85193117517721],[-73.79312894074076,40.85184807217349],[-73.79124556783768,40.85230468141089],[-73.79138052695524,40.85260203830493],[-73.79340960300543,40.852109877656524],[-73.7934098763101,40.85202188423312],[-73.79350762831913,40.852264043925004],[-73.79342400669044,40.852136302527754],[-73.79139106468674,40.85262807498608],[-73.79144640027788,40.85277157192435],[-73.79042053780171,40.85302297821269],[-73.7904987936305,40.85318872151363],[-73.79100586740218,40.85311769126212],[-73.79100777755552,40.85302860035539],[-73.791030331149,40.85311154858779],[-73.79145436303882,40.85301084721116],[-73.79143702716799,40.8528227274811],[-73.79150327251574,40.85300474895982],[-73.79170223896091,40.85295808594579],[-73.79165554436244,40.85277733822669],[-73.79172995524623,40.8529544234903],[-73.79196318311148,40.85289544822891],[-73.79191649946218,40.85271098813861],[-73.79198928164567,40.85288807029819],[-73.79222413063734,40.85283157209447],[-73.79217580837646,40.85264958482435],[-73.79225186097561,40.852822960382355],[-73.79248669881491,40.852770173952386],[-73.79243675473354,40.8525857082062],[-73.79250954048055,40.85276155271456],[-73.79283083884894,40.85268046076805],[-73.79276455802388,40.85250833946987],[-73.79281511966929,40.85249481930906],[-73.79290086687219,40.85269543547991],[-73.7908075866374,40.85319906006325],[-73.79086201986684,40.853319781606245],[-73.79111431429385,40.85326445192485],[-73.79126573165878,40.85370686423333],[-73.79252408728755,40.85340992120764],[-73.79240931037087,40.85305333561235],[-73.79255598392739,40.8534011780384],[-73.79297928311203,40.85330294440704],[-73.79287610048588,40.85294418132863],[-73.7930399117011,40.853371249787926],[-73.79127368128128,40.85373220788182],[-73.7912904100635,40.8538445737508],[-73.79105721254831,40.853918412426836],[-73.79245816778624,40.8536007087539],[-73.79246226638821,40.85367991099753],[-73.79244069248774,40.85363037509801],[-73.79107002765953,40.8539449566648],[-73.79158360989696,40.85389088823221],[-73.79178611175698,40.853993539900955],[-73.79253714605024,40.85384932731049],[-73.7925675894479,40.85401643444069],[-73.79251736175938,40.85392229994353],[-73.79179366809416,40.85400482990055],[-73.79191811736386,40.85422235474308],[-73.79133811791577,40.854439011538496],[-73.79129282160805,40.85458402547443],[-73.79207675667554,40.85564516770727],[-73.79250306685451,40.8557886661372],[-73.79248791157372,40.85594699320995],[-73.79230720796741,40.85607235540841],[-73.79211616948507,40.856012615291796],[-73.79201712228527,40.85617694860646],[-73.79256814126143,40.85625611826759],[-73.79201050009056,40.85622512771859],[-73.79193700279906,40.856405157419736],[-73.79208814753774,40.85647764200837],[-73.79190183340098,40.85654691187076],[-73.79309492152372,40.856686441404285],[-73.7930307836123,40.856813917951726],[-73.79304835895825,40.85675235385788],[-73.79189422958885,40.85656888932979],[-73.7918284550688,40.85666814339481],[-73.79196180591413,40.856716856585344],[-73.7917926453544,40.85671985231674],[-73.79192955714272,40.85676900166861],[-73.7917850281768,40.8567308579453],[-73.79170704257521,40.85685184235265],[-73.79186032552957,40.85679280353217],[-73.79173546476557,40.85686642952841],[-73.79220265950254,40.85714600041052],[-73.792374840124,40.85690617253157],[-73.79242794130805,40.85692854153181],[-73.79222189186386,40.857152298424865],[-73.79282713237983,40.85743578991807],[-73.79295400784768,40.85699178335135],[-73.79301264383001,40.85700302604336],[-73.79288403888899,40.85747920249383],[-73.79185978715215,40.857004107259584],[-73.79268338575642,40.85742039309031],[-73.79260923020475,40.85750770500503],[-73.79263557328066,40.85742195660275],[-73.79211266783629,40.85716693187052],[-73.79189451913092,40.85743712186542],[-73.79246516065292,40.85771533178423],[-73.79256970440441,40.85763962586503],[-73.79239521723282,40.85784554775234],[-73.79244336403715,40.85773674146947],[-73.79174254016168,40.85739395000313],[-73.79187281897752,40.857427183075714],[-73.79209332503939,40.857157990449906],[-73.79184303217399,40.85702870201153],[-73.7916039346147,40.85737531249006],[-73.7912937885231,40.85726323819569],[-73.79094202260372,40.857552748189],[-73.79163664587966,40.85788281257107],[-73.79178529423412,40.85777542535318],[-73.79143695907953,40.85815468562582],[-73.7916186607567,40.85790134255081],[-73.79093222800749,40.85756778747071],[-73.79023592738763,40.858154084811396],[-73.79006133563244,40.85845954856141],[-73.79020122975747,40.85860158971066],[-73.79004599837913,40.85847540440971],[-73.78922202961881,40.8587425155315]]],[[[-73.78457451654576,40.86053199775851],[-73.78449625509892,40.86047228807356],[-73.78444095001022,40.86010765313127],[-73.78433753932383,40.860062191305076],[-73.78436960694069,40.85985020347803],[-73.78453026895458,40.85965989838853],[-73.78458778895202,40.859340743033115],[-73.78471397657277,40.85913607850752],[-73.785116122024,40.85890478393678],[-73.78514017041906,40.85879261197568],[-73.78530970019837,40.85879071256466],[-73.78532811367994,40.858919405019655],[-73.78548331012739,40.85896257974432],[-73.7857319917326,40.859209636203566],[-73.78607540488369,40.8592746033861],[-73.7863674423584,40.85921438869049],[-73.78660807970745,40.8590361420359],[-73.78654275286225,40.85885732971386],[-73.78669393087262,40.85868606505971],[-73.78727504379454,40.858854636519446],[-73.78773372273308,40.85877099208082],[-73.78748048684724,40.85899682760424],[-73.78747846608492,40.85915898009507],[-73.7871569098543,40.85956570320526],[-73.78714096104935,40.85973145619747],[-73.78701808613872,40.85988371331989],[-73.78700130484454,40.86022438891428],[-73.78621640266805,40.860337299422454],[-73.78591840310553,40.86029862602967],[-73.78542845373842,40.86042160884046],[-73.78520891468827,40.860380696648456],[-73.78502653305665,40.860494720173286],[-73.784838405796,40.860444335546944],[-73.78457451654576,40.86053199775851]]]]}},{"type":"Feature","properties":{"ntaname":"Co-op City","boroname":"Bronx","ntatype":"0"},"geometry":{"type":"Polygon","coordinates":[[[-73.82023958327838,40.88549105235241],[-73.82005445513154,40.88211412906771],[-73.821102684778,40.87896924535943],[-73.82329599275981,40.873097418177096],[-73.82126543671284,40.86907454348972],[-73.81578763977815,40.86575806143744],[-73.81699760178167,40.864459031141834],[-73.81684495841918,40.86430679330122],[-73.81915596567316,40.862298818425664],[-73.81992161730682,40.86177537338834],[-73.82185639282763,40.860921949831884],[-73.82721769385084,40.8592065770412],[-73.82749933534195,40.85995122793733],[-73.82802069970285,40.86064153970637],[-73.82840758909647,40.860948301200125],[-73.82955552272453,40.862163211186704],[-73.83022388383873,40.86342952883151],[-73.83075292685194,40.86467593660101],[-73.83264403297217,40.86823695629471],[-73.83369344270922,40.87045088808063],[-73.83445853962155,40.87236150470712],[-73.83480217810629,40.873724509592066],[-73.83489248330824,40.87507093688319],[-73.83469378675207,40.87654394898381],[-73.83445170633568,40.87727414171712],[-73.83376910749529,40.878720128785915],[-73.83245983015962,40.880207138608654],[-73.8314448677522,40.88110660880208],[-73.82986103272992,40.88217493771597],[-73.82606308664148,40.88415283671794],[-73.82661159041322,40.88464924486938],[-73.82205817252976,40.88610821918946],[-73.82161327444125,40.886110999000735],[-73.82118563797009,40.88594282815086],[-73.8209884189956,40.88575583345553],[-73.82081880223984,40.88534331743969],[-73.82023958327838,40.88549105235241]]]}},{"type":"Feature","properties":{"ntaname":"Hart Island","boroname":"Bronx","ntatype":"7"},"geometry":{"type":"MultiPolygon","coordinates":[[[[-73.78068945291426,40.85492880743347],[-73.7807724867361,40.85484357718099],[-73.7810100272551,40.85487625069318],[-73.7812295524205,40.85511123075595],[-73.78123322636365,40.85539866864936],[-73.7808699470712,40.85553169939752],[-73.78063107485052,40.85525897116531],[-73.78068945291426,40.85492880743347]]],[[[-73.78285213100564,40.855485804805284],[-73.78259711592077,40.85482256046909],[-73.78316769094116,40.85492511178341],[-73.78385861912027,40.85483156741573],[-73.78355666738855,40.855074311055176],[-73.78350401751493,40.85547793055766],[-73.78330379042221,40.85584858232035],[-73.78285213100564,40.855485804805284]]],[[[-73.76783205636991,40.854442206244784],[-73.76823126524461,40.85388788880753],[-73.76855660327054,40.853238322959584],[-73.76904438987128,40.85329092469376],[-73.76938529139699,40.85253613399698],[-73.76860817687101,40.85078839537827],[-73.76959674311296,40.84759451960096],[-73.76950321562583,40.847217834737904],[-73.76805636020048,40.845598218136274],[-73.76789492673004,40.84528943251465],[-73.76901389181124,40.84509734272204],[-73.77118377944221,40.84694451381355],[-73.77157218833071,40.8475000590831],[-73.77130772938114,40.8480287738194],[-73.77088920221003,40.84975177184075],[-73.77204963668454,40.85161828975758],[-73.77246892938,40.85170914789202],[-73.77246651950142,40.85180956889408],[-73.77271117496144,40.851826580933874],[-73.77246594126667,40.851833683999885],[-73.77246052295433,40.85205954217384],[-73.77296356611288,40.85215925395875],[-73.77294539162794,40.85221046694706],[-73.77270601491719,40.85214593507712],[-73.77264837746749,40.85222440313226],[-73.77289075731302,40.85239826899842],[-73.77245940163195,40.85210626657975],[-73.77245149415484,40.852435896893695],[-73.7717306041191,40.8524768313193],[-73.77171715936545,40.853004539282004],[-73.77229680531383,40.85308637825256],[-73.77234917455172,40.85385141973168],[-73.77296285334873,40.853800062246656],[-73.77295817517044,40.85413743292356],[-73.77279597721952,40.854131758702046],[-73.77280008065782,40.853963076256775],[-73.77269448026055,40.85390663901353],[-73.77233272219567,40.853900845177954],[-73.77214036841646,40.85441271310332],[-73.77220606901291,40.85536488333861],[-73.77213970639949,40.85643579919981],[-73.77218152925319,40.858868346281085],[-73.77235432710654,40.85967316198074],[-73.77219222989055,40.859986639098395],[-73.77084562360571,40.86010101285692],[-73.76947305423839,40.8593301371713],[-73.76836277290614,40.85835828935461],[-73.76836085919155,40.85765536270094],[-73.76533243929102,40.85504359512371],[-73.76783205636991,40.854442206244784]]]]}},{"type":"Feature","properties":{"ntaname":"Ferry Point Park-St. Raymond Cemetery","boroname":"Bronx","ntatype":"9"},"geometry":{"type":"Polygon","coordinates":[[[-73.83533550530322,40.82819244340195],[-73.83131652582671,40.826718788145726],[-73.83110226702166,40.82682445484047],[-73.82464427913193,40.82476385129356],[-73.82945920735152,40.82237711050037],[-73.82832921538726,40.82104039191178],[-73.8267166142165,40.82181857635124],[-73.82536829601092,40.82021181456548],[-73.82370737091014,40.81764854515685],[-73.82317237375129,40.81667961383229],[-73.82841397073399,40.814875147706914],[-73.82630784680268,40.811284122207944],[-73.8276390788252,40.8114584166065],[-73.82898030019118,40.811313585880654],[-73.83018245574914,40.810839087126965],[-73.83124330198694,40.81000298699277],[-73.8318386874115,40.80926188457012],[-73.83220604584382,40.807944660977505],[-73.83209961881961,40.8073034730455],[-73.83161822953268,40.80664577955301],[-73.8316493312745,40.80615999802208],[-73.83139548735873,40.80517070755737],[-73.83160651059022,40.80503241702734],[-73.8316157445545,40.80493825599347],[-73.83248411929212,40.804942802631004],[-73.83353951785743,40.80502706811756],[-73.83456945589961,40.80522138481535],[-73.8369122549903,40.805929093722526],[-73.83743611993722,40.80620264267889],[-73.83806076439835,40.807039775362334],[-73.83806065629024,40.80763789972398],[-73.83825544093321,40.80819815366805],[-73.8384825748028,40.808491220986134],[-73.83897298611372,40.80951472044878],[-73.83918782238194,40.80974161293784],[-73.8400871156865,40.811266068642176],[-73.84025952807897,40.811443037451845],[-73.84026339044414,40.81203106239304],[-73.84043199540832,40.81254112873967],[-73.84029454871813,40.81285564980125],[-73.84026867614233,40.813280475023134],[-73.8396290166969,40.81400971805203],[-73.83953091414827,40.815183455618374],[-73.83961742551429,40.81538184432818],[-73.83953766669318,40.81581918322754],[-73.83974355855477,40.816406071836845],[-73.83696692423608,40.816366657719605],[-73.83669352134656,40.81734763168624],[-73.83666145366553,40.817993668367365],[-73.83639638570256,40.81889136665132],[-73.83643674714041,40.81781586885862],[-73.83604247482336,40.81778261209739],[-73.83595118194272,40.81888854555973],[-73.83599894833232,40.82360294362678],[-73.83616466391703,40.824992286736546],[-73.83683220352492,40.82844144222098],[-73.83533550530322,40.82819244340195]]]}},{"type":"Feature","properties":{"ntaname":"Pelham Parkway-Van Nest","boroname":"Bronx","ntatype":"0"},"geometry":{"type":"Polygon","coordinates":[[[-73.86179069374845,40.85798290436403],[-73.86178359562544,40.85738644594953],[-73.8619199588196,40.85678359451849],[-73.86211953830568,40.85080617644738],[-73.86303938073125,40.85061130723248],[-73.86278872747765,40.84923798317117],[-73.86250923687304,40.8483622811716],[-73.86119240841126,40.84860346811175],[-73.86038660402573,40.848235571529656],[-73.85865367202398,40.84528639061413],[-73.85738111355268,40.84371626616853],[-73.85429909935839,40.842670800304475],[-73.85333524942047,40.84247015515494],[-73.86347232312892,40.84130593270664],[-73.86546450036447,40.840856891963064],[-73.86724818823271,40.84034380436968],[-73.86830846770317,40.839995214457055],[-73.86920766815935,40.839600047213814],[-73.87359713479324,40.83979855643703],[-73.87229920934747,40.841579995737455],[-73.87099518067323,40.843111392043916],[-73.86889258623121,40.84440965879694],[-73.86804200325662,40.84481383930633],[-73.86863721590373,40.845309843266215],[-73.86874186495903,40.84560972858108],[-73.86866193753741,40.84626015394136],[-73.86892652627044,40.84688174060916],[-73.8683546583043,40.84708023338578],[-73.86785992927581,40.84886493189031],[-73.86920944569769,40.84923837337521],[-73.86825077674393,40.85095958673138],[-73.86854755382033,40.85178561155444],[-73.86846906730995,40.851970655249666],[-73.86867184506757,40.852262737113634],[-73.86985960354824,40.85557672814185],[-73.86988842220566,40.85597106815491],[-73.86818830404283,40.858063834309256],[-73.86817334023647,40.857918549295896],[-73.86802029148554,40.857830595406014],[-73.86179069374845,40.85798290436403]]]}},{"type":"Feature","properties":{"ntaname":"Morris Park","boroname":"Bronx","ntatype":"0"},"geometry":{"type":"Polygon","coordinates":[[[-73.83681918460869,40.85727680959649],[-73.83690582143343,40.85718069670619],[-73.83691212692939,40.85700810813968],[-73.83667557198515,40.85665266348028],[-73.83523962183261,40.85649323538413],[-73.8384320683954,40.85546886873778],[-73.83941580474944,40.854959383765],[-73.84050192220052,40.85418698691174],[-73.8414916322777,40.85319428630851],[-73.84494053664359,40.84821822152069],[-73.84504985879043,40.84919158555122],[-73.84488576358358,40.8502027254642],[-73.84534656840583,40.84944948845313],[-73.84537026876443,40.84871262905766],[-73.84578350495234,40.847966357828874],[-73.84657052841101,40.84706748181207],[-73.84788491953104,40.84598898052514],[-73.84623479939157,40.844490217803454],[-73.84806345327982,40.84306799865136],[-73.85333524942047,40.84247015515494],[-73.85429909935839,40.842670800304475],[-73.85738111355268,40.84371626616853],[-73.85865367202398,40.84528639061413],[-73.86038660402573,40.848235571529656],[-73.86119240841126,40.84860346811175],[-73.86250923687304,40.8483622811716],[-73.86278872747765,40.84923798317117],[-73.86303938073125,40.85061130723248],[-73.86211953830568,40.85080617644738],[-73.8619199588196,40.85678359451849],[-73.86178359562544,40.85738644594953],[-73.86179069374845,40.85798290436403],[-73.85663664014868,40.85811529395551],[-73.84930893339586,40.858717502857175],[-73.84739746975032,40.85868254585616],[-73.84329553084406,40.85829037562836],[-73.83681918460869,40.85727680959649]]]}},{"type":"Feature","properties":{"ntaname":"Pelham Gardens","boroname":"Bronx","ntatype":"0"},"geometry":{"type":"Polygon","coordinates":[[[-73.85651292255208,40.87421779315791],[-73.84859676002684,40.87167078513566],[-73.83578436657568,40.8650160119998],[-73.83159619877482,40.8626447044223],[-73.82955552272453,40.862163211186704],[-73.82840758909647,40.860948301200125],[-73.82855352603573,40.86075450706556],[-73.82987488517269,40.85974042012536],[-73.83308051861306,40.858679019640064],[-73.83681918460869,40.85727680959649],[-73.84329553084406,40.85829037562836],[-73.84739746975032,40.85868254585616],[-73.84930893339586,40.858717502857175],[-73.85663664014868,40.85811529395551],[-73.8573131056839,40.859454500573186],[-73.85771028234441,40.862278230995685],[-73.85890956658274,40.864636926124476],[-73.85961281182996,40.865512718615136],[-73.85867298096294,40.865494958216686],[-73.85848731634543,40.87128406011891],[-73.85661382450314,40.87125016748486],[-73.85651292255208,40.87421779315791]]]}},{"type":"Feature","properties":{"ntaname":"Allerton","boroname":"Bronx","ntatype":"0"},"geometry":{"type":"Polygon","coordinates":[[[-73.85848731634543,40.87128406011891],[-73.85867298096294,40.865494958216686],[-73.85961281182996,40.865512718615136],[-73.85890956658274,40.864636926124476],[-73.85771028234441,40.862278230995685],[-73.8573131056839,40.859454500573186],[-73.85663664014868,40.85811529395551],[-73.86758752380511,40.85783008965106],[-73.86807772351278,40.857846843348774],[-73.86817334023647,40.857918549295896],[-73.86818830404283,40.858063834309256],[-73.86841539629643,40.85778035864567],[-73.86954868016306,40.8577260303491],[-73.87088983832453,40.85727281781079],[-73.87104944936009,40.857304838162364],[-73.8705793752399,40.86140455442912],[-73.8704053158089,40.86396695000492],[-73.87053738586062,40.86967403208248],[-73.86432616493701,40.86965632371706],[-73.86426604390132,40.87138965023632],[-73.85848731634543,40.87128406011891]]]}},{"type":"Feature","properties":{"ntaname":"Hutchinson Metro Center","boroname":"Bronx","ntatype":"6"},"geometry":{"type":"Polygon","coordinates":[[[-73.83129157639193,40.85543410585364],[-73.83262464654155,40.85505696745069],[-73.8340823195588,40.85436264086574],[-73.83463970149687,40.85381799426279],[-73.83533589012133,40.85255469879205],[-73.83555900132365,40.851964014450914],[-73.83619907028681,40.84582739571833],[-73.83682639764963,40.84346244676608],[-73.83699114142055,40.84318256327277],[-73.83767001462616,40.84112190832366],[-73.83762124147187,40.84028356682354],[-73.838390561589,40.84067681413345],[-73.83936794250529,40.84088297398455],[-73.84136309270085,40.84058968887972],[-73.84201827883615,40.84065827887775],[-73.84146101904946,40.84095609612157],[-73.84327655771988,40.84354180661416],[-73.8449103410075,40.84542746141711],[-73.84460522111533,40.84625369761899],[-73.84470066395343,40.847135598251086],[-73.84494053664359,40.84821822152069],[-73.8414916322777,40.85319428630851],[-73.84050192220052,40.85418698691174],[-73.83910078488256,40.85514203103479],[-73.83772116690723,40.85573956286968],[-73.83523962183261,40.85649323538413],[-73.83667557198515,40.85665266348028],[-73.83691212692939,40.85700810813968],[-73.83690582143343,40.85718069670619],[-73.83681918460869,40.85727680959649],[-73.83308051861306,40.858679019640064],[-73.82987488517269,40.85974042012536],[-73.82855352603573,40.86075450706556],[-73.83121095817908,40.85749802402021],[-73.83207999601576,40.856668975763014],[-73.83285111160752,40.85608915212235],[-73.83281265205433,40.85597971338594],[-73.8323210023772,40.8557360174683],[-73.83168213630033,40.85549541565914],[-73.83129157639193,40.85543410585364]]]}},{"type":"Feature","properties":{"ntaname":"Williamsbridge-Olinville","boroname":"Bronx","ntatype":"0"},"geometry":{"type":"Polygon","coordinates":[[[-73.84744396752198,40.88697853116563],[-73.85248305745532,40.87946370504011],[-73.85207011654009,40.87929765708492],[-73.85091896017336,40.87789344063441],[-73.85254854030978,40.877091586763704],[-73.85172236070235,40.87684337066242],[-73.85068955598965,40.87548667888787],[-73.8536363872702,40.87330059920912],[-73.85651292255208,40.87421779315791],[-73.85661382450314,40.87125016748486],[-73.86426604390132,40.87138965023632],[-73.86432616493701,40.86965632371706],[-73.87053738586062,40.86967403208248],[-73.87056192370083,40.871510778954736],[-73.87037667093458,40.87328437266375],[-73.87031508267007,40.87561752340171],[-73.87023106062486,40.87571767061335],[-73.87009233170177,40.87634114365233],[-73.869361486625,40.87811174632339],[-73.87094414681728,40.87850969608353],[-73.87015318464638,40.880350828061786],[-73.87083567707624,40.880454115283015],[-73.87001731653702,40.88234447256421],[-73.86921104987294,40.88332465258204],[-73.86876632494774,40.88422386016842],[-73.86822154806865,40.88560465902222],[-73.86761179743642,40.88758756176326],[-73.86700465377983,40.889073882152694],[-73.86368527749876,40.89432459751947],[-73.86355915622757,40.89537701770613],[-73.861359278643,40.89466231935567],[-73.8619822942821,40.89316126278545],[-73.86273972099802,40.8918388928246],[-73.84744396752198,40.88697853116563]]]}},{"type":"Feature","properties":{"ntaname":"Eastchester-Edenwald-Baychester","boroname":"Bronx","ntatype":"0"},"geometry":{"type":"Polygon","coordinates":[[[-73.79322870882001,40.88282259590981],[-73.79449254305852,40.88306825107191],[-73.79937520349799,40.88435197032279],[-73.80520113603046,40.885999956853716],[-73.80647324328525,40.88577437235217],[-73.8079021707881,40.8857804602845],[-73.81276886793779,40.886683973781075],[-73.8144167023959,40.88672206890657],[-73.81599692059432,40.886557406473756],[-73.82081880223967,40.885343317439734],[-73.8209884189955,40.885755833455576],[-73.82118563796999,40.88594282815086],[-73.82161327444115,40.886110999000735],[-73.82205817252984,40.88610821918949],[-73.82661159041312,40.884649244869415],[-73.82606308664143,40.88415283671794],[-73.82986103272988,40.88217493771597],[-73.8314448677522,40.881106608802114],[-73.83245983015956,40.8802071386087],[-73.83376910749529,40.878720128785915],[-73.83445170633568,40.877274141717166],[-73.834840983582,40.875792926458715],[-73.8348923073474,40.87474486667901],[-73.83480217810622,40.8737245095921],[-73.83433720992757,40.87202702303185],[-73.83369344270905,40.87045088808063],[-73.83264403297201,40.86823695629476],[-73.83075292685189,40.86467593660106],[-73.83022388383856,40.86342952883151],[-73.82955552272446,40.862163211186704],[-73.83159619877478,40.862644704422344],[-73.83578436657562,40.8650160119998],[-73.8485967600268,40.87167078513566],[-73.85363638727009,40.87330059920912],[-73.85068955598965,40.87548667888787],[-73.85172236070231,40.876843370662456],[-73.85254854030967,40.87709158676373],[-73.8509189601733,40.87789344063441],[-73.85207011653999,40.87929765708492],[-73.85248305745532,40.87946370504015],[-73.84744396752198,40.88697853116563],[-73.84590568479918,40.88974136988266],[-73.85069084014877,40.89130277212739],[-73.83804277219701,40.89414233138703],[-73.83630541692517,40.89359916638452],[-73.83525790570003,40.89339164405592],[-73.83356849636303,40.892806426846136],[-73.8326780861135,40.89260182633507],[-73.82722429718076,40.89091023355098],[-73.82366848120671,40.889903740295516],[-73.82252377578457,40.88942882441799],[-73.82240593096051,40.88961243472186],[-73.82255290044698,40.88980640514993],[-73.82274972372608,40.88985413470685],[-73.82313461177645,40.889766397130536],[-73.8233744303617,40.88992176243488],[-73.8232946529293,40.89039231075643],[-73.82347778946331,40.890635790022884],[-73.82337003841566,40.89096729587616],[-73.82285334940228,40.891206829094344],[-73.81948724311633,40.8902899803584],[-73.81827737967693,40.88984713102911],[-73.80872105991985,40.88748059837562],[-73.80755944104463,40.88710889159965],[-73.80290946354833,40.8860306808372],[-73.80192449861639,40.88571296802302],[-73.79405517307794,40.883699966779645],[-73.79300652560885,40.883358737381556],[-73.79322870882001,40.88282259590981]]]}},{"type":"Feature","properties":{"ntaname":"Wakefield-Woodlawn","boroname":"Bronx","ntatype":"0"},"geometry":{"type":"Polygon","coordinates":[[[-73.85107116095503,40.91037152022097],[-73.85347522267351,40.907530293525184],[-73.8509205929659,40.90661649448888],[-73.85017317419612,40.90750786564983],[-73.84708032914374,40.906156732530505],[-73.84481886918655,40.90552995017652],[-73.84492921919707,40.90466300376901],[-73.84489264842898,40.90419086729802],[-73.84138689238422,40.904172741533245],[-73.84113152789418,40.90350372839728],[-73.84077858813106,40.90162785769584],[-73.83924604675511,40.899501154550975],[-73.83918285439722,40.89924987722261],[-73.83924158109215,40.89873644484584],[-73.83966433123406,40.8978855156072],[-73.83964812680534,40.897330535338995],[-73.83839199057287,40.894067008047344],[-73.85069084014889,40.89130277212733],[-73.84590568479933,40.88974136988266],[-73.84744396752198,40.88697853116563],[-73.86273972099802,40.8918388928246],[-73.8619822942821,40.89316126278545],[-73.861359278643,40.89466231935567],[-73.86401637607858,40.89552304811614],[-73.86491632411,40.895749496035734],[-73.87048672487636,40.89664021168233],[-73.87480618048552,40.89572568830844],[-73.8771197401737,40.89546866431286],[-73.87683446000793,40.896185286047846],[-73.87643742976617,40.89687059396146],[-73.87592992834948,40.89749330157641],[-73.87521979614155,40.89814776521496],[-73.87392964268484,40.898957367895875],[-73.87144352877161,40.899994713328404],[-73.86996153525075,40.90083373596169],[-73.8691598794222,40.901431431308986],[-73.86847685592332,40.902072434761756],[-73.86820270216893,40.90235538344287],[-73.86789798496261,40.90294017690395],[-73.8630508557648,40.901508084037964],[-73.8627985057914,40.90153552272544],[-73.86179625874264,40.90111912278947],[-73.86156438252577,40.90106212283328],[-73.86134100746007,40.90111157030059],[-73.85946778634425,40.90051720976883],[-73.85907692208467,40.90100799360179],[-73.85923576102057,40.901098613133],[-73.85941984002902,40.90139312551417],[-73.8593769645871,40.901565218666256],[-73.8590270408588,40.90144491025542],[-73.85886401228039,40.901711695048654],[-73.85946389891883,40.90193387763297],[-73.85957882881917,40.902440843273325],[-73.85926432387326,40.90266947989485],[-73.85910498683553,40.902644455434],[-73.85872824700877,40.90228897107134],[-73.8584007526386,40.90221325579811],[-73.8581599991654,40.90230571020182],[-73.85816460144906,40.90259586105979],[-73.85796932195889,40.902850907686215],[-73.85774747326379,40.9027875469185],[-73.85755967591301,40.90291779646053],[-73.85711090413734,40.9036495326953],[-73.85717176236315,40.90408206543563],[-73.85699157280402,40.90458421006768],[-73.85710151312045,40.90470845788169],[-73.8573593516764,40.90473096199192],[-73.85743457529816,40.904841544202085],[-73.85717765921405,40.90528654165973],[-73.85705022667389,40.90529153575586],[-73.85665436756425,40.905055000781694],[-73.85636081234306,40.90510215405671],[-73.8560102332303,40.90530598362625],[-73.85601160773105,40.90548208344005],[-73.85650251628125,40.90556384879512],[-73.85692398113837,40.9059741701104],[-73.85681013550217,40.90615582832508],[-73.85655732456593,40.90626203284515],[-73.85580463707625,40.906264364125605],[-73.85552697672837,40.906380251458486],[-73.85513792016846,40.906866889140346],[-73.85423776598559,40.90703286825344],[-73.85374103564406,40.90778791723747],[-73.85383360911264,40.90797434981867],[-73.85471078184983,40.90800631044377],[-73.85491109585308,40.90835486983326],[-73.85458940455754,40.90893949929683],[-73.85391645962615,40.90946560394374],[-73.85360061654038,40.90960674145013],[-73.85335351798606,40.9100431407514],[-73.85295618355188,40.91035304417856],[-73.85276991514036,40.910406008567946],[-73.85258474662083,40.91031061706313],[-73.85266035825745,40.91001519416266],[-73.85245653317175,40.90986051007589],[-73.8522745155013,40.909854100145076],[-73.85149242370102,40.910271640498124],[-73.85144753902692,40.910449671704676],[-73.85107116095503,40.91037152022097]]]}},{"type":"Feature","properties":{"ntaname":"Woodlawn Cemetery","boroname":"Bronx","ntatype":"7"},"geometry":{"type":"Polygon","coordinates":[[[-73.87191661735847,40.880238178685566],[-73.87494589600867,40.87994766996391],[-73.8747924057726,40.88007512955901],[-73.87470255490281,40.88155382355611],[-73.87812575139306,40.88215368597884],[-73.87772817661379,40.883454195754766],[-73.87760676546058,40.88452304479258],[-73.87783125837879,40.88677276068347],[-73.87803562271968,40.88711832175471],[-73.87800124792656,40.88744719689832],[-73.8781889161642,40.88804918171902],[-73.87918941759686,40.89030703266875],[-73.88017667994028,40.89208760148299],[-73.88035939618034,40.89255227003377],[-73.88040227835201,40.89327745502805],[-73.88004213058953,40.895222285256786],[-73.87480618048546,40.89572568830848],[-73.87048672487626,40.89664021168233],[-73.86491632411004,40.895749496035734],[-73.86355915622681,40.89537701804125],[-73.86368527749876,40.89432459751947],[-73.86700465377977,40.88907388215272],[-73.86761179743631,40.8875875617633],[-73.86822154806865,40.88560465902227],[-73.86876632494774,40.88422386016842],[-73.8692110498729,40.88332465258204],[-73.87001731653697,40.88234447256425],[-73.87083567707624,40.880454115283015],[-73.87187100605311,40.8803281209271],[-73.87191661735847,40.880238178685566]]]}},{"type":"Feature","properties":{"ntaname":"Van Cortlandt Park","boroname":"Bronx","ntatype":"9"},"geometry":{"type":"Polygon","coordinates":[[[-73.86789798496261,40.90294017690395],[-73.86820270216893,40.90235538344287],[-73.86847685592332,40.902072434761756],[-73.8691598794222,40.901431431308986],[-73.86996153525075,40.90083373596169],[-73.87144352877161,40.899994713328404],[-73.87392964268484,40.898957367895875],[-73.87521979614155,40.89814776521496],[-73.87592992834948,40.89749330157641],[-73.87643742976617,40.89687059396146],[-73.87683446000793,40.896185286047846],[-73.8771197401737,40.89546866431286],[-73.88004213058963,40.895222285256786],[-73.88040227835208,40.89327745502806],[-73.88035939618038,40.892552270033796],[-73.88017667994042,40.89208760148296],[-73.87918941759696,40.89030703266875],[-73.8781889161642,40.888049181718955],[-73.87800479957595,40.88733717590619],[-73.8781494450198,40.886873807866124],[-73.88124422386927,40.88270963367426],[-73.88274833294535,40.88339738747129],[-73.8836833679019,40.88315761600102],[-73.88421696354774,40.88319772872786],[-73.88683486608483,40.884342026064864],[-73.88758612454241,40.884255620164225],[-73.89405988215326,40.88553046252087],[-73.89447761793357,40.88560041493272],[-73.89467948886859,40.885519941585784],[-73.89595674826971,40.88582832452005],[-73.8999042547984,40.88655972375519],[-73.8973870269412,40.89163596643024],[-73.89728112366112,40.89171068468431],[-73.8967578998653,40.89264544424118],[-73.89643170628695,40.893655280428774],[-73.89715717099095,40.899371827346904],[-73.8969705409349,40.900611168247394],[-73.8963578590515,40.90320013225347],[-73.8966333379699,40.91141737534843],[-73.88605575313393,40.90831445310321],[-73.8830325744206,40.907333631157364],[-73.86789798496261,40.90294017690395]]]}},{"type":"Feature","properties":{"ntaname":"Bronx Park","boroname":"Bronx","ntatype":"9"},"geometry":{"type":"Polygon","coordinates":[[[-73.87056192370083,40.871510778954736],[-73.8704053158089,40.86396695000492],[-73.8705793752399,40.86140455442912],[-73.87108262512692,40.85737704063793],[-73.87088983832453,40.85727281781079],[-73.86954868016306,40.8577260303491],[-73.86841539629643,40.85778035864567],[-73.86988842220566,40.85597106815491],[-73.86990421436151,40.8557732933625],[-73.86867184506757,40.852262737113634],[-73.86846906730995,40.851970655249666],[-73.86854755382033,40.85178561155444],[-73.86825077674393,40.85095958673138],[-73.86952362885509,40.84868697758724],[-73.86956258947998,40.84801871390805],[-73.86889243274508,40.84811232262847],[-73.86942321371609,40.84751234518302],[-73.86987431101255,40.846617458088176],[-73.87006385500841,40.84655627592444],[-73.87035538598148,40.846623815688],[-73.87034601231153,40.84652221564201],[-73.87053966302501,40.84625757462035],[-73.87095552811611,40.84597623321057],[-73.87104370906748,40.84582057197133],[-73.87116887383097,40.84477811872059],[-73.87135574215772,40.844613223554795],[-73.8717026080779,40.84459136836734],[-73.87185298685056,40.84450417016242],[-73.87211001648689,40.84370009855644],[-73.87311149505652,40.84325065171364],[-73.87401468985382,40.842537677818164],[-73.87459175304606,40.84152064753811],[-73.87679871993105,40.842299787946274],[-73.87817546826224,40.84261769654637],[-73.87733907150002,40.84399175505718],[-73.88284445508452,40.847817227456275],[-73.88311982437547,40.84822109237876],[-73.88073042731561,40.85667660541284],[-73.88100678893053,40.858268023159084],[-73.88060896789034,40.86035709360914],[-73.88051533513321,40.86034556891214],[-73.88050547956449,40.86047756186843],[-73.88059006152008,40.86087844940333],[-73.88083900540624,40.861237776834265],[-73.88193118721914,40.862094321292],[-73.88200794072172,40.86204685336177],[-73.88379371014452,40.86417157223372],[-73.88396002363446,40.86454971995929],[-73.8839692220123,40.86481774197266],[-73.88384464308814,40.86519681331944],[-73.88367321188993,40.865425283906504],[-73.88267624666986,40.866089142150656],[-73.88309382372141,40.86660218502387],[-73.87694351958748,40.86995468224167],[-73.87619257483897,40.870476957203095],[-73.87518850030095,40.871575757313394],[-73.87255250745748,40.87517518382696],[-73.87160718562494,40.87692157317876],[-73.87094414681728,40.87850969608353],[-73.869361486625,40.87811174632339],[-73.87009233170177,40.87634114365233],[-73.87023106062486,40.87571767061335],[-73.87031508267007,40.87561752340171],[-73.87037667093458,40.87328437266375],[-73.87056192370083,40.871510778954736]]]}},{"type":"Feature","properties":{"ntaname":"Pelham Bay Park","boroname":"Bronx","ntatype":"9"},"geometry":{"type":"MultiPolygon","coordinates":[[[[-73.80222295355102,40.84163481364685],[-73.80263811156433,40.84108115226217],[-73.80529495910525,40.841134925352954],[-73.8069460864188,40.84146244618143],[-73.80680801372397,40.8424891399877],[-73.80393073307404,40.842594072550085],[-73.80367560026521,40.842258492916194],[-73.80222295355102,40.84163481364685]]],[[[-73.77326219947474,40.86063061231969],[-73.77339678448094,40.86073948467888],[-73.77333634590616,40.86085386036116],[-73.77321845470054,40.86079446335444],[-73.77326219947474,40.86063061231969]]],[[[-73.77513782667951,40.86118467585098],[-73.77530191604008,40.861244294383205],[-73.77527340232487,40.86144667092562],[-73.77513862733318,40.86159428114081],[-73.77493188967397,40.86155230286426],[-73.77491794834289,40.86142825656266],[-73.77513782667951,40.86118467585098]]],[[[-73.77460156350928,40.862069047459904],[-73.77463383677043,40.8618168910858],[-73.77484905645683,40.861810388682784],[-73.77485681624572,40.8619836348371],[-73.77460156350928,40.862069047459904]]],[[[-73.78312589594313,40.862856167803436],[-73.78292783598303,40.862789613992085],[-73.78288197831337,40.86240643258889],[-73.78289032081526,40.86231719372564],[-73.78305399875316,40.86227741403978],[-73.78301584621727,40.86219472719643],[-73.7831450428813,40.86206867890583],[-73.78323505687415,40.86233219933529],[-73.78312068770578,40.86261806311071],[-73.783230148944,40.86263806691509],[-73.78321153015568,40.86274989011154],[-73.78328053506085,40.862780706210124],[-73.78312589594313,40.862856167803436]]],[[[-73.7842865043386,40.8632050887795],[-73.78354105299506,40.86309550682763],[-73.78356394999348,40.86301668403851],[-73.78380117343677,40.86296657452466],[-73.78367242359475,40.86283287018829],[-73.78376770348979,40.862610608464536],[-73.78403314760357,40.86248168611126],[-73.78469165850865,40.8625427894058],[-73.78454667485435,40.86264947603941],[-73.78451638211507,40.862955779714454],[-73.78435811804623,40.863073517961006],[-73.78427247111776,40.863014978074716],[-73.78416702363988,40.86308757924561],[-73.7842865043386,40.8632050887795]]],[[[-73.7696354462226,40.86554256158247],[-73.76994076930318,40.865523409496824],[-73.76977692751318,40.865686558401286],[-73.76944774766791,40.86576135090618],[-73.7696354462226,40.86554256158247]]],[[[-73.76692046625034,40.867049555851395],[-73.76722845921702,40.86692866738869],[-73.767123805844,40.867238188474154],[-73.76668098944072,40.867320684140125],[-73.76692046625034,40.867049555851395]]],[[[-73.77084864464895,40.87162776297062],[-73.77223564721527,40.871563993068285],[-73.77263488154172,40.87188020876713],[-73.77115806784523,40.87180498097315],[-73.77084864464895,40.87162776297062]]],[[[-73.77454436853722,40.87428631103689],[-73.77493941015999,40.87391868554238],[-73.77504980563741,40.87393771901346],[-73.77513690028402,40.87455444694521],[-73.77467379676929,40.87479055741012],[-73.77470462612145,40.87457977349043],[-73.77451430822411,40.874498184994614],[-73.77454436853722,40.87428631103689]]],[[[-73.78192813702833,40.87540460586876],[-73.78203527799893,40.87497635124088],[-73.78213787496449,40.87502908678764],[-73.78213983373988,40.874745964848096],[-73.78203308473643,40.87472743472638],[-73.78212699063377,40.87453122255998],[-73.78259880880877,40.87468739667811],[-73.78263986949717,40.87487845183758],[-73.78244064983289,40.87521232612932],[-73.78213695926321,40.87516151467404],[-73.78202613913348,40.87538334838044],[-73.78192813702833,40.87540460586876]]],[[[-73.78190181531936,40.8764193657248],[-73.78166863791294,40.876423681809264],[-73.78171955268925,40.87618875884574],[-73.78179445559009,40.876283098110434],[-73.78206787963717,40.87623794342748],[-73.78220080379837,40.876434202682404],[-73.78210634442799,40.87652336984481],[-73.78190181531936,40.8764193657248]]],[[[-73.78129458150852,40.875944902403],[-73.78142242881403,40.875766338901634],[-73.78151357091774,40.87604602393967],[-73.78136415592812,40.87619577289311],[-73.78143445960553,40.8764031473165],[-73.78139551937315,40.87653905698293],[-73.78120581313027,40.87659007884916],[-73.78129458150852,40.875944902403]]],[[[-73.78352831439575,40.87724086715855],[-73.78341730781993,40.87717610518361],[-73.7835838935725,40.87691488959747],[-73.7835602079533,40.87682215059617],[-73.78374992090077,40.876539008470424],[-73.78384032438835,40.876519766758555],[-73.78400493947206,40.876864365216825],[-73.78363874012419,40.87748439506101],[-73.78344706652956,40.87741286017179],[-73.78352831439575,40.87724086715855]]],[[[-73.78525134670222,40.87990880356431],[-73.78513586168751,40.87991382053409],[-73.7850121828973,40.87978801643677],[-73.78546380817913,40.87976007872163],[-73.78567549107373,40.87985203677247],[-73.78542670816626,40.88004124410342],[-73.78525134670222,40.87990880356431]]],[[[-73.78483587743351,40.880558274470566],[-73.78469158854602,40.88052464953575],[-73.78451226057109,40.88065920959359],[-73.78443476167766,40.88062693763666],[-73.78447189728237,40.88050994457308],[-73.7843968686713,40.880414501918146],[-73.7842652131063,40.88035707508814],[-73.78398549646245,40.88047238536337],[-73.783822417574,40.88042442875845],[-73.78381062131673,40.880190916889966],[-73.78369456619117,40.88015110770957],[-73.78370155778747,40.87993192593837],[-73.78395286850153,40.879875215173655],[-73.78406640087343,40.879713414752096],[-73.78414781497086,40.8797755132246],[-73.78412185172975,40.88003754544375],[-73.78432850367034,40.880199944685295],[-73.78451674116086,40.88023365214141],[-73.78469285391463,40.88013391344228],[-73.78479888799157,40.8803485407047],[-73.7849180655879,40.88038211921517],[-73.785091133701,40.880264784652795],[-73.78534770607432,40.88052257751784],[-73.7851890174903,40.88069452626916],[-73.78495773470063,40.880745812270675],[-73.78483587743351,40.880558274470566]]],[[[-73.8079021707881,40.8857804602845],[-73.80647324328525,40.88577437235217],[-73.80520113603046,40.885999956853716],[-73.79937520349799,40.88435197032279],[-73.79449254305852,40.88306825107191],[-73.79322870882001,40.88282259590981],[-73.7935874192984,40.88251752388345],[-73.79379237490596,40.88197032626258],[-73.7949170558667,40.88054379098505],[-73.79554579908852,40.88069101537513],[-73.79502596232678,40.879747797714465],[-73.7962509753578,40.87701199977876],[-73.79712701174815,40.87619040040151],[-73.7974381545744,40.87513533245079],[-73.7985533078771,40.87440142827465],[-73.79891245463618,40.874645893143104],[-73.79981389580328,40.87415984971642],[-73.79987713793714,40.87348466679018],[-73.80035444559046,40.872730191592716],[-73.8003496779095,40.872629219453145],[-73.80047663437435,40.87254277676038],[-73.8005724562112,40.871988998731645],[-73.80080515564886,40.871494061246516],[-73.80095913173703,40.87140843642696],[-73.80118226939219,40.871424194695294],[-73.80178517404362,40.87106784933856],[-73.80199312315857,40.87080016930738],[-73.8020918507446,40.870846798733034],[-73.8020545070841,40.87073951895983],[-73.80213926053388,40.87073609087302],[-73.80221272869265,40.87050527863459],[-73.80207888724044,40.87045722879932],[-73.80211679577816,40.87037509600836],[-73.80233081193205,40.870397697672516],[-73.80256683612414,40.870158643639066],[-73.80267298767075,40.870154470944115],[-73.8027590760358,40.86970074110639],[-73.80268939134558,40.869386125307074],[-73.80260477623499,40.86934309462904],[-73.80268494890271,40.86929677217581],[-73.80264282203973,40.86921450181139],[-73.80276086752721,40.86909676707233],[-73.80277547772118,40.868932395392925],[-73.80297847593458,40.86874332976194],[-73.80335043989355,40.86897687425805],[-73.80361717451868,40.86877910052933],[-73.80392527661398,40.86902740969635],[-73.804035888568,40.86898185217425],[-73.8040717526798,40.868739845750966],[-73.8042413879727,40.86868771745507],[-73.80442646656708,40.868800362029575],[-73.80447936693899,40.86871197457657],[-73.80454128169617,40.868731546514425],[-73.80455141472906,40.868919743276095],[-73.80477571140413,40.86894932378447],[-73.80499228310573,40.869145297722206],[-73.8052886184336,40.86912673783476],[-73.80550511544634,40.868934591875096],[-73.80594428659224,40.86892980232654],[-73.80588114145166,40.86905482378935],[-73.80599101807228,40.869131212910986],[-73.8057933375928,40.86918250218229],[-73.80565692939989,40.869319931939536],[-73.80565967261539,40.86948955204023],[-73.80630377155116,40.86998554079086],[-73.8064348985163,40.87022401625134],[-73.80660428628492,40.87025765615085],[-73.80684214298552,40.87049154459132],[-73.80711196683714,40.87052535164917],[-73.80710521993356,40.87068735410701],[-73.80739404249226,40.870664010882805],[-73.80785796804248,40.87086968379318],[-73.80786348838299,40.871131774526646],[-73.80796429605634,40.87100328449383],[-73.80829659358248,40.87114202456565],[-73.80832774675743,40.87122308283687],[-73.80839069868948,40.871161241149494],[-73.80867306763187,40.87119983124488],[-73.80869776542085,40.871342824439694],[-73.80876710440926,40.87124287306207],[-73.80924423453129,40.87122460147253],[-73.80918048390507,40.87112728854939],[-73.80884896954049,40.871152471446884],[-73.80855436095274,40.87100426493758],[-73.80857963454334,40.87094712499016],[-73.80841020282985,40.87092778352045],[-73.80847970651232,40.870770651040324],[-73.80841712571521,40.870703835555645],[-73.80872549256146,40.87043273548407],[-73.80769582249303,40.870450476948164],[-73.80754063636171,40.870377552173665],[-73.80753683775738,40.87017761974071],[-73.80795388423176,40.86987355106875],[-73.80799645587938,40.869699492035366],[-73.80809241602869,40.86970459544227],[-73.80815376369438,40.86956871395888],[-73.8083738765246,40.8694261268968],[-73.80848997522054,40.86943584919695],[-73.8084085098663,40.86938806264186],[-73.8084326890101,40.869275169985755],[-73.80859346552839,40.86924684675869],[-73.80874947821162,40.86912893016251],[-73.80870942498512,40.86908693085252],[-73.80842773749417,40.869250383062806],[-73.80837762521674,40.869214085177724],[-73.80802530952337,40.86948987562664],[-73.80785387653275,40.86972975164993],[-73.8071558995549,40.86971333884477],[-73.80692538720513,40.869545222052395],[-73.80672958392853,40.86952964580061],[-73.80678129214024,40.86901700678528],[-73.80694997701814,40.868859087825584],[-73.80659584356715,40.86889470950457],[-73.80655084260202,40.86882792244258],[-73.80674194096491,40.868733893529956],[-73.80655362773258,40.86873357799051],[-73.80655392715288,40.8686306521767],[-73.80638494071619,40.868597714950035],[-73.80626076032243,40.86842430769314],[-73.80605635693223,40.868433996123045],[-73.80585685950578,40.86830736096829],[-73.80549772384873,40.86833725211709],[-73.80541021887358,40.8682093995515],[-73.80528689255252,40.86831021192855],[-73.8050120101524,40.86825154262118],[-73.80494293943276,40.86830010095804],[-73.80487266170081,40.86823330232991],[-73.80470364425025,40.867621401112075],[-73.80473569836649,40.86665506589653],[-73.80448519104667,40.866683157535704],[-73.8044304475561,40.86684782650942],[-73.80428021212369,40.866841235377784],[-73.80399555776621,40.86712591583081],[-73.80385280781442,40.867166484800215],[-73.80359915455679,40.867090388570176],[-73.80315252630896,40.867102301324806],[-73.8031110234224,40.86702301843349],[-73.80291387022217,40.86697824729398],[-73.80305552444678,40.8668355352656],[-73.80299926532246,40.866756815485076],[-73.8030987400317,40.86654970307187],[-73.80301876240081,40.866531696347046],[-73.80309503819524,40.86621018247283],[-73.80300695884918,40.86574900707735],[-73.80248109960186,40.86562558618195],[-73.80230488072836,40.86562291243208],[-73.80224855165267,40.865750241081315],[-73.802052959404,40.86567203563359],[-73.80197789634363,40.865827647319364],[-73.80177259934493,40.86587684991389],[-73.80175234561071,40.866414830746706],[-73.8013686244767,40.86688139506419],[-73.80134009934908,40.86706540355329],[-73.80074078741549,40.86789971069077],[-73.80070065113763,40.86814093848431],[-73.79996385367663,40.86887528934578],[-73.79994477639549,40.86901684011546],[-73.79961710807657,40.86944102023564],[-73.7995694903776,40.86973888543739],[-73.79935424573821,40.86982888064352],[-73.79890217595089,40.87079736298944],[-73.79839280194481,40.87161475026195],[-73.7980685220546,40.871878713190796],[-73.7977404198542,40.87234517694846],[-73.79697064616056,40.87251425461611],[-73.79693375040563,40.87262338049711],[-73.79479044681598,40.873200484034165],[-73.79397363771507,40.87456659456733],[-73.79357210883427,40.87612105880617],[-73.79359605330511,40.876720732726156],[-73.79316703778704,40.877055639066654],[-73.79422169990922,40.87738237046652],[-73.79440294586094,40.87764184350173],[-73.79384702788154,40.87859445979098],[-73.79299880220003,40.8791468626748],[-73.79303879521895,40.87941535656311],[-73.79289389454404,40.879577109995104],[-73.7926048506947,40.87965759737301],[-73.79219070342037,40.879590140879706],[-73.79196782153977,40.879695104462],[-73.79189457480567,40.87992792976293],[-73.79173095418422,40.88005152743701],[-73.79095239067752,40.880073944963016],[-73.7906312445903,40.88037832943059],[-73.79063067437373,40.88055940200985],[-73.79080595419254,40.88072173335958],[-73.79076163255088,40.88084078046473],[-73.78955872944293,40.8812612849156],[-73.78905904197312,40.88121412347867],[-73.78911096048007,40.88068052742299],[-73.78931835780448,40.88057867009208],[-73.78912020636906,40.88008021099363],[-73.78947797770486,40.87977106364076],[-73.78975914817839,40.87975126535284],[-73.79006332860774,40.87959466151503],[-73.78952309302746,40.87899812655697],[-73.78827313470907,40.878873573154436],[-73.78775900791796,40.8789732389805],[-73.78611470510785,40.879057892653215],[-73.78589457534795,40.87888769314296],[-73.78523624379389,40.878619624259414],[-73.7844329538062,40.87852758944487],[-73.78421715885797,40.87828178375187],[-73.78418223661545,40.87772136350654],[-73.78449730827916,40.87691432457005],[-73.78481030732831,40.876865273521354],[-73.78467950655146,40.87606091820586],[-73.78484429874727,40.87606122555443],[-73.78495492975732,40.87582317644142],[-73.7852535164841,40.875700056946044],[-73.78542459134646,40.875485302024536],[-73.78540372853972,40.875337686859375],[-73.78569560889045,40.87541020341061],[-73.78596227631884,40.87513865303466],[-73.78624923906382,40.87447792792783],[-73.78610640662673,40.874353762439675],[-73.78653936749643,40.87430660924396],[-73.78662734521443,40.874073748649465],[-73.78691061020376,40.87398751796683],[-73.7870137725459,40.873788618276095],[-73.78713685554447,40.8727604658903],[-73.78676993497902,40.872526493745625],[-73.78624874452605,40.87238284677232],[-73.7854947160274,40.87315954849523],[-73.78528234706788,40.87355565411938],[-73.78508139592718,40.87358996221956],[-73.78500714623672,40.87351902540724],[-73.78510987200406,40.87329763926234],[-73.78547685823193,40.87292036562341],[-73.78553456958697,40.87254402950554],[-73.7854661029339,40.872362828170715],[-73.7855416157907,40.872305787639775],[-73.7855472958355,40.87202403591782],[-73.78521974032056,40.871634753409154],[-73.7848801469335,40.87234042855528],[-73.7840152230201,40.87376790371924],[-73.78340673949684,40.87371717103243],[-73.78323782844447,40.87353816218767],[-73.7833611602986,40.87325606230543],[-73.78365814388025,40.873142256002886],[-73.78374538347298,40.87299620872734],[-73.78384861785185,40.87301228736528],[-73.78395100413773,40.872896330018314],[-73.78372626698895,40.87266454767549],[-73.78374983772476,40.872499550755755],[-73.78314993990197,40.87229655275554],[-73.78306853425862,40.872153576425525],[-73.78306065005239,40.8716806873641],[-73.78324749452524,40.871255170063534],[-73.78319149451481,40.87093021835954],[-73.78328614178682,40.87069891608],[-73.78351040908998,40.87050277569807],[-73.7835304895217,40.87035986050026],[-73.7838790793907,40.87025329978551],[-73.78429649061663,40.869777569642736],[-73.78488459457503,40.869514043541855],[-73.78560245305442,40.86834165222387],[-73.78569446764097,40.8683698895189],[-73.78558313092782,40.86917222611082],[-73.78595115207338,40.86932175714071],[-73.78715057429338,40.86934087949453],[-73.78858339378358,40.86917114124368],[-73.78914576185362,40.86906204614883],[-73.79025594388429,40.868492199936206],[-73.79088827555245,40.86801189571913],[-73.79153128143534,40.867318044282634],[-73.7919818296497,40.866468904212034],[-73.79223025408633,40.86525725932752],[-73.79223476071942,40.86464339622553],[-73.79211624090719,40.86383012269572],[-73.79185744851901,40.86303582497201],[-73.79146291125284,40.86227438460017],[-73.79188014597912,40.86125563170728],[-73.79189070744705,40.86107122186013],[-73.79304413523782,40.86079333748064],[-73.7935953273796,40.86051731268542],[-73.79385537658263,40.86014609867967],[-73.79385104632647,40.860024580538244],[-73.7937194216387,40.85996716428014],[-73.79399742247392,40.85987831527377],[-73.79412037337143,40.8596962681982],[-73.79417748976509,40.85949266221249],[-73.79412171243924,40.85931765730346],[-73.7945504747362,40.85888826780079],[-73.79487469148799,40.85807556038882],[-73.79448052162813,40.85700449631235],[-73.79427333693027,40.85680071797417],[-73.79435005934272,40.85652702380403],[-73.79461709056872,40.85643644896165],[-73.7948902354297,40.856562024219116],[-73.79558880172944,40.85651323676687],[-73.79685461759917,40.85626435821358],[-73.7975161690498,40.8556009449575],[-73.79798533480687,40.854848933098474],[-73.79824950227383,40.854795985109824],[-73.79853274126864,40.85500533310464],[-73.7987225560008,40.854914401172785],[-73.79904776834825,40.85405156055061],[-73.79902419392448,40.8539572676523],[-73.79864274329609,40.8533574599262],[-73.79795583310546,40.852988329711316],[-73.79780522990897,40.85194959759211],[-73.7981936599684,40.85059256140686],[-73.7993204316036,40.849912774874134],[-73.7998776779705,40.84898152519412],[-73.80009912705047,40.84829841339763],[-73.80040387558192,40.848108221073645],[-73.80093628442474,40.84830329417918],[-73.80146735253476,40.8487702139625],[-73.80166577561202,40.849154627827716],[-73.80173835350993,40.84985641884375],[-73.80197064757184,40.8503826760682],[-73.80260779204964,40.851363674967665],[-73.80378369924797,40.85273925768612],[-73.80417557932397,40.85334012018936],[-73.80452526711176,40.85485186479956],[-73.80428420509041,40.85513080748083],[-73.80367116528211,40.85530739565654],[-73.80352359791945,40.85555669481545],[-73.80383737490631,40.8564884565043],[-73.80413784756402,40.85784176037583],[-73.80420585726534,40.85895904893271],[-73.80449817480466,40.85943825284565],[-73.80464293882136,40.85996820207511],[-73.80468371760045,40.860810905723085],[-73.80460527768878,40.86121718149548],[-73.80473234282043,40.861479639615794],[-73.80498671088915,40.86169001213325],[-73.80532161590213,40.861820020458914],[-73.80569518208432,40.86185340851781],[-73.80601085112782,40.86177306539543],[-73.80615959245605,40.86164475665195],[-73.80624571930763,40.861427484442665],[-73.80582041215932,40.86003461146447],[-73.80613057038929,40.85988100064549],[-73.80655629956391,40.85981792660284],[-73.8071130435446,40.86012108159857],[-73.80741432423729,40.86011443766042],[-73.80768771350975,40.85998623558492],[-73.80817870447245,40.85948671567559],[-73.80866731589747,40.86004422184906],[-73.80940628102296,40.860547952221495],[-73.81011790183739,40.861348729042014],[-73.81045556571031,40.86191812870312],[-73.81082270026276,40.86206899176354],[-73.81085022792251,40.862331993972205],[-73.81159565202627,40.86264738053452],[-73.81225495330845,40.862745768763155],[-73.81232441181933,40.8628865809211],[-73.81293557920816,40.86321662402949],[-73.81327423918889,40.86322083863628],[-73.81372780522655,40.863871366618646],[-73.81404089680626,40.86386039503266],[-73.81395190872817,40.86406456514236],[-73.81400877754525,40.86408603364956],[-73.8142288047771,40.86386339853573],[-73.81412572186652,40.863727556314025],[-73.81437997747572,40.863254397843434],[-73.81459579279993,40.86308816589634],[-73.81493208809081,40.86302954656327],[-73.81501897203428,40.86312252536505],[-73.81510315384149,40.86305746536796],[-73.81641392102583,40.86118062820666],[-73.81549293707786,40.86095528723991],[-73.81526321415134,40.86111774762778],[-73.81479629757474,40.86112895624439],[-73.81485206024097,40.860900990310085],[-73.8138180258687,40.860548278670905],[-73.81273146495035,40.85887754194796],[-73.81230602708416,40.85416202647344],[-73.81640870908151,40.85408225461233],[-73.81657711471426,40.85382242670207],[-73.81684981404429,40.853284683004375],[-73.81698577759573,40.852638332912846],[-73.81714840658867,40.85230235734878],[-73.81719039626154,40.85176989361146],[-73.81691542317304,40.85167352556728],[-73.81706907886695,40.85158468973463],[-73.81712409042197,40.85126957344493],[-73.81685873870755,40.85095737599888],[-73.81632663289388,40.85084346721838],[-73.81622718968806,40.850908405239174],[-73.81604706927645,40.85077792654637],[-73.8157137849466,40.85081620384502],[-73.81603568133824,40.8506026691165],[-73.8159652855017,40.850389525194686],[-73.8161947241598,40.85037793984378],[-73.81628619094234,40.850194576449205],[-73.81565279058769,40.849349837628544],[-73.81544040466153,40.84919439608589],[-73.81520965132282,40.849230762978806],[-73.81514191918511,40.84908061323781],[-73.81630119152038,40.8485721729063],[-73.82014043614454,40.848020598550825],[-73.82048405462835,40.848501026130556],[-73.82495697574898,40.84610544480085],[-73.82517998938586,40.84270005947733],[-73.82624132843662,40.84299359414358],[-73.82611300556735,40.84533869376915],[-73.82617013916081,40.84557398847228],[-73.82657840113727,40.84648372329705],[-73.82799994448256,40.84863235104752],[-73.82785535337459,40.84973868647119],[-73.82713133237068,40.85187108152587],[-73.82737835678005,40.85281795966824],[-73.82723026060165,40.853350756948075],[-73.82860197010739,40.8557178480952],[-73.83129157639193,40.85543410585368],[-73.8316821363003,40.85549541565914],[-73.83232100237727,40.8557360174683],[-73.83281265205423,40.85597971338594],[-73.83285111160757,40.85608915212243],[-73.8320799960156,40.85666897576305],[-73.83121095817903,40.85749802402025],[-73.82840758909636,40.86094830120016],[-73.82802069970285,40.860641539706414],[-73.82749933534186,40.85995122793739],[-73.82721769385078,40.8592065770412],[-73.82156665177095,40.861025418719414],[-73.82018351479731,40.86163551614785],[-73.8191559656731,40.862298818425664],[-73.81684495841901,40.86430679330122],[-73.81699760178155,40.86445903114187],[-73.81578763977808,40.86575806143744],[-73.82126543671274,40.86907454348972],[-73.82329599275971,40.873097418177096],[-73.82110268477805,40.87896924535947],[-73.82005445513143,40.882114129067745],[-73.82023958327838,40.88549105235241],[-73.8162372927609,40.88651355705155],[-73.8140819927236,40.88673402025206],[-73.81240124828332,40.886631193040344],[-73.8079021707881,40.8857804602845]]]]}},{"type":"Feature","properties":{"ntaname":"Financial District-Battery Park City","boroname":"Manhattan","ntatype":"0"},"geometry":{"type":"MultiPolygon","coordinates":[[[[-74.00026872245725,40.69496580308072],[-74.00095868350955,40.6940690835824],[-74.00301393697016,40.694777844479354],[-74.00239802583796,40.69571165536724],[-74.00026872245725,40.69496580308072]]],[[[-73.99837760531686,40.698063296146245],[-73.99887117053628,40.69715757704475],[-74.00104903057519,40.69790823569245],[-74.00048768562517,40.6987577781373],[-73.99837760531686,40.698063296146245]]],[[[-73.99749898221943,40.6996388693214],[-73.99802102681083,40.69876173657396],[-74.00001840433615,40.69946604807386],[-73.99947463838915,40.70032277751597],[-73.99749898221943,40.6996388693214]]],[[[-73.99513826774651,40.70297411472304],[-73.99669768931422,40.700876976917264],[-73.9968218908586,40.70099078282804],[-73.99776011033609,40.70135941487689],[-73.99780162786301,40.70131939476647],[-73.99813879899439,40.7015187882486],[-73.9961922722873,40.70337714136688],[-73.99513826774651,40.70297411472304]]],[[[-73.99504592704292,40.70313183979977],[-73.99544564312066,40.70327530597453],[-73.99529346700928,40.7035540658982],[-73.99480038186812,40.7032919586447],[-73.99504592704292,40.70313183979977]]],[[[-73.99476934125522,40.703952894953716],[-73.99488239836394,40.703788025837596],[-73.99502925916445,40.703808200365636],[-73.99488204726403,40.70400865389539],[-73.99476934125522,40.703952894953716]]],[[[-74.01229165885206,40.719038949203906],[-74.0131023668765,40.715619146665695],[-74.01372415026891,40.71367830965943],[-74.00860085337284,40.71139223970921],[-74.00834760912973,40.7113585455542],[-74.00796787713409,40.71144733312347],[-74.00821614494366,40.711522109956576],[-74.00820377156768,40.71163257647552],[-74.00807945606867,40.711720889214796],[-74.00750661107317,40.71166896363562],[-74.00527561892594,40.71224944049555],[-74.00485768021677,40.71245254111717],[-74.00429113759452,40.71290782569612],[-74.00448924609401,40.71254672281624],[-74.00441668908871,40.71219387327817],[-73.99913434786868,40.707982396946136],[-73.99953839659445,40.70769347002584],[-73.99960948039234,40.70775997317651],[-73.99994855949784,40.7075914963712],[-74.00023380459713,40.707347142989605],[-74.0011868526283,40.70685982526937],[-74.001131305772,40.70679905018215],[-74.0012321369196,40.706740335926],[-74.00098276691729,40.706416713495734],[-74.00140666691954,40.70617938802082],[-74.0005924020935,40.70541007840852],[-74.0014543741884,40.70487330292971],[-74.00206142563806,40.70541700463581],[-74.0021581834855,40.70535711911875],[-74.00256965059467,40.70552357952368],[-74.00268512702752,40.70544924811889],[-74.00197070397945,40.70473786748226],[-74.00217184941894,40.70460659646387],[-74.00233344621164,40.70474813530719],[-74.00243071075859,40.70467785800456],[-74.00248790148636,40.7047337600867],[-74.00238670740679,40.70479566367467],[-74.00332307270787,40.70562859522028],[-74.00383327532255,40.70530324352915],[-74.00366217837693,40.70514975923677],[-74.00355259950756,40.70516644083442],[-74.00363086901315,40.70512355144667],[-74.00262896407828,40.70422295278164],[-74.00286689781494,40.7040752255118],[-74.0040566643926,40.70514736343912],[-74.00602048555055,40.703874900102086],[-74.00614106753558,40.703980973938194],[-74.00659591913875,40.70368590245202],[-74.0054838408244,40.70271432213423],[-74.00552682615235,40.70268528761731],[-74.00530412596079,40.70255986563326],[-74.00549427805096,40.70243138095063],[-74.00561361797627,40.702530242032516],[-74.00553546138167,40.702645520604435],[-74.00567522249844,40.702584071695206],[-74.00678502191037,40.70356812690033],[-74.007519052838,40.70312182023731],[-74.00769798694172,40.70284927854697],[-74.00929072600606,40.701930071822154],[-74.00869964313567,40.701139867542445],[-74.00775549084597,40.701548001672066],[-74.00759136204209,40.70132808054572],[-74.00853611510774,40.70091969574527],[-74.00834927559107,40.70066934889101],[-74.00862036163858,40.70055216321093],[-74.00958483017598,40.70183738506087],[-74.0111808830355,40.701451392756496],[-74.01110775373036,40.70127576447388],[-74.01128983905515,40.701249981741896],[-74.0112097577877,40.70104458327395],[-74.01112868539609,40.70106489745062],[-74.01079959311001,40.700207213007204],[-74.01115033556847,40.7008984006037],[-74.01135836291346,40.700851958133974],[-74.01133409410411,40.70056835317987],[-74.01150291143712,40.700815058974406],[-74.01172926817485,40.700770118562474],[-74.01163147918658,40.700458218750924],[-74.0117260583568,40.70047860442209],[-74.01185378549584,40.70073892145034],[-74.01208668148655,40.700681308739476],[-74.01185672556994,40.70010710340862],[-74.01196196116912,40.700037545595684],[-74.01208842091677,40.70008658368967],[-74.0123916003227,40.70062052759165],[-74.01259392327508,40.70057083347261],[-74.01251511280124,40.70015049211099],[-74.01261382087355,40.70010826530868],[-74.01290881793956,40.70052361169369],[-74.01310747847366,40.70050745218087],[-74.0130118926586,40.69981825663142],[-74.0131130382629,40.69977416488031],[-74.0132734948308,40.70049687022799],[-74.01348560832749,40.700478223411174],[-74.01353285018092,40.70010816092084],[-74.01367479248763,40.7001258219537],[-74.01353047708436,40.70031110084938],[-74.01355826959482,40.700939870830716],[-74.014339208975,40.7011326811046],[-74.01370775408019,40.70107027893073],[-74.0139791258922,40.70153107161297],[-74.01401128818107,40.70197612433082],[-74.01381169572892,40.702120930132345],[-74.01383440917506,40.70240570154095],[-74.0142624932251,40.70279900166708],[-74.01442983104556,40.70315064778921],[-74.01428922860929,40.7045490758554],[-74.01565756552223,40.7048330880534],[-74.01662761095643,40.704799431339794],[-74.01663729183826,40.70463341171516],[-74.01684600635767,40.70463488658983],[-74.01713123827543,40.70428253640634],[-74.01757035573978,40.70418388098684],[-74.01779454388212,40.7042348975992],[-74.01785585605876,40.704078847113394],[-74.01775054854795,40.7040548833965],[-74.01779139237412,40.70395091308651],[-74.01780821658902,40.704031964479924],[-74.01791229282183,40.704054497151255],[-74.01795473916604,40.70397578661407],[-74.01784441018671,40.70424203993822],[-74.01844704604943,40.704162354962186],[-74.01865886498037,40.70442877929029],[-74.0175164637148,40.704580624652685],[-74.01748090483295,40.70466726085802],[-74.01802418707251,40.70464575034659],[-74.01811302905885,40.704553602333924],[-74.01888747947991,40.704729142804425],[-74.01934254624453,40.70609367202473],[-74.01912275963426,40.70697581484019],[-74.01863058372699,40.707139715269456],[-74.0185471847535,40.70710777076697],[-74.01876193971357,40.707075784862056],[-74.01884889814522,40.70697031285298],[-74.01864794474119,40.707017819578645],[-74.01853513269678,40.70691832251682],[-74.01819029259627,40.70782162560752],[-74.01865557049634,40.70792394838087],[-74.01885500911968,40.708047534447644],[-74.01811057789187,40.71102962871723],[-74.01777014254499,40.71283457478935],[-74.01772148946101,40.71278414410806],[-74.01780037888389,40.71234512415872],[-74.01662424425272,40.71215731849296],[-74.01654463812528,40.712456037931176],[-74.01661840078312,40.712756150532435],[-74.01639169485816,40.71309999795089],[-74.01632006627594,40.71340798298106],[-74.01757952508993,40.71359549038384],[-74.01767041664046,40.71306920796531],[-74.01772496219296,40.71307018162294],[-74.01671018605823,40.718624176058164],[-74.01500060682395,40.718449235552605],[-74.01494515549345,40.71854353557991],[-74.01321322719193,40.718315719895976],[-74.0130306812643,40.71913145581929],[-74.01229165885206,40.719038949203906]]]]}},{"type":"Feature","properties":{"ntaname":"Tribeca-Civic Center","boroname":"Manhattan","ntatype":"0"},"geometry":{"type":"Polygon","coordinates":[[[-73.99931241612073,40.71755024177758],[-74.00078955054066,40.71529096840161],[-74.00052734788574,40.715170059365484],[-74.00045462977894,40.71436504759906],[-74.00074652283325,40.714510353738596],[-74.00096840382477,40.713905596114685],[-74.00156635547326,40.71368306399954],[-74.00093174200283,40.713263253045476],[-74.00086402815117,40.71161954970954],[-74.0007658208999,40.71131865024449],[-74.0005098596514,40.71098427045357],[-74.00141934562184,40.709814795772104],[-74.00441668908871,40.71219387327814],[-74.00448924609401,40.71254672281624],[-74.00429113759458,40.71290782569612],[-74.00485768021683,40.71245254111714],[-74.00527561892599,40.71224944049555],[-74.00750661107321,40.71166896363562],[-74.00807945606873,40.71172088921477],[-74.00820377156766,40.71163257647553],[-74.00821614494373,40.71152210995657],[-74.00796787713409,40.71144733312347],[-74.00834760912973,40.7113585455542],[-74.00860085337284,40.71139223970921],[-74.01372415026891,40.71367830965943],[-74.0131023668765,40.71561914666567],[-74.01229165885212,40.71903894920386],[-74.01303068126435,40.71913145581929],[-74.01290892764018,40.71973485170661],[-74.01345505633182,40.719801707426384],[-74.0134137651288,40.72001948251695],[-74.01637848291469,40.72037660832847],[-74.0163057327678,40.72072702003839],[-74.01299980679079,40.720333090750216],[-74.01289730270861,40.72086804547342],[-74.0156947190724,40.72120642537813],[-74.01562245781948,40.7215434536739],[-74.0131606660723,40.72125396319485],[-74.01311663311986,40.72147373402834],[-74.01363523640485,40.721516560631976],[-74.01361558335005,40.72158618255959],[-74.01253875807262,40.72150317657655],[-74.01196432049132,40.724329864742494],[-74.01123470847256,40.72426563295224],[-74.0109227719211,40.725794151348516],[-74.01081238106582,40.7257898025561],[-73.99931241612073,40.71755024177758]]]}},{"type":"Feature","properties":{"ntaname":"The Battery-Governors Island-Ellis Island-Liberty Island","boroname":"Manhattan","ntatype":"9"},"geometry":{"type":"MultiPolygon","coordinates":[[[[-74.00816414527883,40.68617471716172],[-74.01193259845039,40.68388774915527],[-74.01217596614644,40.684095186131245],[-74.00835446532169,40.6864001997483],[-74.00816414527883,40.68617471716172]]],[[[-74.00500373227042,40.68760598540112],[-74.00562986242365,40.68678420604387],[-74.00783293766679,40.687385055162935],[-74.00742012154092,40.6882062904361],[-74.00500373227042,40.68760598540112]]],[[[-74.00382038787677,40.68892964469957],[-74.00459270367709,40.68821522298688],[-74.00678438439806,40.688826879958455],[-74.00636461225267,40.68966966913975],[-74.00382038787677,40.68892964469957]]],[[[-74.0053420962491,40.69109160297808],[-74.0029756532651,40.690426575920945],[-74.00340921492469,40.689613261160325],[-74.0057590067034,40.690236399513836],[-74.0053420962491,40.69109160297808]]],[[[-74.04387761573912,40.69018767587425],[-74.04350596012536,40.689687359636544],[-74.04273533827015,40.690050191923255],[-74.04278433247953,40.69012097669182],[-74.04270428360734,40.69015520464474],[-74.04255371949304,40.68996275979275],[-74.04263929239139,40.689928176414064],[-74.04269380753186,40.68999725961028],[-74.04346752244265,40.68963699060648],[-74.04364078539413,40.68876656007328],[-74.04397458468152,40.68858240705643],[-74.0443852164526,40.688516178906],[-74.04478399040363,40.68859566011611],[-74.04627538871647,40.68932742640004],[-74.04680284832578,40.6899532567691],[-74.04747651462338,40.68961136999852],[-74.04772962631084,40.68991531947191],[-74.04758571858791,40.68998250732919],[-74.0474312599149,40.689803890974204],[-74.04689205434565,40.69005909832307],[-74.04720029300219,40.6904248156242],[-74.04711050566554,40.69047041285086],[-74.04711581910307,40.69065580611891],[-74.04723192739723,40.69084978856174],[-74.04717029423433,40.69099132974814],[-74.04614707120624,40.69112264603372],[-74.04460616394883,40.69057348495138],[-74.04387761573912,40.69018767587425]]],[[[-74.0019931771272,40.69232868290959],[-74.00179839760033,40.69227001601038],[-74.00216095439973,40.692238141370154],[-74.00206329791222,40.69244400083749],[-74.00195060812472,40.69241207509517],[-74.0019931771272,40.69232868290959]]],[[[-74.0019693846005,40.69184320932286],[-74.00132562245747,40.691463100332285],[-74.00069905775847,40.69061185841928],[-74.00479415294552,40.69176162037463],[-74.00440941259978,40.69252880089208],[-74.0019693846005,40.69184320932286]]],[[[-74.01674756096051,40.693343367715244],[-74.01540359141647,40.693066497309346],[-74.01538919768244,40.693298134665696],[-74.01517482202624,40.69325668033567],[-74.01525474322258,40.69320689118408],[-74.01525950969612,40.693036814232194],[-74.01512878294322,40.69324379583458],[-74.01494315033477,40.69314102193105],[-74.01515612159491,40.69301551489182],[-74.01422123084885,40.692822905339064],[-74.01343563361445,40.69211544203165],[-74.01250258675178,40.692303580463125],[-74.01229731492539,40.69256825433269],[-74.01204369179824,40.69260181662171],[-74.01181185647239,40.69247933556713],[-74.01175749051248,40.69226373956171],[-74.01190309722547,40.69209058300551],[-74.0122011411637,40.6920449050963],[-74.01246140165121,40.692212624416044],[-74.01333264083574,40.692019970102635],[-74.01325528633309,40.69191681649405],[-74.01318656537046,40.691957928412826],[-74.01291228751684,40.69169073083398],[-74.01289688430363,40.69157689600307],[-74.01260856859385,40.69136410362477],[-74.0120341761657,40.691503076685855],[-74.01259753152559,40.691334335042086],[-74.01252783209975,40.691146337338125],[-74.01182575354973,40.691064816216326],[-74.01182847957566,40.69101135826716],[-74.01219500090085,40.69102884756899],[-74.01221017410677,40.69079169680143],[-74.01197151318827,40.69077095601231],[-74.01198056761253,40.690606407774574],[-74.0120495985061,40.69061054804425],[-74.01214221600911,40.690454287807384],[-74.012231311469,40.69046133077533],[-74.01230688304496,40.68928018344037],[-74.01316926402744,40.68815477019823],[-74.01488097975005,40.68725457048876],[-74.01604730539523,40.6873380062979],[-74.01704986609202,40.68687598691407],[-74.01664664084744,40.68641634673092],[-74.0151516167432,40.68652480204194],[-74.01514391088013,40.68643703404314],[-74.01667351529993,40.68630516855373],[-74.01678113957146,40.68634903791936],[-74.01712099101067,40.68684333763678],[-74.02054367293066,40.685272067423575],[-74.020206867105,40.68483383207212],[-74.01945957389425,40.68515495792264],[-74.01939842391928,40.685087404047415],[-74.02095255010306,40.68438443214996],[-74.021008778993,40.684453539084494],[-74.02027819846477,40.684809134672086],[-74.02061267235811,40.68524039019826],[-74.02224078898496,40.68451840709691],[-74.02211854383413,40.68435195080165],[-74.02225477659624,40.68441886302576],[-74.02219841909843,40.684318246629786],[-74.02233552903563,40.68447639360439],[-74.02259359581053,40.684359696452695],[-74.02213250186844,40.68376767138025],[-74.02305574749595,40.68291694544531],[-74.02319462834663,40.683000498062334],[-74.02236823557682,40.683779917296775],[-74.0227589902996,40.68428444833244],[-74.02354160370125,40.68400298359273],[-74.02464809241233,40.68397856661326],[-74.02567183758212,40.684236456205234],[-74.02633404242411,40.684801697724396],[-74.02657640943092,40.685241663038276],[-74.02662819083879,40.68552680525245],[-74.02657021545328,40.685905384681554],[-74.02642577243199,40.68617533982982],[-74.02020527434277,40.69203392385446],[-74.01973308200053,40.69311410708301],[-74.01934366784627,40.69322898888439],[-74.01674756096051,40.693343367715244]]],[[[-74.00127014902638,40.693296062679124],[-74.00174362045013,40.69240674970571],[-74.00400795971098,40.69320819963255],[-74.00345348490625,40.694051630671524],[-74.00127014902638,40.693296062679124]]],[[[-74.03995040722508,40.70089063114571],[-74.03945262869286,40.700533160075395],[-74.03938278052841,40.70057769506427],[-74.03771124708588,40.699344040348215],[-74.03809786060721,40.69903950574749],[-74.03822954379386,40.69836859220072],[-74.03900043789976,40.6983698903915],[-74.0393403760411,40.69811551483639],[-74.0412426176618,40.69953674143529],[-74.0417476880198,40.69914786356712],[-74.03991248806584,40.6977020403988],[-74.04166051826829,40.69645297214284],[-74.04367371164739,40.698020404330556],[-74.0427039572267,40.69880060058719],[-74.04296505161545,40.69899936282776],[-74.0410986117106,40.70049294389269],[-74.04080080558192,40.70026854992705],[-74.03995040722508,40.70089063114571]]],[[[-74.01662761095643,40.704799431339794],[-74.01539758528025,40.70480014976245],[-74.0142706576719,40.70452023021404],[-74.01442983104556,40.70315064778921],[-74.0142624932251,40.70279900166708],[-74.01383440917506,40.70240570154095],[-74.01381169572892,40.702120930132345],[-74.01401128818107,40.70197612433082],[-74.0139791258922,40.70153107161297],[-74.01370775408019,40.70107027893073],[-74.014339208975,40.7011326811046],[-74.01395152602434,40.70099098296295],[-74.01422063195479,40.700111490863314],[-74.01430981586151,40.700134101515836],[-74.014152387873,40.70057786578371],[-74.01428920741134,40.70064414476527],[-74.01467119991996,40.7002104006947],[-74.01432384363015,40.700661304127344],[-74.01464323234912,40.700817304325284],[-74.01506818269299,40.70031825755512],[-74.01509832270138,40.700334266026196],[-74.01467365628477,40.70083460852601],[-74.01502113595637,40.7009925040137],[-74.01514231812101,40.70084289235444],[-74.01579351711148,40.701346905807675],[-74.01714508062653,40.70270534997635],[-74.01749381162738,40.70315484245515],[-74.01766881307255,40.70359131296524],[-74.01787839274608,40.70353850854006],[-74.01789088495346,40.7036252072693],[-74.0176713202028,40.70360642788656],[-74.01765461989739,40.704009682569954],[-74.01757035573978,40.70418388098684],[-74.01713123827543,40.70428253640634],[-74.01684600635767,40.70463488658983],[-74.01663729183826,40.70463341171516],[-74.01662761095643,40.704799431339794]]]]}},{"type":"Feature","properties":{"ntaname":"SoHo-Little Italy-Hudson Square","boroname":"Manhattan","ntatype":"0"},"geometry":{"type":"Polygon","coordinates":[[[-74.00281726484997,40.72836312980689],[-73.99677175711443,40.725431943502805],[-73.99532907805332,40.725083740231476],[-73.99260322198438,40.72413644968358],[-73.99480778889196,40.71845742685302],[-73.99605872612268,40.71623164071364],[-73.9985892550198,40.71709951153728],[-73.99931241612073,40.71755024177758],[-74.01081238106582,40.7257898025561],[-74.0109227719211,40.725794151348516],[-74.01123470847256,40.72426563295224],[-74.01196432049132,40.724329864742494],[-74.01165326569942,40.725871761851536],[-74.01231588417463,40.72603384278297],[-74.01520426531143,40.726361949379765],[-74.01512356549462,40.726793942564726],[-74.01154201897604,40.72644734692726],[-74.01138323516679,40.728229272870024],[-74.01064289761028,40.728172108377805],[-74.01054872124601,40.72910068335097],[-74.00281726484997,40.72836312980689]]]}},{"type":"Feature","properties":{"ntaname":"Greenwich Village","boroname":"Manhattan","ntatype":"0"},"geometry":{"type":"Polygon","coordinates":[[[-73.9899029597005,40.73443479013707],[-73.98986852051472,40.733527114554995],[-73.9905055844942,40.730564957742956],[-73.99114315146113,40.72858815765818],[-73.99129790628717,40.72775524906495],[-73.9912343947096,40.72772680526246],[-73.99155207512996,40.72709433722655],[-73.99260322198438,40.72413644968358],[-73.99532907805332,40.725083740231476],[-73.99677175711443,40.725431943502805],[-74.00281726484997,40.72836312980689],[-74.00215659160689,40.72975679045379],[-74.00141242386637,40.73106525649165],[-73.99683993860414,40.73736088990093],[-73.9899029597005,40.73443479013707]]]}},{"type":"Feature","properties":{"ntaname":"West Village","boroname":"Manhattan","ntatype":"0"},"geometry":{"type":"Polygon","coordinates":[[[-74.00915345103353,40.742496188058894],[-74.00869902208262,40.74236172446615],[-73.99683993860414,40.73736088990093],[-74.00141242386637,40.73106525649165],[-74.00215659160689,40.72975679045379],[-74.00281726484997,40.72836312980689],[-74.01054872124601,40.72910068335097],[-74.01064289761028,40.728172108377805],[-74.01439069866335,40.72846304802296],[-74.01408693559907,40.730663172537895],[-74.01116195696476,40.730450676349214],[-74.01099350879163,40.73232041844335],[-74.0109411822674,40.733007762766924],[-74.01400220214607,40.73306800179563],[-74.01399957240966,40.73333227751791],[-74.01090389883285,40.73329761713975],[-74.01072972383811,40.73346340265207],[-74.01086654686934,40.733602738017005],[-74.01083284563205,40.73400709350859],[-74.01201791944403,40.73406374445656],[-74.01200124222385,40.734338400663795],[-74.01081359479102,40.73428344314517],[-74.0106429201788,40.73604869770505],[-74.01073180968531,40.73620416714788],[-74.01061910077432,40.73634539072197],[-74.0104765981442,40.73806394059523],[-74.0110870663594,40.738092749578875],[-74.01106791868261,40.73830409667688],[-74.0111391560257,40.73838986331581],[-74.01045432864593,40.73836450522317],[-74.0103930306848,40.73917429605941],[-74.01158045436232,40.73926453560968],[-74.01163351895192,40.7395064860663],[-74.01155518156285,40.73955672622748],[-74.01146073955348,40.74058421525526],[-74.01215741913097,40.740605998634024],[-74.01215372624051,40.74067425662087],[-74.01265742489994,40.74069665223196],[-74.0126592820849,40.7407476384976],[-74.00963145571748,40.74064536687183],[-74.00949685520361,40.740727011785665],[-74.00941140266131,40.74115409331305],[-74.00966433364141,40.74129880035866],[-74.0096192344045,40.74136361101753],[-74.01020818993538,40.74160753792842],[-74.0103835807221,40.741397854029344],[-74.01139609242074,40.741822813235274],[-74.01083987411933,40.742596734022634],[-74.01029100591911,40.74235852514237],[-74.01012563710833,40.742575831777195],[-74.00932113973238,40.74224424271675],[-74.00919185316725,40.742292631516925],[-74.00915345103353,40.742496188058894]],[[-74.00937125244927,40.742185150284826],[-74.0100880336451,40.74248815567386],[-74.01019827672162,40.74233375374003],[-74.0098223415751,40.74216605205829],[-74.01016559689424,40.7416723485763],[-74.00956912252538,40.741422703061644],[-74.00952151608982,40.74148560794261],[-74.00936174828301,40.7414236242446],[-74.00923779939568,40.74207162766066],[-74.00941384793754,40.742129870171],[-74.00937125244927,40.742185150284826]]]}},{"type":"Feature","properties":{"ntaname":"Chinatown-Two Bridges","boroname":"Manhattan","ntatype":"0"},"geometry":{"type":"Polygon","coordinates":[[[-73.98449647010706,40.7095096644421],[-73.98839064023267,40.70912694916282],[-73.98849727173871,40.70917630579592],[-73.98863658005804,40.7099120615164],[-73.98879717785803,40.70996660747239],[-73.99728287195578,40.708731619843086],[-73.99828602320592,40.708429931467776],[-73.99913434786863,40.70798239694609],[-74.00141934562184,40.709814795772104],[-74.0005098596514,40.71098427045357],[-74.0007658208999,40.71131865024449],[-74.00086402815117,40.71161954970954],[-74.00093174200283,40.713263253045476],[-74.00156635547326,40.71368306399954],[-74.00096840382477,40.713905596114685],[-74.00074652283325,40.714510353738596],[-74.00045462977894,40.71436504759906],[-74.00052734788574,40.715170059365484],[-74.00078955054066,40.71529096840161],[-73.99931241612073,40.71755024177758],[-73.9985892550198,40.71709951153728],[-73.99605872612268,40.71623164071364],[-73.99480778889196,40.71845742685302],[-73.98915463750744,40.716708646771785],[-73.99020235909222,40.714664430893045],[-73.99022012603876,40.71440493989813],[-73.98933656444504,40.71413337601421],[-73.98534404351345,40.714461578232836],[-73.98522844623366,40.71379292643618],[-73.98506509275862,40.71380691898869],[-73.98511380650824,40.713351257026694],[-73.98449647010706,40.7095096644421]]]}},{"type":"Feature","properties":{"ntaname":"Lower East Side","boroname":"Manhattan","ntatype":"0"},"geometry":{"type":"MultiPolygon","coordinates":[[[[-73.98245898564491,40.70554241497245],[-73.9824228717988,40.70582205494961],[-73.98102390618274,40.70589891389373],[-73.9810173390096,40.70579750596535],[-73.98230205183854,40.705736979902404],[-73.98232944150546,40.7055520336641],[-73.98245898564491,40.70554241497245]]],[[[-73.97506051050303,40.718785451244116],[-73.97474239882223,40.71884079474656],[-73.97357185653394,40.71859722992405],[-73.97429237062813,40.716596028168134],[-73.97512899530261,40.71462115669945],[-73.97612368838762,40.71246032590113],[-73.97642872514517,40.71190903250389],[-73.97681883474013,40.71141956702121],[-73.97752668432635,40.710843072733326],[-73.97807974906617,40.7105322505774],[-73.98128647552548,40.71021834788182],[-73.98124579569932,40.709826215104044],[-73.98449647010712,40.7095096644421],[-73.9851138065082,40.713351257026694],[-73.98506509275857,40.71380691898869],[-73.98522844623366,40.71379292643618],[-73.9853440435134,40.714461578232864],[-73.98933656444504,40.714133376014246],[-73.99022012603865,40.71440493989818],[-73.99020235909205,40.714664430893045],[-73.9891546375074,40.71670864677182],[-73.99480778889186,40.71845742685302],[-73.99260322198428,40.72413644968361],[-73.97875234830163,40.71993370711215],[-73.97722379174816,40.719309775859564],[-73.97545167479797,40.718946559928376],[-73.97548131398722,40.71889110782664],[-73.97506051050303,40.718785451244116]]]]}},{"type":"Feature","properties":{"ntaname":"East Village","boroname":"Manhattan","ntatype":"0"},"geometry":{"type":"MultiPolygon","coordinates":[[[[-73.96715101106554,40.71831612593243],[-73.96656241831437,40.71801586680629],[-73.96659690266586,40.71796798189279],[-73.96730741474404,40.71831306668176],[-73.96718243631273,40.718483055799176],[-73.96706867689147,40.71843903579146],[-73.96715101106554,40.71831612593243]]],[[[-73.9664432335092,40.719243203651835],[-73.96650150486249,40.719191280434885],[-73.96632227620144,40.719104052376295],[-73.9663636385141,40.719050456048485],[-73.96574267076741,40.71870687777715],[-73.96663600829616,40.71913014321545],[-73.96646745714561,40.71924344072401],[-73.96651453667191,40.71943097474466],[-73.96644063945848,40.71941999228302],[-73.9664432335092,40.719243203651835]]],[[[-73.96503278262037,40.72037706947495],[-73.96511736757607,40.720316339861505],[-73.96567655698846,40.7206789605406],[-73.96559823311401,40.720744458402685],[-73.96503278262037,40.72037706947495]]],[[[-73.96483433609403,40.720795547440936],[-73.96436107868253,40.72047723987711],[-73.96486440927369,40.72077554186087],[-73.96492581691774,40.72072028444723],[-73.96503100130573,40.720790841371304],[-73.96485304211566,40.72095280435724],[-73.96475287190977,40.720877483340075],[-73.96483433609403,40.720795547440936]]],[[[-73.96402617458521,40.720880893068745],[-73.9640659124426,40.72079991096256],[-73.96437504301146,40.72099255076879],[-73.96430846303322,40.7210556694886],[-73.96402617458521,40.720880893068745]]],[[[-73.96420193010492,40.72065389425693],[-73.96427462409184,40.720575767593864],[-73.96495059736658,40.72142418210708],[-73.96484284863446,40.721464176094834],[-73.96420193010492,40.72065389425693]]],[[[-73.97162697271706,40.726628453499636],[-73.97314808331096,40.71999057325979],[-73.97357185653394,40.71859722992405],[-73.97474239882223,40.71884079474656],[-73.97506051050303,40.718785451244116],[-73.97548131398722,40.71889110782664],[-73.97545167479797,40.718946559928376],[-73.97722379174816,40.719309775859564],[-73.97875234830163,40.71993370711215],[-73.99260322198428,40.72413644968361],[-73.99155207512986,40.72709433722655],[-73.99123439470965,40.7277268052625],[-73.99129790628707,40.72775524906495],[-73.99114315146102,40.72858815765818],[-73.9905055844942,40.730564957743006],[-73.9898685205146,40.733527114554995],[-73.98990295970046,40.73443479013707],[-73.97205015281106,40.72688094679736],[-73.97162697271706,40.726628453499636]]]]}},{"type":"Feature","properties":{"ntaname":"Chelsea-Hudson Yards","boroname":"Manhattan","ntatype":"0"},"geometry":{"type":"Polygon","coordinates":[[[-74.00178824022314,40.76229452014182],[-73.99547450167069,40.759626857017714],[-73.99729876461934,40.75710704073607],[-73.99163271156428,40.75470680500966],[-73.99709902854308,40.747205102042415],[-73.99141858494612,40.74480268299892],[-73.99683993860414,40.73736088990093],[-74.00869902208262,40.74236172446615],[-74.00915345103353,40.742496188058894],[-74.00909156846187,40.74288614856998],[-74.00962015348905,40.74295124788734],[-74.00956843411774,40.74325778522915],[-74.01214813183593,40.74355930154771],[-74.0120900828904,40.74389763815161],[-74.01202085006399,40.743939770208996],[-74.0095120176736,40.74367609325786],[-74.00943800870859,40.743971254970646],[-74.00890032962842,40.7439179270962],[-74.00872986359421,40.74488153782985],[-74.00961227858333,40.744997903150754],[-74.00955832929749,40.74528882529887],[-74.00991660813463,40.74532725550981],[-74.00999822601715,40.74495505930228],[-74.00987211085473,40.74491650162336],[-74.01016790535392,40.744942329709765],[-74.01003848384619,40.74496345858092],[-74.0099739502192,40.745323135109416],[-74.01046920011868,40.74538676602916],[-74.01055044755881,40.74501305670504],[-74.01041937209379,40.74497682366864],[-74.01076419780692,40.745005032020956],[-74.01058579200931,40.74502044656174],[-74.01053106537704,40.745382050389644],[-74.01110359804885,40.745447670244126],[-74.01117183119833,40.74507825878611],[-74.01104459150831,40.74504621240219],[-74.0113876997419,40.745073113185356],[-74.01123037991141,40.74507583016035],[-74.01115419110828,40.745446378084175],[-74.01173958552825,40.74551991869295],[-74.01179527645735,40.74515466698517],[-74.01167067583789,40.74511397683741],[-74.01183642872417,40.74512596367891],[-74.0117827582809,40.74560157225559],[-74.01167885439514,40.7459794618162],[-74.00946389855972,40.74575014365962],[-74.00936362734237,40.74633560247998],[-74.01159123434022,40.74660150547614],[-74.01148373087554,40.74699058876545],[-74.00924314658668,40.746762790251324],[-74.00913736259926,40.74735976280317],[-74.00996384996873,40.747377803012704],[-74.00990158912964,40.74743848434909],[-74.0114067393551,40.74763054956565],[-74.0113035299375,40.748014571909074],[-74.00905847901343,40.74778564533301],[-74.00894606502322,40.74841189316889],[-74.01121561813423,40.7486779927463],[-74.01110891116892,40.749049875417256],[-74.00994817938037,40.748931988508446],[-74.0095617474735,40.749969974696896],[-74.00925340917924,40.749985206224686],[-74.00910453215725,40.750371069730505],[-74.01067737532622,40.75102267497965],[-74.01056463476449,40.751321462604054],[-74.00900098259461,40.750648184285346],[-74.00853256925016,40.75188360880192],[-74.00914082120002,40.75209759409922],[-74.00865115936804,40.75193951211322],[-74.00910757975159,40.75213971211202],[-74.00905774009662,40.75221435124337],[-74.00892887650475,40.75214400187035],[-74.00858095760466,40.75204388241179],[-74.00934089245285,40.752355610048305],[-74.00847895572794,40.75201857141748],[-74.00842636447226,40.75215785023945],[-74.0099905581975,40.75281618714928],[-74.00992010631784,40.75291212501199],[-74.00997058797022,40.75293356415334],[-74.00991916209404,40.753003591459446],[-74.00978913116434,40.75294837059045],[-74.0098877480223,40.752814077653554],[-74.0087921009084,40.75235213787711],[-74.00868792219579,40.75249399913116],[-74.0083535283885,40.75235073984506],[-74.00761949611847,40.75428184127169],[-74.0077440483022,40.75433680243448],[-74.00759618989152,40.75453055123691],[-74.00747157990915,40.75447701941887],[-74.00728499944323,40.75473556820334],[-74.00741362036906,40.754789302669614],[-74.00727181174773,40.75498559503798],[-74.00714468360972,40.754932481173604],[-74.00541885841011,40.75732314085194],[-74.00521187705777,40.757231999042666],[-74.00480392560185,40.75780984316488],[-74.00527894797891,40.75802855492844],[-74.00503105070543,40.75835701597075],[-74.0070035890402,40.759231870843806],[-74.00650687640183,40.75989203231737],[-74.00450483093915,40.75908499705544],[-74.00420629125391,40.759501707688564],[-74.00390742032769,40.75937569218368],[-74.00380657835007,40.759510731466186],[-74.00424697128066,40.75969921467416],[-74.00414863814689,40.759835914170964],[-74.00431889425079,40.75991068626618],[-74.00426869584574,40.75995927901352],[-74.00366891387445,40.75970596957677],[-74.00357251040079,40.759846559475896],[-74.00392854933564,40.76000301972061],[-74.00313338991401,40.76107834509648],[-74.00278691552613,40.76092896970349],[-74.0023352806396,40.761543727001815],[-74.00454520983429,40.76249280144242],[-74.00444951527277,40.76266456720016],[-74.00220082073271,40.76172843272924],[-74.00178824022314,40.76229452014182]]]}},{"type":"Feature","properties":{"ntaname":"Hell's Kitchen","boroname":"Manhattan","ntatype":"0"},"geometry":{"type":"Polygon","coordinates":[[[-73.99612087994674,40.773275391093215],[-73.99416328456314,40.772487190518916],[-73.99383108136979,40.77293178835342],[-73.99359086248553,40.77279008029667],[-73.99341045387395,40.77287889534579],[-73.99332519689008,40.77283148004022],[-73.99378189746184,40.772199091447774],[-73.98236353955835,40.7673880741734],[-73.99163271156424,40.75470680500966],[-73.99729876461925,40.75710704073607],[-73.99547450167074,40.759626857017714],[-74.00178824022314,40.76229452014182],[-74.00153309066982,40.7626445986304],[-74.00375735037694,40.76358224164074],[-74.00361214794175,40.7637770439099],[-74.00138603698596,40.762850095002065],[-74.0009730802201,40.763420271725884],[-74.00314976988986,40.76433288818485],[-74.00294809515715,40.76461683542896],[-74.00322275585363,40.764638037670395],[-74.00310088157151,40.76474574851435],[-73.99992712367724,40.76340652847956],[-73.99962263458175,40.76355908121067],[-73.99915098087908,40.76420525958292],[-74.0022880237148,40.76556154329282],[-74.00202454330329,40.765893266570565],[-73.99888473174973,40.76456937755128],[-73.99857638530527,40.764998607270996],[-73.99868870694563,40.76520856994748],[-73.9984383037147,40.76531621383403],[-73.99828160709531,40.76556777443239],[-74.00157335319162,40.76697719271351],[-74.00131469636003,40.76725111954758],[-73.99806675905349,40.765871881638446],[-73.99737808447956,40.76682338537458],[-74.00064950530414,40.76824523610579],[-74.00038586489072,40.7685041954295],[-73.99715588949206,40.76712869617297],[-73.9964571540504,40.76809881579582],[-73.99973590247859,40.76950617783428],[-73.99947253734007,40.76976421496932],[-73.99707176039315,40.76873264357708],[-73.99702628821062,40.76879551562402],[-73.99715035477142,40.76884738771358],[-73.99701071347721,40.7690287906538],[-73.99689311312365,40.76897962881964],[-73.9965712643956,40.769424568274005],[-73.99902682832892,40.770463272982276],[-73.99876206848202,40.77082505670939],[-73.99631327022085,40.769798836336626],[-73.99588004351683,40.77040057901244],[-73.99601693130079,40.770454849388926],[-73.99590077425023,40.770613123501164],[-73.99576733283621,40.770554595451486],[-73.99542474436292,40.771031615168134],[-73.9957564821289,40.771160668466],[-73.99570859069938,40.77122581253314],[-73.99579774020442,40.77128256276429],[-73.99600175749052,40.77130746533075],[-73.99589990100934,40.77145029908485],[-73.99579117748776,40.77147551932316],[-73.99582805886232,40.77142166722263],[-73.99575123412819,40.77135428177486],[-73.99530566365347,40.771196004909726],[-73.9951239555687,40.77145073876988],[-73.99495733353699,40.77144919069792],[-73.99492582120627,40.77151604240567],[-73.99497688494722,40.77165877542609],[-73.99707328103203,40.772542868399555],[-73.99687291449135,40.77281748122877],[-73.99477407930827,40.77192954753038],[-73.99444501293378,40.77237712658852],[-73.99622972001933,40.77312897454292],[-73.99612087994674,40.773275391093215]]]}},{"type":"Feature","properties":{"ntaname":"Midtown South-Flatiron-Union Square","boroname":"Manhattan","ntatype":"0"},"geometry":{"type":"Polygon","coordinates":[[[-73.98085054350298,40.74775037037825],[-73.98987421282683,40.73540825891736],[-73.98995101378516,40.73502840188908],[-73.9899029597005,40.73443479013707],[-73.99683993860414,40.73736088990093],[-73.99141858494612,40.74480268299892],[-73.99709902854308,40.747205102042415],[-73.99346417670151,40.75219005526781],[-73.98776905879744,40.74978702944447],[-73.98729376963958,40.750451609326205],[-73.98085054350298,40.74775037037825]]]}},{"type":"Feature","properties":{"ntaname":"Midtown-Times Square","boroname":"Manhattan","ntatype":"0"},"geometry":{"type":"Polygon","coordinates":[[[-73.98149121360566,40.767881199603515],[-73.96980028759536,40.762913512630256],[-73.97580739271987,40.75467727461167],[-73.97651569358025,40.754974263345105],[-73.97697378975926,40.75434867554563],[-73.97834876909162,40.752410130141755],[-73.97767660455384,40.752118937380985],[-73.98085054350298,40.74775037037825],[-73.98729376963958,40.750451609326205],[-73.98776905879744,40.74978702944447],[-73.99346417670151,40.75219005526781],[-73.98211061400892,40.767744476546305],[-73.98178946751986,40.767713863520996],[-73.98149121360566,40.767881199603515]]]}},{"type":"Feature","properties":{"ntaname":"Stuyvesant Town-Peter Cooper Village","boroname":"Manhattan","ntatype":"0"},"geometry":{"type":"MultiPolygon","coordinates":[[[[-73.96236596889399,40.72420906211704],[-73.96200744732944,40.72399190160773],[-73.96207271877786,40.72388030090552],[-73.96246789944986,40.72413157960128],[-73.96236596889399,40.72420906211704]]],[[[-73.9750736174147,40.73536962854286],[-73.97474900502543,40.73542518850009],[-73.97444064950444,40.73531677190043],[-73.97395905029705,40.73342116553866],[-73.97385729970425,40.73321630363859],[-73.97367627576054,40.73320593388827],[-73.97386810776189,40.7330656876984],[-73.97341321730873,40.73128241592624],[-73.97300605975387,40.7308231319107],[-73.97196340301227,40.73000037772024],[-73.97151882628022,40.72935136174036],[-73.9714061790853,40.728718763748645],[-73.97155553514926,40.72770310910091],[-73.97165160075588,40.72764321253479],[-73.97168514866578,40.72740588663671],[-73.97149039092838,40.72735009811009],[-73.97162697271706,40.726628453499636],[-73.97205015281106,40.72688094679736],[-73.97566782459063,40.728462532509226],[-73.98255629231726,40.7313501345547],[-73.98238628685739,40.73141124480838],[-73.97946317254214,40.73539192717354],[-73.97857449689259,40.736677281906566],[-73.97854094493694,40.736887659360356],[-73.97833820564574,40.73672147104454],[-73.9750736174147,40.73536962854286]]]]}},{"type":"Feature","properties":{"ntaname":"Gramercy","boroname":"Manhattan","ntatype":"0"},"geometry":{"type":"Polygon","coordinates":[[[-73.978540944937,40.736887659360356],[-73.97857449689259,40.73667728190652],[-73.97946317254231,40.7353919271735],[-73.98238628685746,40.73141124480838],[-73.98255629231735,40.73135013455466],[-73.9899029597005,40.73443479013707],[-73.98995101378516,40.73502840188908],[-73.98987421282683,40.73540825891736],[-73.98407485194073,40.743324718416666],[-73.98085965324304,40.74196976808196],[-73.9826675979102,40.739498439778224],[-73.97805226409517,40.7375539536562],[-73.978540944937,40.736887659360356]]]}},{"type":"Feature","properties":{"ntaname":"Murray Hill-Kips Bay","boroname":"Manhattan","ntatype":"0"},"geometry":{"type":"MultiPolygon","coordinates":[[[[-73.96128450656235,40.73015906220393],[-73.96128261876044,40.730061025512626],[-73.9616867065903,40.7300818693039],[-73.96195920452803,40.72985966844824],[-73.96202496266523,40.72988542223799],[-73.96197794944979,40.72994401874999],[-73.96221474459296,40.72991693527432],[-73.9624854657926,40.729711167112626],[-73.96254933952301,40.72974406834934],[-73.96225228876595,40.72998556647954],[-73.96194409928027,40.729986894374925],[-73.96170724216636,40.73012119529501],[-73.96128450656235,40.73015906220393]]],[[[-73.96329343161838,40.73149557932865],[-73.96171289348555,40.73156611485],[-73.96167446706346,40.73148125455785],[-73.96320076537533,40.73141740112747],[-73.96319829672976,40.7313506874105],[-73.96355911991354,40.73133555339181],[-73.96355164152934,40.73126312024724],[-73.96365939232885,40.73124981148223],[-73.96369938139036,40.73143662006002],[-73.96358410965732,40.73145755028242],[-73.96356661657292,40.731371771152496],[-73.96328095722937,40.731396459605364],[-73.96329343161838,40.73149557932865]]],[[[-73.96051732536237,40.74410534158377],[-73.96056856726295,40.744029666585185],[-73.96067204645479,40.7440512158564],[-73.96064863700711,40.74413031761426],[-73.96051732536237,40.74410534158377]]],[[[-73.97767660455372,40.75211893738103],[-73.97444451493509,40.75076469299489],[-73.9735025572896,40.75206493265777],[-73.97126234383126,40.75112224129957],[-73.96890797166554,40.75011244375033],[-73.96954460583608,40.74920504593271],[-73.96998692011056,40.74886871410219],[-73.96846164115897,40.74829237930537],[-73.96791272906268,40.74797093564212],[-73.96836519324144,40.74743349462033],[-73.96823171715793,40.747368476489434],[-73.96894301109302,40.746518335696685],[-73.9698756140306,40.7454447891378],[-73.96997377026268,40.74549574743079],[-73.97078834776615,40.74440621819312],[-73.97094062960392,40.744471444528195],[-73.97111438057892,40.744204360932514],[-73.97070317531659,40.743990495411545],[-73.97076123524698,40.74394210814445],[-73.97118193576082,40.74410323270803],[-73.97135752941857,40.74383845535967],[-73.97120546301963,40.74377151030149],[-73.97188888913038,40.74272482035568],[-73.97174059715836,40.7426635795091],[-73.97195955856255,40.74233792154389],[-73.97228992099203,40.740721039534534],[-73.97216477368673,40.74067572162674],[-73.97221685422322,40.740307625061696],[-73.9722700133414,40.74030857434587],[-73.97231030373018,40.74001851267488],[-73.97243888981437,40.740021749470884],[-73.97265743803044,40.73922275427715],[-73.97259038224705,40.73676965433984],[-73.97248994174741,40.735803280107795],[-73.97286939178447,40.735770861788325],[-73.97441385816532,40.736414393859185],[-73.97445975070453,40.73629401971853],[-73.97402692104305,40.73612576724569],[-73.97446647047282,40.73627845683008],[-73.97450376013232,40.73606458844425],[-73.97414062018385,40.73595565666497],[-73.97450488219891,40.73604228053673],[-73.9745079393817,40.73579694526997],[-73.97448854079066,40.73587567974396],[-73.97424630658287,40.73578011045604],[-73.97447040507865,40.735797872255304],[-73.97446537767351,40.735666886566456],[-73.97414616457407,40.73567162100784],[-73.97305698712073,40.73517745291314],[-73.97280661710455,40.735523918521324],[-73.97293031926421,40.73560761489947],[-73.97276308380349,40.73550508747374],[-73.97299695202474,40.73518650689133],[-73.97283745943471,40.73519971620206],[-73.97294520758656,40.735065170573876],[-73.97297083569535,40.73515721697131],[-73.97303684713732,40.73512794714516],[-73.97329895046123,40.73524235507728],[-73.97329627296868,40.73504085714519],[-73.97354472795836,40.73494432660406],[-73.97474900502543,40.73542518850009],[-73.97495992910359,40.735368719003965],[-73.97522019107778,40.735413262789024],[-73.97833820564574,40.73672147104454],[-73.97854094493694,40.736887659360356],[-73.97805226409511,40.73755395365624],[-73.98266759791014,40.739498439778224],[-73.98085965324293,40.74196976808199],[-73.98407485194069,40.7433247184167],[-73.97767660455372,40.75211893738103]]]]}},{"type":"Feature","properties":{"ntaname":"East Midtown-Turtle Bay","boroname":"Manhattan","ntatype":"0"},"geometry":{"type":"Polygon","coordinates":[[[-73.96980028759536,40.762913512630256],[-73.95893448513704,40.75833515544863],[-73.95871908094715,40.758640233115855],[-73.95849119453524,40.75854590383034],[-73.95918103286087,40.75785611105263],[-73.96065638180474,40.75592314955037],[-73.96162927534917,40.7551523842593],[-73.96470952774996,40.75171941559831],[-73.96486224877107,40.75201110205952],[-73.96505548554134,40.75181258180556],[-73.96521537047964,40.75180846081004],[-73.96515081557104,40.75192385134851],[-73.96541528541687,40.75194995958367],[-73.96722654996013,40.75268822384287],[-73.96769834585133,40.752040803227715],[-73.96777705473687,40.75162597108275],[-73.96890797166566,40.7501124437503],[-73.97350255728973,40.75206493265777],[-73.9744445149352,40.75076469299489],[-73.97834876909162,40.752410130141755],[-73.97651569358025,40.754974263345105],[-73.97580739271987,40.75467727461167],[-73.96980028759536,40.762913512630256]]]}},{"type":"Feature","properties":{"ntaname":"United Nations","boroname":"Manhattan","ntatype":"6"},"geometry":{"type":"MultiPolygon","coordinates":[[[[-73.96421230395704,40.74660431797426],[-73.96444522664541,40.74641042526051],[-73.96458318338802,40.74645440134334],[-73.96447543657672,40.7466408337006],[-73.9641598028843,40.74686554735975],[-73.96421230395704,40.74660431797426]]],[[[-73.96722654996013,40.75268822384287],[-73.96515081557104,40.75192385134851],[-73.96521537047964,40.75180846081004],[-73.96505548554134,40.75181258180556],[-73.96486224877107,40.75201110205952],[-73.96470952774996,40.75171941559831],[-73.96791272906283,40.74797093564207],[-73.96846164115891,40.74829237930533],[-73.9699869201106,40.74886871410219],[-73.9695446058362,40.74920504593271],[-73.96777705473687,40.75162597108275],[-73.96769834585133,40.752040803227715],[-73.96722654996013,40.75268822384287]]]]}},{"type":"Feature","properties":{"ntaname":"Upper West Side-Lincoln Square","boroname":"Manhattan","ntatype":"0"},"geometry":{"type":"Polygon","coordinates":[[[-73.9750011183182,40.77752777991658],[-73.98167943551228,40.768390131606346],[-73.98144254367755,40.768163970188205],[-73.98149121360557,40.767881199603515],[-73.98178946751976,40.767713863521045],[-73.98211061400887,40.76774447654634],[-73.98236353955835,40.7673880741734],[-73.99378189746184,40.772199091447774],[-73.99332519689008,40.77283148004022],[-73.99341045387395,40.77287889534579],[-73.99359086248553,40.77279008029667],[-73.99388754370234,40.772955744666575],[-73.99413665258845,40.77290187017448],[-73.99437655186944,40.77303955160413],[-73.99429402894232,40.77315624449453],[-73.9950232758608,40.77348119657636],[-73.99508939101129,40.773388475039276],[-73.99501396283533,40.77335803492455],[-73.99505028469918,40.773297153190036],[-73.99624065101737,40.77378979190044],[-73.99606316808172,40.77388688661024],[-73.99617945931261,40.77398695485428],[-73.9960952439039,40.77408618694039],[-73.993936941822,40.773179510967104],[-73.99376791399207,40.77348399400542],[-73.99341175671502,40.77380261292668],[-73.9926226638654,40.77497405653968],[-73.99226708903534,40.77511603385877],[-73.99205908493721,40.77549759819248],[-73.9923293466088,40.77546890095874],[-73.99238604296035,40.77555717941971],[-73.99092717414973,40.77756687876315],[-73.99039616003645,40.77758506567927],[-73.98886861739992,40.77969292291159],[-73.99124281740438,40.779671367084696],[-73.99155105922753,40.77957482043242],[-73.99141982585954,40.779755280287276],[-73.98888614411685,40.77987889853295],[-73.98891926146824,40.78022609484644],[-73.98812746069495,40.78140179694496],[-73.9856793602949,40.780312633335036],[-73.98507184256836,40.781779681471896],[-73.9750011183182,40.77752777991658]]]}},{"type":"Feature","properties":{"ntaname":"Upper West Side (Central)","boroname":"Manhattan","ntatype":"0"},"geometry":{"type":"Polygon","coordinates":[[[-73.96417598455193,40.792362045027716],[-73.9750011183183,40.77752777991658],[-73.98507184256847,40.78177968147185],[-73.9856793602949,40.780312633334994],[-73.98812746036442,40.7814017974475],[-73.98807644914505,40.78165093500181],[-73.98801805997222,40.78163418881061],[-73.98546581197026,40.78536070057562],[-73.98617270496534,40.78606845276145],[-73.98645586240188,40.785919219584166],[-73.98711901394275,40.78521031799912],[-73.98649778102349,40.78595120339001],[-73.98616462880626,40.7861218824485],[-73.98612842248589,40.78623900133132],[-73.98602727478912,40.786228964236905],[-73.9860976378493,40.786058226200694],[-73.98542932126942,40.78541394218482],[-73.98508113773205,40.78592193511063],[-73.98568388524217,40.78622212391986],[-73.98576566029752,40.78619627485881],[-73.98568287192252,40.78630978621333],[-73.98567072256466,40.786242911993995],[-73.98501696406495,40.78601423719582],[-73.98465507883012,40.78653474231073],[-73.98574378790113,40.78657008235235],[-73.98589227228327,40.78642652901978],[-73.9859495615568,40.78648711296155],[-73.98581237352651,40.786616865357274],[-73.98461942858398,40.786586016852596],[-73.9763995193054,40.79827321119528],[-73.96941543722124,40.79536077907437],[-73.96987063171011,40.79473520505714],[-73.96417598455193,40.792362045027716]]]}},{"type":"Feature","properties":{"ntaname":"Upper West Side-Manhattan Valley","boroname":"Manhattan","ntatype":"0"},"geometry":{"type":"Polygon","coordinates":[[[-73.96670106824132,40.80416847743972],[-73.95817296971535,40.80058254195962],[-73.96417598455193,40.792362045027716],[-73.96987063171011,40.79473520505714],[-73.96941543722113,40.79536077907441],[-73.97639951930529,40.79827321119533],[-73.97372060455749,40.802167815783044],[-73.97205095521862,40.804530376010256],[-73.9718184948358,40.80471754219954],[-73.97110765808215,40.80579013942548],[-73.96670106824132,40.80416847743972]]]}},{"type":"Feature","properties":{"ntaname":"Upper East Side-Lenox Hill-Roosevelt Island","boroname":"Manhattan","ntatype":"0"},"geometry":{"type":"MultiPolygon","coordinates":[[[[-73.95763576836265,40.74840634746513],[-73.957493440047,40.74833646476311],[-73.95783953942082,40.74833800287286],[-73.95768831843425,40.748535026871835],[-73.95757650467826,40.7484885253785],[-73.95763576836265,40.74840634746513]]],[[[-73.9355679704974,40.77191877803632],[-73.93565635283767,40.771756396435265],[-73.93552163065269,40.77171629406108],[-73.93556621751351,40.77162911639181],[-73.93585195294797,40.77171600149025],[-73.9355679704974,40.77191877803632]]],[[[-73.94180032729415,40.76904692662492],[-73.94285528620647,40.76830349491207],[-73.94381427322762,40.767220912050064],[-73.9448402665221,40.76582362839103],[-73.94662141408685,40.76386277208116],[-73.94943175563233,40.760548616859104],[-73.95033358814476,40.75985675555379],[-73.95126005908729,40.75881011687451],[-73.95177822026001,40.75840254987715],[-73.95209233022592,40.75799314084761],[-73.95221146342024,40.757583640335696],[-73.9525407933683,40.75709531504002],[-73.95322009963193,40.75642684131528],[-73.95507326928144,40.75479868255497],[-73.95519503117477,40.75477452347613],[-73.95692404304639,40.75296115989134],[-73.95791452493181,40.75210985452551],[-73.95903248609443,40.75138642277143],[-73.95902757442518,40.751297369348556],[-73.95955875930795,40.75081459776215],[-73.96039170572524,40.75025618611752],[-73.96090586294001,40.74980198161017],[-73.96116476728584,40.74977101159754],[-73.9613284548104,40.74960095762467],[-73.96153855464473,40.749723119840674],[-73.96138656105296,40.74988050333846],[-73.96143797721972,40.75000591677116],[-73.96111060141841,40.75060047040352],[-73.96068557870034,40.75120193747044],[-73.96001132329779,40.75183151783759],[-73.95950079929003,40.75295638219569],[-73.95901616627437,40.753595060460135],[-73.95892671032833,40.75356249236132],[-73.9584583680566,40.75394923650511],[-73.95565513098005,40.75709510622831],[-73.95366241810737,40.7594797336111],[-73.95332321617957,40.75974596418506],[-73.95339140733908,40.75979676286049],[-73.95312451504951,40.76005275842971],[-73.95297788216074,40.759962107877065],[-73.95208632266538,40.76086215440504],[-73.95162504907874,40.761678863605695],[-73.95093734928082,40.762570495237995],[-73.9499719168419,40.76364602981438],[-73.94920376022783,40.76426964383299],[-73.94908628791565,40.76426402727516],[-73.9458445142377,40.76832122875417],[-73.94570357268704,40.76832793380908],[-73.94548114289283,40.76862477943799],[-73.9456272109344,40.7686929531791],[-73.9455630204878,40.76880177552471],[-73.94540491850032,40.76873217303875],[-73.94524510341354,40.768773268310575],[-73.94515704133364,40.76911831775147],[-73.94472478343205,40.769786271534315],[-73.94400423868233,40.77029398164801],[-73.9432041411417,40.770992400251366],[-73.94257830168748,40.77170185722063],[-73.94212674580714,40.77203470050927],[-73.9413699061019,40.77230915082727],[-73.94088707123443,40.77237251678093],[-73.94027460921212,40.772947437395764],[-73.94007665619392,40.77292618686003],[-73.94001157258303,40.77284236105534],[-73.94028207924185,40.7723014069914],[-73.94020021779653,40.77112830566291],[-73.94035533477506,40.770496574371286],[-73.9411177871802,40.76941440857483],[-73.94180032729415,40.76904692662492]]],[[[-73.954418260786,40.762184104951274],[-73.9584911945351,40.75854590383034],[-73.95871908094715,40.758640233115855],[-73.95893448513704,40.75833515544863],[-73.96658338334092,40.7615509360791],[-73.95729409955628,40.77428355557777],[-73.9474897536819,40.77011515452139],[-73.94866416477957,40.76885762339446],[-73.95006979303095,40.767025087880945],[-73.954418260786,40.762184104951274]]]]}},{"type":"Feature","properties":{"ntaname":"Upper East Side-Carnegie Hill","boroname":"Manhattan","ntatype":"0"},"geometry":{"type":"Polygon","coordinates":[[[-73.94933170560955,40.785193126557786],[-73.96658338334103,40.76155093607907],[-73.97301487176121,40.76427887944539],[-73.95577735758036,40.78791392447064],[-73.94933170560955,40.785193126557786]]]}},{"type":"Feature","properties":{"ntaname":"Upper East Side-Yorkville","boroname":"Manhattan","ntatype":"0"},"geometry":{"type":"MultiPolygon","coordinates":[[[[-73.93804640603422,40.78082954427574],[-73.93790133623929,40.78074999617273],[-73.937794486603,40.78078125875526],[-73.93779944179558,40.78103133979683],[-73.93764631755363,40.78100121589267],[-73.93759894622616,40.78046784086168],[-73.9382377350939,40.780259079465516],[-73.93861200821945,40.78033895586917],[-73.93923746178274,40.779733393556015],[-73.93953015793254,40.7795276202607],[-73.9395837897242,40.77957647450991],[-73.93943238034647,40.779812200274435],[-73.93949329752046,40.77987369131564],[-73.93921789625274,40.78001352022167],[-73.93872802926543,40.78051074420736],[-73.93883951845037,40.78059924980004],[-73.93874423089268,40.78104387604246],[-73.93830097951646,40.781362084365234],[-73.93808213268757,40.78141843727485],[-73.93796757721594,40.78128933456301],[-73.93804640603422,40.78082954427574]]],[[[-73.94387075922585,40.78127302657144],[-73.94343876735945,40.779763242468604],[-73.94240220198301,40.78002633450526],[-73.94211585205258,40.77946438178308],[-73.94214300768843,40.77940153737606],[-73.94272973395677,40.779257248158274],[-73.94276703480749,40.779016454598874],[-73.94300246547277,40.77885287951766],[-73.9426553074297,40.77812496557434],[-73.94245741056957,40.77740747334814],[-73.94228050044822,40.77734743772626],[-73.94245545698132,40.77774786433384],[-73.94233541821139,40.77776881687684],[-73.94225579604536,40.777316459774944],[-73.94211982454031,40.77725556641191],[-73.9421853701388,40.777163809265055],[-73.94229368333247,40.77724293574539],[-73.94243403895554,40.77730046148639],[-73.94233789325409,40.7772489011775],[-73.94238467141909,40.777171097604786],[-73.94218434166052,40.77707641608071],[-73.94207418737722,40.7769178474795],[-73.94200266722274,40.7761853173829],[-73.94208160457381,40.77595701631722],[-73.94240100949001,40.77572692802888],[-73.94258769640638,40.77521895703082],[-73.94293043715292,40.7746762680357],[-73.9436643174873,40.77384076367413],[-73.94487889596742,40.77256956150487],[-73.94640418919063,40.77126904561942],[-73.9474897536819,40.77011515452139],[-73.95729409955628,40.77428355557777],[-73.9493317056096,40.785193126557786],[-73.94376005208356,40.782828932219545],[-73.94364823450802,40.78265616183563],[-73.94388068102498,40.781532042862004],[-73.94387075922585,40.78127302657144]]]]}},{"type":"Feature","properties":{"ntaname":"Morningside Heights","boroname":"Manhattan","ntatype":"0"},"geometry":{"type":"Polygon","coordinates":[[[-73.95210125149217,40.811442853501475],[-73.95357577722126,40.809476698162094],[-73.95496657106287,40.81006455520624],[-73.95822724911433,40.805537497295774],[-73.95829164751598,40.80523563087963],[-73.95820300718935,40.80389427150131],[-73.9582487817548,40.80310648647079],[-73.95964685334928,40.80115642375894],[-73.96670106824132,40.80416847743972],[-73.97110765764116,40.80579013967667],[-73.96855747771212,40.809072893821174],[-73.96740185312343,40.8110221558999],[-73.96414082888293,40.81577165745409],[-73.96340395102334,40.81668419693534],[-73.96203105751877,40.81808633097919],[-73.95949328737717,40.817007473778844],[-73.95625889682282,40.81338943442838],[-73.95570689991116,40.81414396054259],[-73.95408058341555,40.812280112895714],[-73.95210125149217,40.811442853501475]]]}},{"type":"Feature","properties":{"ntaname":"Manhattanville-West Harlem","boroname":"Manhattan","ntatype":"0"},"geometry":{"type":"Polygon","coordinates":[[[-73.94607828608069,40.8212632160618],[-73.94867681741358,40.81569228651986],[-73.94921410372903,40.814699770984774],[-73.95035019209078,40.813159389290014],[-73.95210125149221,40.81144285350143],[-73.95408058341565,40.812280112895714],[-73.95570689991122,40.814143960542545],[-73.95625889682282,40.81338943442833],[-73.95949328737711,40.817007473778816],[-73.96203105707758,40.81808633148163],[-73.95999892229345,40.82038294480247],[-73.95981462674587,40.82029787419898],[-73.95913061580599,40.8211689542775],[-73.95942624349648,40.821252381738134],[-73.95914685715192,40.82157132855115],[-73.95903294155774,40.82151374622867],[-73.95923467194027,40.82127782476804],[-73.9590896024009,40.821206247056104],[-73.95881892233997,40.82151852484693],[-73.9589417294171,40.821569364009754],[-73.958745236605,40.82180551197381],[-73.95900018289892,40.822409728374524],[-73.95911304024075,40.82245496514832],[-73.95922976213465,40.8222869101325],[-73.95990999378239,40.82257111982193],[-73.9596033246028,40.8229946867835],[-73.95892614718271,40.82271175594409],[-73.95904953331679,40.822541335870994],[-73.95886745433307,40.82245023922823],[-73.958645850815,40.82190436963172],[-73.95852731524258,40.82184375665232],[-73.95793904909091,40.82277435405003],[-73.95822838183035,40.822887867101066],[-73.95814312769234,40.823020721769026],[-73.95953101411841,40.82361918218078],[-73.95955575493863,40.823693797768954],[-73.95914038137627,40.82431759020488],[-73.95741069280895,40.823273474634696],[-73.95634010375615,40.82309232750727],[-73.95573074894818,40.82289125825016],[-73.9508287990319,40.82082793759966],[-73.94992194321388,40.82207231473013],[-73.94854029702124,40.82148762331544],[-73.94808289749476,40.82210802201343],[-73.94607828608069,40.8212632160618]]]}},{"type":"Feature","properties":{"ntaname":"Hamilton Heights-Sugar Hill","boroname":"Manhattan","ntatype":"0"},"geometry":{"type":"Polygon","coordinates":[[[-73.94827676702778,40.83386545609754],[-73.93864026605648,40.82973887442024],[-73.93924885616293,40.82829635121206],[-73.94292366846379,40.82326058775286],[-73.94516004829619,40.82087904397875],[-73.94808289749476,40.82210802201343],[-73.94854029702124,40.82148762331544],[-73.94992194321388,40.82207231473013],[-73.9508287990319,40.82082793759966],[-73.95573074894818,40.82289125825016],[-73.95634010375615,40.82309232750727],[-73.95741069280895,40.823273474634696],[-73.95914038137627,40.82431759020488],[-73.95725896977147,40.82711730987327],[-73.95694866354306,40.82700055393494],[-73.9563178451031,40.827944215388754],[-73.95503912978361,40.82741343241461],[-73.954697366195,40.82791838551438],[-73.95454188062094,40.827861476868264],[-73.95359128626757,40.829097721151484],[-73.95218597296554,40.83127711791929],[-73.95119183012169,40.83263915178259],[-73.95086512705237,40.83343412012521],[-73.95021218560015,40.83430311995851],[-73.9493412262308,40.83398211496196],[-73.94890543220046,40.83406529937924],[-73.94827676702778,40.83386545609754]]]}},{"type":"Feature","properties":{"ntaname":"Harlem (South)","boroname":"Manhattan","ntatype":"0"},"geometry":{"type":"Polygon","coordinates":[[[-73.94177140103845,40.8070890008521],[-73.94275367162054,40.80574401279446],[-73.9443558695654,40.806413587911365],[-73.94620045768923,40.80390652243222],[-73.94459915208044,40.803225048342576],[-73.94923327016367,40.7968719999053],[-73.95786499207041,40.80051527294146],[-73.95848111409947,40.800670478591115],[-73.9596468533494,40.801156423758904],[-73.95824878175492,40.80310648647076],[-73.95820300718947,40.80389427150126],[-73.95829164751605,40.80523563087958],[-73.95822724911444,40.805537497295774],[-73.95496657106287,40.81006455520624],[-73.95357577722136,40.809476698162065],[-73.95210125149221,40.81144285350143],[-73.94177140103845,40.8070890008521]]]}},{"type":"Feature","properties":{"ntaname":"Harlem (North)","boroname":"Manhattan","ntatype":"0"},"geometry":{"type":"Polygon","coordinates":[[[-73.93515659173437,40.8326824057349],[-73.93442396339046,40.82704289397231],[-73.93448291058755,40.82703709277896],[-73.9341465766699,40.82302903205064],[-73.93397241531093,40.819729574765844],[-73.9338300916373,40.81971974292724],[-73.93383000629757,40.81949109558749],[-73.93447523610446,40.81969749639639],[-73.9344362759638,40.8191522369075],[-73.93433846858034,40.8187574752363],[-73.93429487719855,40.81890498677659],[-73.93407463845418,40.81782651394801],[-73.93487343768776,40.816527848019994],[-73.94177140103841,40.8070890008521],[-73.95210125149217,40.811442853501475],[-73.95035019209067,40.813159389290014],[-73.94921410372893,40.814699770984774],[-73.94867681741353,40.81569228651993],[-73.94607828608069,40.821263216061844],[-73.94516004829607,40.82087904397875],[-73.94292366846379,40.82326058775289],[-73.93924885616283,40.82829635121206],[-73.93864026605654,40.82973887442024],[-73.94014131121864,40.83037198888044],[-73.93990123821465,40.83095389597134],[-73.93939397719073,40.831526133667126],[-73.93894859700762,40.832417336328064],[-73.93818807523276,40.83326993002771],[-73.93530787937625,40.83547772543572],[-73.93467393002148,40.83606490323896],[-73.93445239353248,40.83598096014984],[-73.93444877564322,40.83591143450398],[-73.9347339324972,40.835587567638875],[-73.9349153357865,40.83523082193901],[-73.93515659173437,40.8326824057349]]]}},{"type":"Feature","properties":{"ntaname":"East Harlem (South)","boroname":"Manhattan","ntatype":"0"},"geometry":{"type":"Polygon","coordinates":[[[-73.94327251058219,40.793488103940284],[-73.93864883146107,40.79155775480549],[-73.93773611991232,40.79281580410147],[-73.93555312751045,40.79184222557399],[-73.93539920746304,40.79197068945409],[-73.93505405969788,40.79168623135817],[-73.93526809778344,40.79152802630314],[-73.93519039296174,40.79147116012929],[-73.93583106788897,40.79109470487044],[-73.93708104382291,40.78936639571018],[-73.9361407331407,40.788949073913244],[-73.93621859869943,40.788800497574485],[-73.93714965461052,40.78916844956227],[-73.93811570089716,40.78718476275656],[-73.93982619696507,40.78525655191311],[-73.94246970378653,40.78389646094691],[-73.94320565536934,40.783369842987895],[-73.94364823450802,40.78265616183563],[-73.94376005208356,40.782828932219545],[-73.94405439380174,40.7829643585487],[-73.95577735758026,40.78791392447064],[-73.9483112532211,40.79812921756641],[-73.9418760457263,40.79540586955281],[-73.94327251058219,40.793488103940284]]]}},{"type":"Feature","properties":{"ntaname":"East Harlem (North)","boroname":"Manhattan","ntatype":"0"},"geometry":{"type":"MultiPolygon","coordinates":[[[[-73.9271851473424,40.79734989711528],[-73.92767122620857,40.79721701426642],[-73.92770694127172,40.79729866287719],[-73.92738263624605,40.79737706257546],[-73.9271851473424,40.79734989711528]]],[[[-73.92672091168967,40.800414210943785],[-73.92653846389969,40.80033389881066],[-73.92674263892941,40.80040349947553],[-73.92672091168967,40.800414210943785]]],[[[-73.92716933022416,40.8004058541989],[-73.92669572541307,40.80014697765469],[-73.9272477078927,40.80039295736917],[-73.92711464230625,40.80056375622975],[-73.92706696628478,40.80054301212599],[-73.92716933022416,40.8004058541989]]],[[[-73.92688606021946,40.800840648871706],[-73.9265095486725,40.800657032027345],[-73.926552416761,40.80060482609681],[-73.92686908679453,40.80078367679947],[-73.92704640297914,40.80065174303151],[-73.92688606021946,40.800840648871706]]],[[[-73.93383000629757,40.81949109558749],[-73.93382900884613,40.8155853601877],[-73.93394608825335,40.81558762473934],[-73.93401476726973,40.814483752624966],[-73.93385652572606,40.814481474921614],[-73.93386510261887,40.8141531579558],[-73.93403843917824,40.81234088057376],[-73.93428227801445,40.81082305000624],[-73.9343386458468,40.80956221433414],[-73.93412073484292,40.808656451977626],[-73.93356119245327,40.80760067738646],[-73.93115949987322,40.804966940262624],[-73.93030876458822,40.803786014865715],[-73.92997373618633,40.8031964674717],[-73.93004460838803,40.8031061122731],[-73.92945366333548,40.801907368333595],[-73.92920817595964,40.80114752061144],[-73.92903490240303,40.801080903852046],[-73.92890152344229,40.79985521416033],[-73.92903640113434,40.79676259460364],[-73.92927936741167,40.79585313952083],[-73.92987485778255,40.79503515622596],[-73.92983254042477,40.79494906164361],[-73.92991636120536,40.79494911263983],[-73.93006881035544,40.794700828605635],[-73.93348489644694,40.792774170830164],[-73.93505405969788,40.79168623135817],[-73.93539920746304,40.79197068945409],[-73.93555312751045,40.79184222557399],[-73.93773611991232,40.79281580410147],[-73.93864883146107,40.79155775480549],[-73.94327251058219,40.793488103940284],[-73.9418760457263,40.79540586955281],[-73.9483112532211,40.79812921756641],[-73.9445991520805,40.80322504834261],[-73.94620045768927,40.80390652243227],[-73.9443558695654,40.8064135879114],[-73.94275367162054,40.80574401279446],[-73.93487343768776,40.816527848019994],[-73.93412816606748,40.81773396351836],[-73.93408481947195,40.81793086250987],[-73.93429487719855,40.81890498677659],[-73.93433846858034,40.8187574752363],[-73.9344362759638,40.8191522369075],[-73.93447523610446,40.81969749639639],[-73.93383000629757,40.81949109558749]]]]}},{"type":"Feature","properties":{"ntaname":"Randall's Island","boroname":"Manhattan","ntatype":"9"},"geometry":{"type":"Polygon","coordinates":[[[-73.91662985181601,40.7978581399394],[-73.91545470966419,40.7970634660312],[-73.91443827233297,40.79566551786403],[-73.91380428276814,40.79451184645612],[-73.9137838537053,40.79383628598483],[-73.91514134426232,40.79201248198994],[-73.91630574681669,40.79111748033449],[-73.9161708792398,40.791014293373976],[-73.91686540584884,40.79036206346435],[-73.9171062224675,40.7904686172391],[-73.91812330871126,40.7900402399344],[-73.9185629977498,40.78969533382608],[-73.91859001366844,40.78947410340624],[-73.91850876959032,40.78942509027215],[-73.92189248128827,40.78570327014595],[-73.92199539273011,40.78575607831271],[-73.92219098057228,40.78551067207658],[-73.92285203280137,40.78355569341788],[-73.92412113996787,40.782523074010996],[-73.92467329671872,40.78224486000119],[-73.92538939087945,40.78227414490166],[-73.92571808678522,40.78217655794476],[-73.92732422574852,40.781090629324446],[-73.92810118899118,40.78092032054433],[-73.92849269407039,40.781008353982685],[-73.93063819536843,40.7822614135508],[-73.93105352653514,40.782396594571026],[-73.93502345068339,40.783006382531234],[-73.93598225918352,40.78394236877618],[-73.93607064616933,40.78421721629056],[-73.93605332620248,40.7845123684881],[-73.9357126586545,40.78568048949198],[-73.93269605998155,40.789178223664535],[-73.9324014544746,40.78972029117512],[-73.93224073196632,40.789694850239755],[-73.93147595263682,40.790479159257735],[-73.93084178651056,40.79099143050377],[-73.93072940415645,40.79095511443051],[-73.92972400693692,40.79136617884529],[-73.9287194892678,40.79094353251261],[-73.92807273575714,40.79082339078068],[-73.9269225825702,40.790788694009464],[-73.92641834043047,40.790693375884715],[-73.9261041018663,40.79073160762008],[-73.9260479360081,40.79126508319685],[-73.92615942249715,40.791715389497426],[-73.92656766185677,40.79185813478102],[-73.92558729813425,40.79182083157679],[-73.92560756026242,40.79189590746655],[-73.92673798802822,40.79192842329431],[-73.92670074590112,40.791832621154384],[-73.92636742573532,40.791661388335136],[-73.92633032267265,40.791503476556635],[-73.92634451435359,40.79124728962145],[-73.9265658472775,40.790979502215386],[-73.92786889152922,40.79095483863406],[-73.92789374344297,40.79109111142012],[-73.92713563728074,40.791929306603336],[-73.92780141340143,40.79199747926172],[-73.92826720207927,40.79232852445038],[-73.92834212708986,40.79297969032964],[-73.92826520855155,40.79321287506602],[-73.92735331992384,40.79446189460912],[-73.92693614679627,40.795497062372476],[-73.9268896782797,40.7962520113604],[-73.92695192289807,40.79670843295423],[-73.92721689169032,40.79741543349737],[-73.9272772026882,40.797407453818856],[-73.9274392203096,40.79771053871783],[-73.92747588537284,40.79812290033482],[-73.92726293136896,40.79891864562384],[-73.92688261600044,40.79994076850246],[-73.92650250187273,40.80037491780916],[-73.9266847062109,40.80045475775858],[-73.92577551723554,40.80173060099595],[-73.92549293492971,40.80195616932098],[-73.92436044107556,40.80198555341911],[-73.92263378594822,40.80186873864386],[-73.92191092229626,40.80150266575118],[-73.92133752419392,40.80085210649725],[-73.92103317578996,40.80026528185782],[-73.9203146552122,40.79937545929022],[-73.91899496843494,40.79877184270211],[-73.91662985181601,40.7978581399394]]]}},{"type":"Feature","properties":{"ntaname":"Washington Heights (South)","boroname":"Manhattan","ntatype":"0"},"geometry":{"type":"Polygon","coordinates":[[[-73.93139355315752,40.84742823140969],[-73.93556697174414,40.84171252755808],[-73.93562826648522,40.84127936282252],[-73.93500575273647,40.839851911451724],[-73.93505508758803,40.839333236833134],[-73.9353306131628,40.83887491299703],[-73.93595950279797,40.83836989914566],[-73.93638316770861,40.83785012505289],[-73.93803791450115,40.83428659124487],[-73.93947917698746,40.83301401291141],[-73.94021914473171,40.8318838346847],[-73.94036875609723,40.83155613019526],[-73.94034643247466,40.830457843352235],[-73.94827676702766,40.83386545609754],[-73.9489054322004,40.83406529937929],[-73.94934122623076,40.83398211496196],[-73.95021218560021,40.83430311995857],[-73.94974257885995,40.83562808832762],[-73.94954600729329,40.83660437200455],[-73.9492828508898,40.836740787066],[-73.94954210438263,40.83687963242816],[-73.94856054520555,40.83956488465931],[-73.94738322154296,40.841940825299524],[-73.9471678822236,40.84215909904353],[-73.94693502862846,40.84261919750441],[-73.94645858066659,40.843254383261],[-73.94612416421772,40.843892496557295],[-73.94607880557088,40.844597670328504],[-73.94622271166769,40.845259166341506],[-73.94617174983877,40.84539289158086],[-73.94627664957966,40.84569065991859],[-73.94651730200566,40.845995184403925],[-73.94635078049971,40.846240330786884],[-73.94671767879166,40.846824758247394],[-73.94682445342679,40.847134261567405],[-73.9466405820575,40.84793929265327],[-73.94663550012669,40.84891242505988],[-73.94702782428541,40.85004183181232],[-73.94695342915082,40.85009773522227],[-73.94704980259199,40.850223349228585],[-73.94696441693404,40.850465525818066],[-73.94318719330808,40.84975484263654],[-73.94389000191137,40.848202911438925],[-73.94205395049835,40.84831673359212],[-73.93803616045412,40.8475577549185],[-73.93767236845285,40.848392728976485],[-73.93639683069712,40.849541195841915],[-73.93139355315752,40.84742823140969]]]}},{"type":"Feature","properties":{"ntaname":"Washington Heights (North)","boroname":"Manhattan","ntatype":"0"},"geometry":{"type":"Polygon","coordinates":[[[-73.93150384484605,40.8690352215693],[-73.9272691502576,40.86553455981874],[-73.92474153319307,40.861593638251634],[-73.92492832926601,40.86128683504595],[-73.9250216271363,40.86069522678046],[-73.92528690101587,40.860124899778626],[-73.92573921378842,40.85963606588273],[-73.92662633027959,40.859051859616194],[-73.92698091134234,40.858605481672704],[-73.92712221983454,40.858109611880515],[-73.92691117424916,40.85750876152573],[-73.92654035378293,40.85794348596434],[-73.92627265305715,40.858128431803124],[-73.9259320973194,40.85822148981359],[-73.92548340491632,40.85818853171614],[-73.92500175450839,40.85787746520017],[-73.92469765022813,40.857292283513345],[-73.9246344129766,40.856885035141445],[-73.92469199898966,40.85664199791952],[-73.9249624127902,40.85621985168217],[-73.92769565671857,40.85248778277556],[-73.92703315604321,40.852200775102126],[-73.92707982277773,40.85143234338436],[-73.92747680397204,40.850694370799026],[-73.92824918846773,40.84983985458199],[-73.92866655364963,40.84957552930135],[-73.92898242633322,40.84925612249162],[-73.92977312775169,40.84811546118508],[-73.93062107886001,40.84848097743913],[-73.93139355315762,40.84742823140965],[-73.93639683069723,40.849541195841915],[-73.93767236845285,40.848392728976485],[-73.93803616045417,40.847557754918455],[-73.94205395049835,40.84831673359212],[-73.94389000191148,40.84820291143888],[-73.94318719330808,40.84975484263654],[-73.94696441627184,40.85046552632033],[-73.94650229461891,40.85097566527329],[-73.94637201017785,40.85096981801814],[-73.94627501496706,40.85084097717317],[-73.94617304480114,40.850957954988424],[-73.94620078322082,40.85103148810554],[-73.94608190501027,40.850980715383784],[-73.94611744105192,40.851172582517314],[-73.94565283626454,40.851211097838814],[-73.94544903734364,40.851427659712265],[-73.94525311095308,40.85149188685142],[-73.94526640999081,40.85157102855134],[-73.94469380703771,40.85182409427195],[-73.94466721178145,40.85192122600692],[-73.94450381945983,40.851957079452774],[-73.94450515446411,40.85188989851191],[-73.94432518416289,40.85182257643848],[-73.94419660715161,40.85201534181571],[-73.94401323950726,40.85199984366455],[-73.94388153574954,40.85217237720762],[-73.94347978545711,40.85228188194213],[-73.9430264437118,40.852626177871144],[-73.94186996360527,40.853867738940075],[-73.94029347497165,40.85664177015522],[-73.93911094164396,40.858040911225906],[-73.93830957434339,40.85938052310572],[-73.93752944172513,40.86009664178477],[-73.93758054206499,40.860203206651384],[-73.93713577511515,40.8607836366998],[-73.93704223142136,40.861057533481656],[-73.93681096972902,40.86125802375],[-73.93647561664896,40.86192659117092],[-73.93559460797825,40.86296505185224],[-73.93443446851109,40.86450373173396],[-73.93435568513524,40.86473290706858],[-73.93401664426648,40.865035548794346],[-73.93395001711579,40.86534674621003],[-73.93378916436356,40.86542863426869],[-73.93266332721514,40.8672370659346],[-73.93290171891769,40.86729304389986],[-73.93283958205113,40.86741527640902],[-73.93259794852806,40.86731134967057],[-73.9325188840444,40.86741050336603],[-73.9323866223573,40.86769389324491],[-73.93226769826204,40.86856231947512],[-73.93249214298685,40.86867751865729],[-73.93265083512807,40.86846503348205],[-73.93252354560038,40.8687220783591],[-73.93225031755051,40.868639508367686],[-73.9323138544823,40.86892372034389],[-73.9325689548279,40.86897940321413],[-73.93250469803198,40.869129558162804],[-73.93229327623715,40.869199501439475],[-73.93218903826028,40.869366976891826],[-73.93246883069857,40.869476099889724],[-73.93235370807277,40.86975525529677],[-73.93226581636975,40.86973477164022],[-73.93235934465952,40.86950736372213],[-73.93213336602999,40.86941597594374],[-73.93205002169798,40.86964174628033],[-73.93219855048865,40.869844871413314],[-73.93156536939784,40.86958215843725],[-73.93150384484605,40.8690352215693]]]}},{"type":"Feature","properties":{"ntaname":"Inwood","boroname":"Manhattan","ntatype":"0"},"geometry":{"type":"MultiPolygon","coordinates":[[[[-73.92234459241664,40.85568233648424],[-73.92169841904696,40.85667230185513],[-73.92151894059094,40.85660117062342],[-73.92175965629708,40.85630468231127],[-73.92182325044541,40.85632912636627],[-73.92229610926113,40.855663836401455],[-73.92234459241664,40.85568233648424]]],[[[-73.92234459241664,40.85568233648424],[-73.9228792161941,40.85587725939027],[-73.9227683734476,40.856587481635295],[-73.92288794949759,40.85885694124603],[-73.92408161014636,40.86055507480938],[-73.92726915025756,40.86553455981874],[-73.92872643114075,40.86674142822075],[-73.92619847735759,40.86851350036838],[-73.92382143365798,40.86901838166732],[-73.92234360638932,40.86945904067072],[-73.92214152520687,40.86914779664342],[-73.921626226182,40.86939218466785],[-73.91925481601531,40.87100784280284],[-73.91969887531994,40.872063531039],[-73.91842924397557,40.873009778733596],[-73.91400985416992,40.871160593864666],[-73.9123729836904,40.8724268098096],[-73.91176296391379,40.87305252463931],[-73.91151516034965,40.87323663012734],[-73.91142596184356,40.87318176715518],[-73.9111745064192,40.87298469583868],[-73.91096169269241,40.87261701014678],[-73.91064877277806,40.87229624846081],[-73.91054082062271,40.872058327575104],[-73.91043363570444,40.87138081638449],[-73.91072355879952,40.87094883563964],[-73.91074831413626,40.870264646619106],[-73.91092491224157,40.86943659185691],[-73.91105771592377,40.86940865229224],[-73.91134621371559,40.86952429041],[-73.91147448899049,40.869454758141075],[-73.91146347606852,40.8693773827329],[-73.91103057950191,40.86915540349872],[-73.91112890881821,40.868920043161644],[-73.9113281775882,40.86880243953597],[-73.91151485871004,40.868281239257286],[-73.9117116303813,40.8681002840556],[-73.91191159865934,40.867700205170046],[-73.91184774580607,40.867672520472155],[-73.91273173919579,40.866605212208924],[-73.91254775064014,40.866514943506566],[-73.9139186313323,40.86474558440381],[-73.91431200712566,40.86462502219344],[-73.91492387927858,40.864580378919314],[-73.91454037626015,40.86441235162355],[-73.91441113392746,40.86417362637064],[-73.91508583854264,40.86444814392011],[-73.91543189718274,40.86441830355388],[-73.91545342726593,40.864333736081456],[-73.91589911645785,40.864308038085234],[-73.91587148065646,40.86412909103578],[-73.91535981972858,40.86407728982125],[-73.91519574800094,40.86394522473609],[-73.91517556429645,40.863680434253666],[-73.91547682444252,40.86334610729697],[-73.91545496554076,40.86320845779517],[-73.91534506689483,40.86316454177247],[-73.91538673051069,40.863084384703484],[-73.91552015328232,40.8629100749657],[-73.91567199779999,40.862902427878204],[-73.91610517927835,40.86248814430624],[-73.91729467741739,40.861679417728254],[-73.91782702380144,40.86104278280547],[-73.91788387387669,40.86080222076824],[-73.9184343925178,40.860221533395496],[-73.91836074527978,40.86019580904429],[-73.9183931121764,40.86008046942209],[-73.91877796600149,40.85954675031154],[-73.91950213660932,40.85879113379065],[-73.92039805137138,40.859161501828105],[-73.92046134307469,40.85910326112537],[-73.91984679689196,40.85884388206972],[-73.91977424610867,40.85879477229134],[-73.92047868273168,40.85910409209902],[-73.92043350742907,40.85917235515522],[-73.92065316209771,40.859263265996624],[-73.92127091296308,40.86018804281688],[-73.92136406183754,40.86021146594486],[-73.92159014848224,40.860072800027055],[-73.92173654090337,40.85967245978616],[-73.92164878482532,40.85955093298419],[-73.92183337804887,40.8595550653483],[-73.92172807855619,40.85939481595058],[-73.92184589125199,40.8593828817191],[-73.92179318314028,40.859352815117774],[-73.9218663378377,40.85918133914485],[-73.92130672674394,40.858899312866065],[-73.92138847158087,40.85889670346494],[-73.92125580070537,40.85884655402936],[-73.9212568347567,40.858715082987175],[-73.92107155243161,40.85855344402579],[-73.92108767646545,40.8582998412482],[-73.92091459857778,40.85821896663791],[-73.92114396588988,40.85755122456042],[-73.92155550463555,40.85732175009385],[-73.92155857155751,40.85708883062931],[-73.92188651896512,40.856984611735335],[-73.92215747202226,40.856766247979145],[-73.92210975260924,40.85672027066086],[-73.92216714728863,40.856663482471376],[-73.92237695742358,40.856583569625016],[-73.92234459241664,40.85568233648424]]]]}},{"type":"Feature","properties":{"ntaname":"Highbridge Park","boroname":"Manhattan","ntatype":"9"},"geometry":{"type":"Polygon","coordinates":[[[-73.92288794949759,40.85885694124603],[-73.9227683734476,40.856587481635295],[-73.9228792161941,40.85587725939027],[-73.92227873064479,40.85565498884393],[-73.9244406513995,40.85284047270461],[-73.9298142904901,40.845077383642355],[-73.93022352213245,40.84428444159592],[-73.93089465135253,40.84253834014169],[-73.93390952876399,40.83713285480025],[-73.9344523930909,40.83598096065217],[-73.93467393002148,40.83606490323896],[-73.93530787937625,40.83547772543572],[-73.93839095601098,40.833088369194236],[-73.93894859700762,40.832417336328064],[-73.93944593176458,40.831451175214816],[-73.93990123821465,40.83095389597134],[-73.94014131121864,40.83037198888044],[-73.94034643247466,40.830457843352235],[-73.94036875609723,40.83155613019526],[-73.94021914473171,40.8318838346847],[-73.93947917698746,40.83301401291141],[-73.93803791450115,40.83428659124487],[-73.93638316770861,40.83785012505289],[-73.93595950279797,40.83836989914566],[-73.9353306131628,40.83887491299703],[-73.93505508758803,40.839333236833134],[-73.93500575273647,40.839851911451724],[-73.93562826648522,40.84127936282252],[-73.93556697174414,40.84171252755808],[-73.93062107886007,40.84848097743913],[-73.92977312775169,40.84811546118512],[-73.92898242633322,40.84925612249166],[-73.92866655364952,40.84957552930135],[-73.92824918846766,40.84983985458202],[-73.92747680397197,40.850694370799026],[-73.92707982277773,40.85143234338436],[-73.92703315604315,40.852200775102126],[-73.92769565671846,40.85248778277556],[-73.92486636883604,40.85635835645023],[-73.92469199898966,40.85664199791955],[-73.9246311201873,40.85696745997239],[-73.92469765022803,40.857292283513345],[-73.92500175450846,40.857877465200225],[-73.92548340491622,40.85818853171614],[-73.92593209731935,40.85822148981357],[-73.92627265305713,40.85812843180312],[-73.92654035378283,40.85794348596437],[-73.92691117424916,40.85750876152579],[-73.9271222198346,40.858109611880565],[-73.92688494937758,40.85876382317737],[-73.92646882741118,40.85917645492974],[-73.92573921378832,40.85963606588273],[-73.92528690101587,40.86012489977866],[-73.9250216271362,40.8606952267805],[-73.9249283292659,40.861286835046],[-73.92474153319307,40.861593638251684],[-73.92288794949759,40.85885694124603]]]}},{"type":"Feature","properties":{"ntaname":"Inwood Hill Park","boroname":"Manhattan","ntatype":"9"},"geometry":{"type":"MultiPolygon","coordinates":[[[[-73.92640556854903,40.877621476537094],[-73.92629548797319,40.87748846859321],[-73.92645784901056,40.87725818800379],[-73.92619292238606,40.877064419685034],[-73.92555292256125,40.87710258924412],[-73.92517576034098,40.87725516263583],[-73.9250821570128,40.877397611118354],[-73.92457036995522,40.87742891293563],[-73.92381973555378,40.87726181221362],[-73.92329476733978,40.87726443495743],[-73.92239768169317,40.87678022314138],[-73.92244468218188,40.87569183555923],[-73.9226680397856,40.874981991044905],[-73.9225763680598,40.87429518262895],[-73.92208320131007,40.87358380845246],[-73.92164327665486,40.873265184808815],[-73.92111741577914,40.87303345568901],[-73.92060389439703,40.872991085113185],[-73.92029230572703,40.873098416622796],[-73.91999041526307,40.87335399345241],[-73.9199446246658,40.87357803803839],[-73.91979301672416,40.873606512158005],[-73.91995774794708,40.8736791637435],[-73.91998543900768,40.87384443330821],[-73.92062699165622,40.874234811631496],[-73.92080255630286,40.87419405936946],[-73.92066084429314,40.87427874246653],[-73.92070010598914,40.87439193411217],[-73.92118186508976,40.875137840850826],[-73.92096913044065,40.875418521471175],[-73.92080609643993,40.875477492972905],[-73.91887525897296,40.87467899589022],[-73.91888377880666,40.8745568997149],[-73.91918930667346,40.874141093827284],[-73.91927438317983,40.87365188090477],[-73.91892851230497,40.87331651021589],[-73.91877587467675,40.873344332456085],[-73.91872032112597,40.87324642952282],[-73.9186034886985,40.873286016747954],[-73.91849995662193,40.87319171560401],[-73.9183972280827,40.87323181213369],[-73.91861259668146,40.87337081116361],[-73.91859729866316,40.87349549732527],[-73.91841198255509,40.87355108220005],[-73.91841071224552,40.873636866050646],[-73.91792902917979,40.87397889320524],[-73.9175772988473,40.874548678547384],[-73.91749921000472,40.874520079042945],[-73.91787144917501,40.87390499528883],[-73.91750587170966,40.874168811454595],[-73.91643573932065,40.87450969923614],[-73.91522402079842,40.874486621867824],[-73.91261073308618,40.87375731562071],[-73.91151516034965,40.87323663012734],[-73.9123729836904,40.8724268098096],[-73.91400985416992,40.871160593864666],[-73.91842924397557,40.873009778733596],[-73.91969887531994,40.872063531039],[-73.91925481601531,40.87100784280284],[-73.921626226182,40.86939218466785],[-73.92214152520687,40.86914779664342],[-73.92234360638932,40.86945904067072],[-73.92382143365798,40.86901838166732],[-73.92619847735759,40.86851350036838],[-73.92872643114075,40.86674142822075],[-73.93150384484599,40.86903522156934],[-73.93156536939784,40.86958215843729],[-73.9321985504886,40.869844871413356],[-73.93220600465656,40.870096445104245],[-73.93191377136752,40.87112949422548],[-73.9314682113937,40.87179771620673],[-73.93137655898947,40.87210862736079],[-73.92917968255965,40.875555548966595],[-73.92814623537303,40.87652252944633],[-73.92753082127489,40.87671053481323],[-73.92640556854903,40.877621476537094]]],[[[-73.92362973884111,40.87896394391315],[-73.92363695222997,40.87881535593184],[-73.9236791931174,40.87882607399625],[-73.92362973884111,40.87896394391315]]]]}},{"type":"Feature","properties":{"ntaname":"Central Park","boroname":"Manhattan","ntatype":"9"},"geometry":{"type":"Polygon","coordinates":[[[-73.94923327016367,40.7968719999053],[-73.97301487176121,40.76427887944539],[-73.98149121360566,40.767881199603515],[-73.98144254367759,40.768163970188205],[-73.98167943551239,40.768390131606296],[-73.95817296971542,40.80058254195962],[-73.95786499207041,40.80051527294146],[-73.94923327016367,40.7968719999053]]]}},{"type":"Feature","properties":{"ntaname":"Astoria (North)-Ditmars-Steinway","boroname":"Queens","ntatype":"0"},"geometry":{"type":"Polygon","coordinates":[[[-73.90647314610091,40.7901811752083],[-73.90251173701,40.78947208402328],[-73.90239936084132,40.7895516201835],[-73.90206327886824,40.789494405495454],[-73.90203428533837,40.78941468642683],[-73.90032629743816,40.78900766282588],[-73.89961637941789,40.78840049623662],[-73.89725536651015,40.786750956944125],[-73.8969399356256,40.786624668969914],[-73.89651204913604,40.786068659026206],[-73.89635251322403,40.786179309700906],[-73.89630366096449,40.786119202065386],[-73.8965025483397,40.78605746784428],[-73.89637855916176,40.78590898059149],[-73.89621803456787,40.7860160228709],[-73.89604376668126,40.78579998748064],[-73.89624259793256,40.78574043299211],[-73.89614015089728,40.78560716779105],[-73.89598001322706,40.78571167627171],[-73.8959296297551,40.78564894431402],[-73.89612632632654,40.785593168306505],[-73.8958291437706,40.78522152738371],[-73.89683173824393,40.78442766370363],[-73.8967226928153,40.78437754882338],[-73.89675564813854,40.784322339878514],[-73.89685938814264,40.78440412048233],[-73.89715534459026,40.78419496285712],[-73.89706087137576,40.78407329982127],[-73.89719273550543,40.78416853742997],[-73.897421989645,40.783996315223874],[-73.89731570793737,40.783871959800834],[-73.89745426052157,40.783970873888535],[-73.897613965943,40.783844968287525],[-73.89772226528254,40.783743464333156],[-73.89759878526134,40.783650155452776],[-73.89781043874567,40.783684461545285],[-73.89767518069621,40.78358427275554],[-73.89876162661416,40.78274894638468],[-73.89885620331688,40.782804305106175],[-73.90114577552033,40.78271110659338],[-73.90217815315991,40.78178056186365],[-73.90267723582103,40.78059413174262],[-73.90267677081138,40.780352571544306],[-73.90257929672418,40.78028912033323],[-73.90234303882599,40.78018724530735],[-73.90218303706733,40.780359366147096],[-73.90203565790105,40.78120310196316],[-73.9012912761892,40.78185841927053],[-73.90121754094618,40.78181911292471],[-73.90034572667946,40.78206605501401],[-73.90034960780264,40.78216441053015],[-73.8994794775269,40.78216988593748],[-73.89865437844033,40.78199542032102],[-73.89718604765989,40.78280720996373],[-73.89711384184493,40.78272307423825],[-73.89467693073694,40.78409143978543],[-73.89444200336753,40.7841347859634],[-73.89437777934127,40.784243203484415],[-73.89427445571394,40.78420552727169],[-73.89429482356759,40.784117567827174],[-73.89454100171982,40.78406569129891],[-73.89455687894126,40.78397345898296],[-73.89606377738343,40.78315720230798],[-73.89477429053531,40.78225359249442],[-73.89542197971655,40.78171777101649],[-73.8953575056752,40.781657657133636],[-73.89460091774579,40.78225315898151],[-73.89534850467454,40.78164926498199],[-73.89534447842289,40.781585566311456],[-73.895284679113,40.781541249255],[-73.89416469090781,40.78247204670663],[-73.89381672968695,40.78238280427847],[-73.89306090692054,40.78184828970733],[-73.89230750203565,40.78246604207649],[-73.89229702094511,40.78253434998619],[-73.89281494422083,40.78291321498279],[-73.89274917876409,40.78296570668492],[-73.89165459123632,40.78219478203344],[-73.89171690105482,40.78214228602748],[-73.89214162714589,40.78243172650337],[-73.8922419109745,40.782410799061324],[-73.89300986180193,40.78179802356241],[-73.89227864597669,40.78130032168041],[-73.89211148854682,40.78139517920925],[-73.89221792778646,40.78120532387674],[-73.89192901862974,40.78103787769161],[-73.89186879455276,40.78089268361401],[-73.89167103754534,40.780854854131476],[-73.8915916410725,40.78058112053533],[-73.89253484564897,40.779770519588666],[-73.89254018145542,40.77955183427164],[-73.89181791840944,40.779588573628814],[-73.89166859702924,40.77949253890751],[-73.89150718848587,40.77909786616588],[-73.89129658525302,40.77891576497175],[-73.89119589704309,40.77856328838987],[-73.8925225986081,40.77740462949181],[-73.89213229037036,40.7770909363802],[-73.89177229652451,40.77659352182361],[-73.8914160577009,40.77633895673577],[-73.89140128112295,40.77604486555054],[-73.89152987069386,40.7756056311974],[-73.89176577690465,40.77535718790458],[-73.89183244772168,40.774880200557824],[-73.89144361875265,40.77562269470986],[-73.89135801250262,40.77604940893405],[-73.89136766185132,40.776342998913016],[-73.89145185712407,40.77651276977363],[-73.89110422577359,40.7770232069741],[-73.89112044207172,40.77712470023755],[-73.8909486063563,40.777283845675385],[-73.89056250595347,40.777403920964474],[-73.89045915688484,40.77755049775541],[-73.89046537306977,40.77770321928642],[-73.89035193016329,40.77780032127958],[-73.89017369508576,40.777850812778034],[-73.8900872941696,40.7777841926019],[-73.890023690951,40.77724712707662],[-73.8895164438089,40.77593671511594],[-73.88947105399582,40.77553555197257],[-73.88978900623829,40.774236861168774],[-73.88988671541367,40.77401734957617],[-73.89006760086461,40.77396248425558],[-73.89019171520577,40.77364687672779],[-73.89008921667264,40.77362643619513],[-73.88985169893456,40.77375329803358],[-73.88945486771429,40.773532951628674],[-73.88868841148641,40.76897759712269],[-73.8887444391677,40.76891817992269],[-73.88840615711763,40.76881447688449],[-73.88822093545016,40.768621415668065],[-73.88772988070615,40.76691443487077],[-73.88836546335685,40.76676959313515],[-73.88834201745365,40.766596800355174],[-73.8887731048613,40.76651132717323],[-73.88918520463123,40.76629769192876],[-73.89089043605875,40.76585819861232],[-73.8910902771304,40.766336635602826],[-73.89246353780938,40.76628459855921],[-73.893859875953,40.766421445750474],[-73.89432371955363,40.766146471735006],[-73.90226637075733,40.767456944444014],[-73.90413637714005,40.76752031781202],[-73.9057735290384,40.768028588758405],[-73.9172571472928,40.76985353036546],[-73.91807875178455,40.7700619958955],[-73.91770217216161,40.770393111588085],[-73.92216697391133,40.77354687802797],[-73.92398142850007,40.77461511268854],[-73.92302571392955,40.7753843098885],[-73.92375761264192,40.77654701252131],[-73.91796581369779,40.781256291967296],[-73.91996458704803,40.78263506903863],[-73.9190903460843,40.78336764600375],[-73.91818862872982,40.78393296678346],[-73.91717118646426,40.7841934843716],[-73.91718200591444,40.7845520636815],[-73.91683276950292,40.785191392487086],[-73.9157517280639,40.786107578577635],[-73.91541718691225,40.78606392991326],[-73.91526013935966,40.78619221764684],[-73.91558710139692,40.78642963166858],[-73.91423947898434,40.7878562095631],[-73.91259985845355,40.78937632963354],[-73.91240810867995,40.78927430344477],[-73.91266748228412,40.78900397554607],[-73.91222952426367,40.78917927996633],[-73.91195110817397,40.78940179722049],[-73.9120797495829,40.78952181498922],[-73.91183777669977,40.789680884458],[-73.91169342283841,40.789572638609364],[-73.91124959039149,40.78974393630283],[-73.91094297412123,40.789755043755875],[-73.91090486966488,40.79004068496204],[-73.91022215695882,40.790465207781814],[-73.90985862925706,40.79094549428462],[-73.90677991420837,40.790375108150826],[-73.90647314610091,40.7901811752083]]]}},{"type":"Feature","properties":{"ntaname":"Old Astoria-Hallets Point","boroname":"Queens","ntatype":"0"},"geometry":{"type":"Polygon","coordinates":[[[-73.92827730766551,40.776898975826754],[-73.92784636998898,40.77672664738794],[-73.92398142850024,40.77461511268849],[-73.92780678506122,40.769889038658164],[-73.92647341110653,40.769271396247966],[-73.93036545982827,40.7644907508823],[-73.93618379675429,40.76769180216499],[-73.93593176970903,40.76778370276497],[-73.93577133991252,40.76905001004526],[-73.934717183839,40.770029858717464],[-73.93447448991427,40.77041159718816],[-73.9342460961504,40.77102927567435],[-73.93452730021298,40.77117677510306],[-73.93443525743177,40.771462362333594],[-73.93482622695544,40.77157695857565],[-73.93480681344211,40.7717341383875],[-73.93746638537077,40.772531495125364],[-73.93781335903354,40.77356289515033],[-73.93785811756666,40.77408756897285],[-73.93765483024703,40.77508568538347],[-73.93704702087582,40.775866487041206],[-73.93638022751426,40.77692145656245],[-73.93608919544836,40.77718432207636],[-73.93585452641504,40.77721168462437],[-73.93508232426035,40.777944233727574],[-73.93474352945171,40.7780763353768],[-73.93381132771214,40.77810045473825],[-73.93277477801554,40.777922388777704],[-73.93272210387853,40.77803476711775],[-73.93178834239043,40.777870607104624],[-73.93104964232832,40.77744189731182],[-73.93107377058605,40.77726059439778],[-73.93062856466015,40.77659090274922],[-73.92988058500086,40.776221631902025],[-73.92860514935201,40.7765926751006],[-73.92827730766551,40.776898975826754]]]}},{"type":"Feature","properties":{"ntaname":"Astoria (Central)","boroname":"Queens","ntatype":"0"},"geometry":{"type":"Polygon","coordinates":[[[-73.91194025916087,40.76901015311978],[-73.9144990235603,40.76585640001886],[-73.91370071321843,40.76548023943927],[-73.91499211485011,40.76389230453765],[-73.91579117314488,40.76426777112949],[-73.92415699977637,40.75396114233148],[-73.93215200209738,40.75771038532681],[-73.92965061901405,40.760797762089204],[-73.93054963851196,40.76122060130232],[-73.92943440756808,40.762380093350565],[-73.93133626072911,40.76327644170063],[-73.92647341110653,40.769271396247966],[-73.92780678506122,40.769889038658164],[-73.92398142850024,40.77461511268849],[-73.92216697391144,40.77354687802797],[-73.91770217216155,40.77039311158805],[-73.91807875178459,40.77006199589546],[-73.91725714729296,40.76985353036546],[-73.91194025916087,40.76901015311978]]]}},{"type":"Feature","properties":{"ntaname":"Astoria (East)-Woodside (North)","boroname":"Queens","ntatype":"0"},"geometry":{"type":"Polygon","coordinates":[[[-73.90202516499477,40.76741678384683],[-73.90272369027272,40.766763225512285],[-73.90351227686666,40.7658494601136],[-73.9020729578399,40.76238097012592],[-73.90166369491614,40.76078911365228],[-73.90181874059411,40.76075936713814],[-73.90152851497294,40.759627895683224],[-73.89855492905029,40.7599241041633],[-73.89945019324345,40.758597726633354],[-73.89974199154351,40.75751157950044],[-73.89959167121798,40.756555608131734],[-73.89886270467464,40.75471183528134],[-73.89854223045789,40.75417011243211],[-73.9102312460241,40.752976523975086],[-73.91256954112959,40.75330421573985],[-73.91446450712553,40.75367641223835],[-73.91650534553833,40.75389159079408],[-73.91763192835664,40.75385784877941],[-73.91892348031973,40.75363612491372],[-73.92562743725453,40.752137244755154],[-73.91579117314488,40.76426777112949],[-73.91499211485011,40.76389230453765],[-73.91370071321843,40.76548023943927],[-73.9144990235603,40.76585640001886],[-73.91194025916087,40.76901015311978],[-73.90577352903836,40.76802858875836],[-73.90413637714005,40.767520317811986],[-73.90275779993478,40.767503546616325],[-73.90202516499477,40.76741678384683]]]}},{"type":"Feature","properties":{"ntaname":"Queensbridge-Ravenswood-Dutch Kills","boroname":"Queens","ntatype":"0"},"geometry":{"type":"Polygon","coordinates":[[[-73.93490481282649,40.771270641186845],[-73.9342460961504,40.77102927567435],[-73.93447448991427,40.77041159718816],[-73.93486925338505,40.769850878443535],[-73.93577133991252,40.76905001004526],[-73.93593176970903,40.76778370276497],[-73.93618379675429,40.76769180216499],[-73.93036545982827,40.7644907508823],[-73.93133626072911,40.76327644170063],[-73.92943440756808,40.762380093350565],[-73.93054963851196,40.76122060130232],[-73.92965061901405,40.760797762089204],[-73.93215200209738,40.75771038532681],[-73.92415699977637,40.75396114233148],[-73.92562743725453,40.752137244755154],[-73.93227623247458,40.75195388670734],[-73.93383269252406,40.7516047019395],[-73.9347425902156,40.75097904474172],[-73.93609498888914,40.74973153087829],[-73.93538685189334,40.74941193365533],[-73.93686355580832,40.7484212636472],[-73.93804586445255,40.74945326478057],[-73.93798927725729,40.749688522972804],[-73.93811714651464,40.749832708626116],[-73.94401823315748,40.75234992117889],[-73.94408545636256,40.752280877297984],[-73.94487944944103,40.75260631987494],[-73.95083917075976,40.75521808361636],[-73.94596424131723,40.761292606610034],[-73.94570525552606,40.76148815705637],[-73.94350281966635,40.764499040743665],[-73.94131174875348,40.76691800476947],[-73.93983559216916,40.7679880059388],[-73.9393658722389,40.768159701377186],[-73.93895502453354,40.76795818621723],[-73.93819730754757,40.76869974435682],[-73.93806943217601,40.76871540032433],[-73.937887684264,40.7685575534323],[-73.93777816678435,40.76861905232534],[-73.93795822895181,40.76878493351541],[-73.93747109116914,40.76895155808664],[-73.93681460588624,40.76890394747822],[-73.93668539119413,40.769133054691075],[-73.93670737989143,40.769252609576895],[-73.93640381736164,40.76947488451707],[-73.93616913919516,40.76951611515726],[-73.93574021432576,40.7693672303693],[-73.93524016831186,40.76967932546315],[-73.93489533894557,40.7700418628897],[-73.9346949906708,40.770425337520145],[-73.93514715336494,40.77054195605819],[-73.93500813872274,40.771162394364154],[-73.93490481282649,40.771270641186845]]]}},{"type":"Feature","properties":{"ntaname":"Rikers Island","boroname":"Bronx","ntatype":"5"},"geometry":{"type":"Polygon","coordinates":[[[-73.87287195837615,40.78597502847435],[-73.87351452458634,40.78575009169933],[-73.87533821174856,40.785874816268546],[-73.8766669031308,40.78581299898343],[-73.87830679991396,40.78535662117804],[-73.88537442122866,40.78666912679781],[-73.88596200093642,40.78675251998675],[-73.88692199720253,40.78673311425381],[-73.88715316352526,40.78682618269893],[-73.8877012624019,40.786872275074714],[-73.88830725600013,40.78700634478518],[-73.88905212355026,40.78737256025746],[-73.88940460740871,40.787791280576705],[-73.88961096976723,40.788199991510325],[-73.89012684816382,40.789636279991804],[-73.89030135498923,40.78987672733488],[-73.89079999821561,40.790207576867985],[-73.89160586961077,40.790160700951915],[-73.89197448860936,40.79023627424117],[-73.89218182984825,40.79039427027926],[-73.89282283610926,40.792817081951654],[-73.89261805166412,40.79384099581156],[-73.89179289686568,40.79677524575884],[-73.89126861053282,40.797297592861966],[-73.89073139028322,40.797660899806736],[-73.89087421678985,40.797829748226555],[-73.89080346891845,40.79786274095037],[-73.89071401711375,40.79769528744921],[-73.89062148266619,40.79774892294615],[-73.89083042169382,40.79800740657987],[-73.89060785824164,40.79776750764054],[-73.89016916368709,40.79796465793015],[-73.89011894402748,40.79788745625084],[-73.88936510050216,40.797808091386045],[-73.88886162194008,40.79787305689609],[-73.88831097224373,40.79818418537036],[-73.88851389271126,40.79824315578644],[-73.88846064091254,40.79829085828186],[-73.88856204587574,40.798353403824635],[-73.88850873250016,40.798437839994726],[-73.88839282545293,40.79837528036543],[-73.88851285371689,40.79859054051726],[-73.8889965422283,40.798680754488004],[-73.88897708980052,40.79875053085976],[-73.8886002187003,40.79865098491377],[-73.88858562507403,40.798706071794705],[-73.88821348851359,40.79866530413621],[-73.88825230744402,40.79857718039849],[-73.88839250519864,40.798566296264994],[-73.88823353313644,40.7982428842861],[-73.88755967580657,40.798368732437254],[-73.88713264426153,40.79828110240528],[-73.88665108524664,40.79803819619756],[-73.88531358206146,40.797056525680695],[-73.88395093198143,40.79581988266086],[-73.88371602364711,40.795689838757056],[-73.88362341534086,40.79567299630027],[-73.88373136425903,40.795882336213154],[-73.88365516756649,40.7959672300653],[-73.88320394303746,40.79554499746243],[-73.88209633687384,40.795159861545805],[-73.87980493377017,40.79489225117053],[-73.87874662168565,40.794639444739296],[-73.87797523150648,40.79435979009389],[-73.87690341417036,40.7937754584677],[-73.87581681561576,40.793139835991326],[-73.87485267905681,40.79226072390706],[-73.87417526889703,40.791892455653155],[-73.87361978246565,40.79177281770737],[-73.87303537491206,40.791529627025696],[-73.87221878971063,40.791036861766685],[-73.87171094798327,40.79062407591885],[-73.87121154143406,40.790036122239954],[-73.87101839580241,40.78939257797751],[-73.87079504826823,40.78792901700153],[-73.87137398692956,40.787270914826856],[-73.8716306530724,40.78679790584252],[-73.87247298613042,40.78630300795266],[-73.87287195837615,40.78597502847435]]]}},{"type":"Feature","properties":{"ntaname":"Sunnyside Yards (North)","boroname":"Queens","ntatype":"6"},"geometry":{"type":"Polygon","coordinates":[[[-73.9102312460241,40.752976523975086],[-73.9103411180095,40.75267681551927],[-73.90984318491812,40.75163868049961],[-73.91314339178795,40.75096705267803],[-73.9152560077722,40.75084562644734],[-73.92053900018266,40.74975082835445],[-73.92071243376547,40.75046800745142],[-73.92101480044326,40.750972609969196],[-73.92161207959188,40.75137155212394],[-73.9225504293552,40.75157648013698],[-73.92463369381967,40.751643346331164],[-73.93151911912288,40.751152456340364],[-73.93393939284982,40.75026964577599],[-73.93538685189334,40.74941193365533],[-73.93609498888914,40.74973153087829],[-73.9347425902156,40.75097904474172],[-73.93383269252406,40.7516047019395],[-73.93227623247458,40.75195388670734],[-73.92562743725453,40.752137244755154],[-73.91892348031973,40.75363612491372],[-73.91763192835664,40.75385784877941],[-73.91650534553833,40.75389159079408],[-73.91446450712553,40.75367641223835],[-73.91256954112959,40.75330421573985],[-73.9102312460241,40.752976523975086]]]}},{"type":"Feature","properties":{"ntaname":"St. Michael's Cemetery","boroname":"Queens","ntatype":"7"},"geometry":{"type":"Polygon","coordinates":[[[-73.89432371955363,40.76614647173497],[-73.89460627351048,40.765709354606706],[-73.89509659568759,40.764356578155805],[-73.89645648006261,40.76320483810342],[-73.8987725072315,40.75991557716743],[-73.90152851497294,40.759627895683224],[-73.90181874059411,40.76075936713814],[-73.90166369491614,40.76078911365228],[-73.9020729578399,40.76238097012592],[-73.90351227686666,40.7658494601136],[-73.90217951656335,40.7673158415008],[-73.90202516499477,40.76741678384683],[-73.89432371955363,40.76614647173497]]]}},{"type":"Feature","properties":{"ntaname":"Astoria Park","boroname":"Queens","ntatype":"9"},"geometry":{"type":"Polygon","coordinates":[[[-73.92398142850024,40.77461511268849],[-73.92784636998898,40.77672664738794],[-73.92827730766551,40.776898975826754],[-73.92631833315754,40.778241775184554],[-73.92487344481695,40.7786256050118],[-73.92423362919288,40.77910119443518],[-73.92295652601983,40.7804410081218],[-73.92209965433244,40.78085187530673],[-73.91996458704807,40.7826350690386],[-73.91796581369779,40.781256291967246],[-73.92375761264202,40.77654701252128],[-73.92302571392966,40.775384309888466],[-73.92398142850024,40.77461511268849]]]}},{"type":"Feature","properties":{"ntaname":"Long Island City-Hunters Point","boroname":"Queens","ntatype":"0"},"geometry":{"type":"Polygon","coordinates":[[[-73.93804586445255,40.74945326478063],[-73.93663681803018,40.74820409438761],[-73.94032695991926,40.74541314372137],[-73.94272343003047,40.74457686346523],[-73.94342742773829,40.74423117299754],[-73.94401030271291,40.7436394546211],[-73.94419561612075,40.74288214660561],[-73.94031559689029,40.7444044985513],[-73.93769681500208,40.745238575264274],[-73.93726110650226,40.745176490733606],[-73.9386796880221,40.73820830246165],[-73.94146173397083,40.739248583627024],[-73.94050888805725,40.740113941753286],[-73.94036159218972,40.74033534565808],[-73.9405614496907,40.74041832293436],[-73.93910874138139,40.742617035176856],[-73.93866991753184,40.742534082025145],[-73.9385878697674,40.74293088319027],[-73.9400192297566,40.743208272210936],[-73.9401485852122,40.74283244146026],[-73.93965301521378,40.74273108709586],[-73.94118816630176,40.74029021728921],[-73.94159470030033,40.73986412616913],[-73.94237973008305,40.739430471969804],[-73.94259666844921,40.739395147300485],[-73.94279045640111,40.73919372070193],[-73.94270608992144,40.73911506247626],[-73.94290141828805,40.73900380200718],[-73.9432902686676,40.739008622895945],[-73.94382272278712,40.738871538033166],[-73.9454823659007,40.73820703179651],[-73.94715087181176,40.73790012334491],[-73.95138071451841,40.73933647729526],[-73.95380883920839,40.739820292978116],[-73.9554944182279,40.73977956143369],[-73.9574147069991,40.739556582011495],[-73.95978270280504,40.73851171066122],[-73.96006757901837,40.7384837496239],[-73.9602854405676,40.73824399232724],[-73.96072580373679,40.73808017017932],[-73.96216505619317,40.73827253825914],[-73.96213146112977,40.73845107014833],[-73.96247475087881,40.738628189394774],[-73.96260819684821,40.73879553796766],[-73.96262015810564,40.73903266212594],[-73.9624307900523,40.739671481088116],[-73.96220916425703,40.74000617549806],[-73.96179048263058,40.740013130919586],[-73.96124697945442,40.74042359711535],[-73.96182638910636,40.74063163419439],[-73.96193749932249,40.740794878815585],[-73.96180397423018,40.7410976734722],[-73.96121862785935,40.74110786013018],[-73.96107392501922,40.74169450475212],[-73.96110901150783,40.74179407196714],[-73.96136486577288,40.741837198153306],[-73.96110814501462,40.74182802490296],[-73.96155253168952,40.741993261407345],[-73.96119029722934,40.74264485525967],[-73.96109548654543,40.742781947731594],[-73.96097168385474,40.742754054263905],[-73.96064602180344,40.74339270626334],[-73.96054252046825,40.74346639409337],[-73.96021058070252,40.7435501139504],[-73.95977470797789,40.74350468420323],[-73.95970598360807,40.74385865006141],[-73.96001568862124,40.74392011030365],[-73.95994685233346,40.743784575895276],[-73.9601237537593,40.74393920840526],[-73.96005765843066,40.7438036750126],[-73.96021261942937,40.74398093408061],[-73.96056856726295,40.744029666585185],[-73.96051732536237,40.74410534158377],[-73.95963225023921,40.74393463241688],[-73.95936198209034,40.744213976037294],[-73.9593910660958,40.74428332424144],[-73.95972855228639,40.74427211561957],[-73.96015525451605,40.74436878260551],[-73.96012600962418,40.74444393648907],[-73.95980151675529,40.74432936858101],[-73.95923368945668,40.74431004302671],[-73.95877537004449,40.74455560036616],[-73.95944240940884,40.74460422010981],[-73.95938938708144,40.74470995488402],[-73.95887919943338,40.74462433145487],[-73.95875854768678,40.74494500575542],[-73.95966590521529,40.74517030007996],[-73.95849389303115,40.74498786491641],[-73.95845252269677,40.74511901131977],[-73.95925084238476,40.745315529632585],[-73.95933786844711,40.74550760689611],[-73.95905935607935,40.74575336834659],[-73.95850227459358,40.745764973715396],[-73.95859993477048,40.745895574944726],[-73.95914371692966,40.7460006031761],[-73.95872036326739,40.74664630211694],[-73.9584069333275,40.74688730730461],[-73.9583078232391,40.74706834919537],[-73.95845316661337,40.74709794629869],[-73.95704097276808,40.7489203513766],[-73.95485394268042,40.748040794641135],[-73.95439317918219,40.74795638062456],[-73.95430591777,40.74799481641531],[-73.95436619145806,40.74804487434821],[-73.95415161163967,40.74801441094232],[-73.95436474783496,40.74795117203132],[-73.95318382492817,40.74773481246369],[-73.95305375571401,40.74808748722947],[-73.95478387803723,40.74842768777317],[-73.95632162509689,40.74908155342994],[-73.95601160302678,40.749373994729524],[-73.95622199020642,40.74951730353316],[-73.95600065094655,40.74938370270678],[-73.95576039140944,40.749596659530376],[-73.95620136735029,40.749685633323665],[-73.95608794422743,40.749768729672006],[-73.95546436936395,40.74967421308284],[-73.95534928514437,40.75001385690411],[-73.95513239086358,40.74992642483484],[-73.95520274974783,40.74967653740942],[-73.9550665256012,40.74963273087819],[-73.95451584573348,40.75058669947954],[-73.95465000413118,40.75083104095966],[-73.95447585850476,40.75109726606211],[-73.95449858097594,40.75122583574061],[-73.95389216492563,40.75189075777003],[-73.95292970939114,40.752763649906754],[-73.95131438087363,40.75457955114472],[-73.95101792666415,40.75508691972492],[-73.95083917075965,40.755218083616406],[-73.94487944944107,40.75260631987494],[-73.94408545636244,40.752280877297984],[-73.94401823315738,40.75234992117893],[-73.93811714651454,40.749832708626116],[-73.93798927725723,40.74968852297283],[-73.93804586445255,40.74945326478063]]]}},{"type":"Feature","properties":{"ntaname":"Sunnyside","boroname":"Queens","ntatype":"0"},"geometry":{"type":"Polygon","coordinates":[[[-73.90971148153095,40.74975470947739],[-73.9101499308649,40.748521572909254],[-73.91164202633128,40.74868457627928],[-73.9119097896876,40.74810539493411],[-73.91244853783171,40.7459204027123],[-73.91124722195144,40.74578399353917],[-73.9119870407896,40.74218897978199],[-73.91382781904143,40.742413689124284],[-73.91443483151015,40.74053105397926],[-73.91573535607311,40.74079155985525],[-73.91630108384548,40.73906911846315],[-73.91651190505102,40.73894475796462],[-73.91717737969705,40.73689787074112],[-73.91651522687403,40.736757346510196],[-73.91689741755664,40.73544470881869],[-73.91749307542328,40.73542134601308],[-73.91835109071796,40.73315255900704],[-73.91881437666355,40.73320765485049],[-73.91902180336837,40.73208783911261],[-73.91731464144377,40.731441749355795],[-73.91752107479319,40.7310027052582],[-73.91760690937173,40.730571982029325],[-73.91836395128227,40.72593088310013],[-73.92135004760547,40.72631466900024],[-73.92216877702315,40.72648741164368],[-73.92295535461403,40.72672901611261],[-73.92479726239083,40.72753628889049],[-73.92645216867697,40.728124281874365],[-73.92652759438836,40.727955307335485],[-73.9279089274922,40.72825331631524],[-73.9284859115421,40.72775858067109],[-73.92923485876166,40.72826016576123],[-73.93043971043068,40.728563137284674],[-73.93453176375739,40.729104806032566],[-73.93648138613977,40.72968652034431],[-73.93804478507167,40.73050996784624],[-73.93911054508747,40.731379806525375],[-73.9394097369902,40.73193481236089],[-73.93949645683888,40.73219948241923],[-73.9394122092598,40.732235862251194],[-73.9399104982974,40.73327632785935],[-73.94003200991102,40.733245044305896],[-73.94016538640956,40.73348637434488],[-73.94001807012909,40.73354044127544],[-73.94006709327039,40.73376215298028],[-73.94086498592704,40.735070409091236],[-73.94162472636474,40.73584144233838],[-73.94264171501608,40.736349516517116],[-73.94594410333048,40.73751251570067],[-73.94491139995681,40.73793094275035],[-73.94463860064847,40.73813835203971],[-73.94447895031422,40.73811257495419],[-73.94257885812154,40.73881602077128],[-73.94280384267661,40.7388615464564],[-73.94255612673099,40.73902086624873],[-73.94146173397093,40.73924858362698],[-73.9386796880222,40.73820830246161],[-73.93726110650238,40.745176490733535],[-73.93769681500213,40.745238575264224],[-73.9332639151262,40.74628839696878],[-73.92677093824727,40.747592428305616],[-73.92079784667062,40.74689069172745],[-73.92034233070606,40.74915896087421],[-73.91540599852912,40.75011107614551],[-73.9144499581814,40.75021537863412],[-73.9134843501198,40.750199312179916],[-73.90971148153095,40.74975470947739]]]}},{"type":"Feature","properties":{"ntaname":"Woodside","boroname":"Queens","ntatype":"0"},"geometry":{"type":"Polygon","coordinates":[[[-73.89564469726287,40.74847370607988],[-73.89168988464833,40.742144844700114],[-73.89088670228641,40.74068724516353],[-73.89469075852743,40.740232139182204],[-73.88725300716398,40.73883597461871],[-73.88753539950608,40.73676254300579],[-73.89136855506156,40.73606133167993],[-73.89137858997476,40.735918312996155],[-73.889608278037,40.73593866502983],[-73.88936177643157,40.73583833771049],[-73.88852285901477,40.734531160015514],[-73.88910318916383,40.73459239646196],[-73.89255554589387,40.73447812681237],[-73.89347408234022,40.734602178551015],[-73.89492421708293,40.73500772218356],[-73.89854772669649,40.735191910683234],[-73.89943348465943,40.73506259066804],[-73.90026348547984,40.734741947795364],[-73.90060814855137,40.7344838550728],[-73.90107970834157,40.733914635281465],[-73.90516948771564,40.73585964312785],[-73.90601830248995,40.73401073974847],[-73.90568645850745,40.73391582530949],[-73.90628903408064,40.73240075153316],[-73.91068876335082,40.73347108174243],[-73.9085550145402,40.737930425251506],[-73.90755490341012,40.7416645644079],[-73.9119870407896,40.74218897978199],[-73.91124722195144,40.74578399353917],[-73.91244853783171,40.7459204027123],[-73.9119097896876,40.74810539493411],[-73.91164202633128,40.74868457627928],[-73.9101499308649,40.748521572909254],[-73.90989961382927,40.74908727558486],[-73.90945182619186,40.750655506888926],[-73.90949707313932,40.75095058485499],[-73.9103411180095,40.75267681551927],[-73.9102312460241,40.752976523975086],[-73.89873816340153,40.75415367093812],[-73.89793191964755,40.75293917022699],[-73.89768266902828,40.75239988277305],[-73.89739654391622,40.75080358138859],[-73.89707488590454,40.74994481255301],[-73.8963586964246,40.74877029023691],[-73.89564469726287,40.74847370607988]]]}},{"type":"Feature","properties":{"ntaname":"Sunnyside Yards (South)","boroname":"Queens","ntatype":"6"},"geometry":{"type":"Polygon","coordinates":[[[-73.90971148153095,40.74975470947739],[-73.9134843501198,40.750199312179916],[-73.9144499581814,40.75021537863412],[-73.91540599852912,40.75011107614551],[-73.92034233070606,40.74915896087421],[-73.92079784667062,40.74689069172745],[-73.92677093824727,40.747592428305616],[-73.9332639151262,40.74628839696878],[-73.93769681500213,40.745238575264224],[-73.94031559689029,40.7444044985513],[-73.94419561612075,40.742882146605574],[-73.94401030271301,40.74363945462107],[-73.94342742773834,40.74423117299754],[-73.94272343003041,40.7445768634652],[-73.9403269599192,40.74541314372137],[-73.93663681803012,40.74820409438756],[-73.93686355580832,40.7484212636472],[-73.93538685189334,40.74941193365533],[-73.93393939284982,40.75026964577599],[-73.93151911912288,40.751152456340364],[-73.92463369381967,40.751643346331164],[-73.9225504293552,40.75157648013698],[-73.92161207959188,40.75137155212394],[-73.92101480044326,40.750972609969196],[-73.92071243376547,40.75046800745142],[-73.92053900018266,40.74975082835445],[-73.9152560077722,40.75084562644734],[-73.91314339178795,40.75096705267803],[-73.90984318491812,40.75163868049961],[-73.90944330814898,40.75075513303515],[-73.90971148153095,40.74975470947739]]]}},{"type":"Feature","properties":{"ntaname":"Calvary & Mount Zion Cemeteries","boroname":"Queens","ntatype":"7"},"geometry":{"type":"Polygon","coordinates":[[[-73.91382781904143,40.742413689124284],[-73.90755490341012,40.7416645644079],[-73.9085550145402,40.737930425251506],[-73.91068876335082,40.73347108174243],[-73.90628903408064,40.73240075153316],[-73.90568645850745,40.73391582530949],[-73.90601830248995,40.73401073974847],[-73.90516948771564,40.73585964312785],[-73.90107970834157,40.733914635281465],[-73.90518057853612,40.72895657764349],[-73.90706867229271,40.72746652344227],[-73.910125169557,40.72932347579918],[-73.91173061792142,40.729964124082905],[-73.91200974532912,40.729228864817145],[-73.91204824987389,40.728541407777],[-73.91505217941192,40.728601181002006],[-73.91507233746363,40.727970820738676],[-73.91796696574369,40.728500770628514],[-73.91752107479319,40.7310027052582],[-73.91731464144377,40.731441749355795],[-73.91902180336837,40.73208783911261],[-73.91881437666355,40.73320765485049],[-73.91835109071796,40.73315255900704],[-73.91749307542328,40.73542134601308],[-73.91689741755664,40.73544470881869],[-73.91651522687403,40.736757346510196],[-73.91717737969705,40.73689787074112],[-73.91651190505102,40.73894475796462],[-73.91630108384548,40.73906911846315],[-73.91573535607311,40.74079155985525],[-73.91443483151015,40.74053105397926],[-73.91382781904143,40.742413689124284]]]}},{"type":"Feature","properties":{"ntaname":"Jackson Heights","boroname":"Queens","ntatype":"0"},"geometry":{"type":"Polygon","coordinates":[[[-73.8736572171208,40.756803485602184],[-73.87084215574664,40.751544693088924],[-73.8694245844896,40.74915685151845],[-73.89175048638339,40.74681172763542],[-73.8963586964246,40.74877029023691],[-73.89726536609948,40.75034094840249],[-73.89767756325354,40.75238527280447],[-73.89793191964755,40.75293917022699],[-73.89873816340153,40.75415367093812],[-73.89854223045789,40.75417011243211],[-73.89886270467464,40.75471183528134],[-73.89959167121798,40.756555608131734],[-73.89974199154351,40.75751157950044],[-73.89945019324345,40.758597726633354],[-73.89855492905029,40.7599241041633],[-73.8987725072315,40.75991557716743],[-73.89645648006261,40.76320483810342],[-73.89509659568759,40.764356578155805],[-73.89460627351048,40.765709354606706],[-73.89432371955363,40.76614647173497],[-73.89385987595305,40.766421445750474],[-73.89246353780938,40.766284598559174],[-73.89109027713035,40.766336635602826],[-73.89089043605885,40.76585819861232],[-73.88918520463135,40.76629769192876],[-73.8887731048614,40.766511327173184],[-73.88834201745371,40.766596800355174],[-73.8883654633568,40.76676959313512],[-73.88772988070632,40.76691443487074],[-73.88708963943286,40.76501345524443],[-73.88639712234833,40.76121645324452],[-73.87895382666481,40.761983981983406],[-73.87601371794547,40.761443732138886],[-73.87513874233443,40.75663381606016],[-73.8736572171208,40.756803485602184]]]}},{"type":"Feature","properties":{"ntaname":"East Elmhurst","boroname":"Queens","ntatype":"0"},"geometry":{"type":"Polygon","coordinates":[[[-73.86093691422919,40.7637286154913],[-73.85956252243186,40.76197196766705],[-73.859756288603,40.761835800163446],[-73.85912375729214,40.76127549915759],[-73.85810853898091,40.76063718244453],[-73.85603980807308,40.759725788082655],[-73.8552514001428,40.75914753134192],[-73.85463995663274,40.758466157765206],[-73.85856138902115,40.75791243685632],[-73.86567436887039,40.75762958285565],[-73.87513874233443,40.75663381606016],[-73.87601371794547,40.761443732138886],[-73.87895382666481,40.761983981983406],[-73.88639712234833,40.76121645324452],[-73.88708963943286,40.76501345524443],[-73.88772988070632,40.76691443487074],[-73.88570463688592,40.767489081703246],[-73.88431910348122,40.767981661495526],[-73.88238366245855,40.76885740484817],[-73.87876439572224,40.77079292540998],[-73.87699426181423,40.77142266038266],[-73.87552725449224,40.77172981678103],[-73.87441000315363,40.77184760599085],[-73.8729909892774,40.771854541769436],[-73.8718464614572,40.77174207993593],[-73.87026142648355,40.77135696228379],[-73.8688306699114,40.770733202081985],[-73.86800281688815,40.77025516934752],[-73.86598349192941,40.76886012712934],[-73.86427231280356,40.76743285892282],[-73.86312333627419,40.766302293701756],[-73.86093691422919,40.7637286154913]]]}},{"type":"Feature","properties":{"ntaname":"North Corona","boroname":"Queens","ntatype":"0"},"geometry":{"type":"Polygon","coordinates":[[[-73.85220450477739,40.752660682361785],[-73.86111707530164,40.75002422886752],[-73.8694245844896,40.74915685151845],[-73.87084215574664,40.751544693088924],[-73.8736572171208,40.756803485602184],[-73.86567436887039,40.75762958285565],[-73.85856138902115,40.75791243685632],[-73.85463995663274,40.758466157765206],[-73.85407475724476,40.75766325432999],[-73.8535947748382,40.75669624865124],[-73.85261725264013,40.75340506602956],[-73.85220450477739,40.752660682361785]]]}},{"type":"Feature","properties":{"ntaname":"Elmhurst","boroname":"Queens","ntatype":"0"},"geometry":{"type":"Polygon","coordinates":[[[-73.86582955951802,40.73664322351373],[-73.86457248510011,40.73418839751414],[-73.86878781474637,40.73293214138409],[-73.87404481925668,40.73117007420907],[-73.87483703600127,40.73083700366211],[-73.87664005821294,40.73029916800203],[-73.88005274315167,40.72899068625354],[-73.88140288134223,40.728732306040776],[-73.88527716913296,40.728407080361016],[-73.88638881821092,40.72815286592424],[-73.8872048245606,40.72786882893659],[-73.88723573007663,40.728932964661],[-73.88755962006357,40.7301970557394],[-73.88805975152022,40.730087231202994],[-73.88852285901477,40.734531160015514],[-73.88936177643157,40.73583833771049],[-73.889608278037,40.73593866502983],[-73.89137858997476,40.735918312996155],[-73.89136855506156,40.73606133167993],[-73.88753539950608,40.73676254300579],[-73.88725300716398,40.73883597461871],[-73.89469075852743,40.740232139182204],[-73.89088670228641,40.74068724516353],[-73.89168988464833,40.742144844700114],[-73.89564469726287,40.74847370607988],[-73.89175048638339,40.74681172763542],[-73.8694245844896,40.74915685151845],[-73.86891395713191,40.748368877040946],[-73.86852925170723,40.74758830224446],[-73.8674913490406,40.74330204795835],[-73.86747169101561,40.74209572251828],[-73.86755729400578,40.74167769782747],[-73.86756253362448,40.740941889595774],[-73.86582955951802,40.73664322351373]]]}},{"type":"Feature","properties":{"ntaname":"Corona","boroname":"Queens","ntatype":"0"},"geometry":{"type":"Polygon","coordinates":[[[-73.84755579631894,40.739063915743635],[-73.8496085818006,40.73818321552236],[-73.85191248724905,40.73742340697297],[-73.85632260554273,40.73650613449278],[-73.85877141151009,40.735785289538065],[-73.8588655562166,40.73593913930966],[-73.86462193356107,40.73428169011493],[-73.86582955951802,40.73664322351373],[-73.86756253362448,40.740941889595774],[-73.86755729400578,40.74167769782747],[-73.86747169101561,40.74209572251828],[-73.8674913490406,40.74330204795835],[-73.86852925170723,40.74758830224446],[-73.86891395713191,40.748368877040946],[-73.8694245844896,40.74915685151845],[-73.86111707530164,40.75002422886752],[-73.85220450477739,40.752660682361785],[-73.85086439577863,40.74999564187307],[-73.85442575165439,40.74885172738613],[-73.8536056829371,40.74749682909479],[-73.85011556548316,40.74072356279743],[-73.84996425934501,40.740701772780014],[-73.84986181061382,40.74057672006487],[-73.84809495643508,40.74002699228168],[-73.84794173925815,40.73981640566471],[-73.84779173467615,40.73983078601063],[-73.84777844151239,40.73934483574819],[-73.84755579631894,40.739063915743635]]]}},{"type":"Feature","properties":{"ntaname":"Maspeth","boroname":"Queens","ntatype":"0"},"geometry":{"type":"Polygon","coordinates":[[[-73.88852285901477,40.734531160015514],[-73.88805975152022,40.730087231202994],[-73.88755962006357,40.7301970557394],[-73.88723573007663,40.728932964661],[-73.88720395608732,40.72619323192385],[-73.88713253421011,40.72614234653362],[-73.88707712051257,40.724637701845],[-73.88618322343763,40.724610059782194],[-73.88258786884484,40.725082765284796],[-73.88163408963928,40.723880454012686],[-73.89116014289719,40.71946027976745],[-73.89423532406491,40.71792437978085],[-73.8945750270531,40.71837744972756],[-73.8928625677604,40.71921070577881],[-73.89473892399079,40.72157729339405],[-73.89427879600704,40.72177400270325],[-73.89497218993841,40.72282359575468],[-73.89426494144978,40.72314318891679],[-73.89451032449544,40.72313194913192],[-73.8956974326074,40.723412586214],[-73.89582380640651,40.72389882212871],[-73.898352850163,40.72311229087276],[-73.89903191817592,40.72385696031509],[-73.90011223589211,40.72330816565856],[-73.8998161002817,40.721236901284854],[-73.8973970477915,40.72155120995722],[-73.89736598317032,40.72046438387832],[-73.8977482428847,40.72035734729938],[-73.89783709863057,40.720470196916665],[-73.90009286293615,40.72017685333899],[-73.90062644361817,40.71976405404416],[-73.90033454380907,40.71866914057504],[-73.90033904209324,40.71801994856641],[-73.90005937978121,40.71804637961166],[-73.89985149268672,40.718375397965],[-73.89834760053333,40.71919767856984],[-73.89726757777942,40.71814715656215],[-73.89882095410047,40.717372228500594],[-73.89901820945803,40.71738212746651],[-73.89792430209128,40.71678540281913],[-73.89758653537898,40.71649471524495],[-73.89553825056457,40.713803633708196],[-73.89506469374547,40.71247956272748],[-73.90607768457534,40.71290296470982],[-73.92404011245955,40.71400831262851],[-73.92405909582877,40.71411156014666],[-73.92368352152467,40.71408284191096],[-73.92412241575497,40.71513804844535],[-73.92366895697221,40.71553556743527],[-73.92279196672375,40.715800264250355],[-73.92232970167701,40.7160765451726],[-73.92064258940599,40.71577319202898],[-73.9205690553611,40.716003708340814],[-73.9222376112428,40.71638244099685],[-73.92279414745396,40.71753457614416],[-73.92346602654162,40.71813033432244],[-73.92365007474687,40.7186091949691],[-73.92393867329353,40.71904275678717],[-73.92396652595409,40.719714303327414],[-73.92383575405708,40.72014816357578],[-73.92422716247574,40.720887344592064],[-73.92416652985146,40.72116576058385],[-73.92424364921007,40.72142949875874],[-73.92464655219551,40.72184260186054],[-73.92491241131376,40.72196013830903],[-73.92519872182672,40.72244542357399],[-73.92508547471728,40.722470736068935],[-73.9245785228291,40.72345967445611],[-73.92442298754985,40.7235899749812],[-73.9229973006625,40.7236692924137],[-73.92242698747033,40.72361014269693],[-73.92214330961285,40.723707557018905],[-73.92073356094131,40.72330981277065],[-73.9203706423579,40.72368111281607],[-73.92108547646309,40.723811215086144],[-73.9216656348037,40.72405531631652],[-73.92228620280949,40.724181285932445],[-73.92428434470955,40.72429101259572],[-73.92465327395487,40.72438764448709],[-73.92528222312207,40.72472087389924],[-73.92655663912454,40.72566906478483],[-73.92721721119993,40.7264606447605],[-73.92810972244405,40.7272613806742],[-73.9284859115421,40.72775858067109],[-73.9279089274922,40.72825331631524],[-73.92652759438836,40.727955307335485],[-73.92645216867697,40.728124281874365],[-73.92479726239083,40.72753628889049],[-73.92295535461403,40.72672901611261],[-73.92216877702315,40.72648741164368],[-73.92135004760547,40.72631466900024],[-73.91836395128227,40.72593088310013],[-73.91796696574369,40.728500770628514],[-73.91507233746363,40.727970820738676],[-73.91505217941192,40.728601181002006],[-73.91204824987389,40.728541407777],[-73.91200974532912,40.729228864817145],[-73.91173061792142,40.729964124082905],[-73.910125169557,40.72932347579918],[-73.90706867229271,40.72746652344227],[-73.90518057853612,40.72895657764349],[-73.90060814855137,40.7344838550728],[-73.90026348547984,40.73474194779536],[-73.89982513040265,40.73493139501915],[-73.89902209966382,40.73514908398636],[-73.89830799616651,40.73519418432527],[-73.8960293150264,40.735017891608294],[-73.89492421708293,40.73500772218356],[-73.89347408234022,40.734602178551015],[-73.89255554589387,40.73447812681237],[-73.88910318916383,40.73459239646196],[-73.88852285901477,40.734531160015514]]]}},{"type":"Feature","properties":{"ntaname":"Ridgewood","boroname":"Queens","ntatype":"0"},"geometry":{"type":"Polygon","coordinates":[[[-73.90607768457534,40.71290296470982],[-73.88842000644362,40.71226995777938],[-73.88731119081702,40.71055891587812],[-73.88813121677582,40.71034214248916],[-73.88785210167515,40.709891030193624],[-73.88862202372279,40.709667927734934],[-73.88821599071345,40.70889868644866],[-73.88938120545319,40.708547171701],[-73.88929924389514,40.707899569803494],[-73.88553214158814,40.7064456832489],[-73.88554946851846,40.70615461853382],[-73.88652826726778,40.70622520637669],[-73.88911917685428,40.70559887789942],[-73.8898433014183,40.70497240219519],[-73.89105316884583,40.70381641430696],[-73.89279748948294,40.70197195397857],[-73.89271678327681,40.7018622071857],[-73.89305762957346,40.70167726143404],[-73.89384018347869,40.70085972656156],[-73.89387463014415,40.70073541316455],[-73.89420165107546,40.70050730944688],[-73.89500322618817,40.69971237796606],[-73.89484994897542,40.69858962332291],[-73.89578005001509,40.698510962643475],[-73.89558457583472,40.69712764200624],[-73.89677249877954,40.696799116795425],[-73.89838185109375,40.696135997501685],[-73.90003039084218,40.69343745124335],[-73.90020195659926,40.693398462374134],[-73.90074962200802,40.69248266359243],[-73.90058403257873,40.692397786759315],[-73.90139840574003,40.69158999203721],[-73.90579597009139,40.69412715601634],[-73.90426018345657,40.695700371442825],[-73.9118068203699,40.69994688252277],[-73.91067882671317,40.701045969566344],[-73.91290404033842,40.70236189179874],[-73.91180709937288,40.703434952528376],[-73.92189184632589,40.70939609721312],[-73.92074853049758,40.71053364895845],[-73.92154601629636,40.711043283534565],[-73.92223466389498,40.712855954865084],[-73.92404011245955,40.71400831262851],[-73.90607768457534,40.71290296470982]]]}},{"type":"Feature","properties":{"ntaname":"Glendale","boroname":"Queens","ntatype":"0"},"geometry":{"type":"Polygon","coordinates":[[[-73.85729287192218,40.71146767719115],[-73.85667714278766,40.70769187446505],[-73.85593793979514,40.70639628822719],[-73.85471652431808,40.7067694968294],[-73.85470823889172,40.705210974814655],[-73.85305663769039,40.7031370471151],[-73.85252018988406,40.70229172361688],[-73.85529275816589,40.70259550178674],[-73.85529571355171,40.70199100960875],[-73.85722762629649,40.70165172035626],[-73.857279339531,40.7012125138238],[-73.85827405761421,40.70122365990838],[-73.85893224244882,40.701320345427305],[-73.85823494833606,40.70283289066995],[-73.8580845148311,40.70289677765264],[-73.86280855583294,40.70341091580511],[-73.87639785062429,40.70229404227518],[-73.87621714111846,40.701595005488045],[-73.88174317583888,40.69953389506322],[-73.88280948430287,40.70068345565604],[-73.88431619385398,40.70020119700814],[-73.88771297954062,40.69967807635778],[-73.88818025719999,40.69885791191108],[-73.88788297496242,40.69801512131745],[-73.88793588364756,40.698003141863786],[-73.88783456925324,40.6976579484022],[-73.887392721047,40.697021285935904],[-73.88648530276926,40.6964399152595],[-73.88865416765059,40.69582954889939],[-73.88818204912515,40.69505776803751],[-73.89190386108368,40.69431533708753],[-73.89245207558912,40.69522572929158],[-73.89507694293881,40.694591389701756],[-73.8955862536911,40.69397916251387],[-73.89398113147993,40.693075966044525],[-73.89357934937728,40.693085329231764],[-73.8932620980334,40.692200947458545],[-73.89474270809995,40.69263695345887],[-73.89695653441352,40.69194920811647],[-73.89768631776539,40.69336525898252],[-73.89764233465452,40.693408651375755],[-73.89742730091562,40.69328898065161],[-73.89691021266253,40.6938422705381],[-73.89736265666656,40.6941108479019],[-73.89858277036454,40.693897028322674],[-73.90003039084218,40.69343745124335],[-73.89838185109375,40.696135997501685],[-73.89677249877954,40.696799116795425],[-73.89558457583472,40.69712764200624],[-73.89578005001509,40.698510962643475],[-73.89484994897542,40.69858962332291],[-73.89500322618817,40.69971237796606],[-73.89420165107546,40.70050730944688],[-73.89387463014415,40.70073541316455],[-73.89384018347869,40.70085972656156],[-73.89305762957346,40.70167726143404],[-73.89271678327681,40.7018622071857],[-73.89279748948294,40.70197195397857],[-73.89105316884583,40.70381641430696],[-73.88911917685428,40.70559887789942],[-73.88652826726778,40.70622520637669],[-73.88554946851846,40.70615461853382],[-73.88553214158814,40.7064456832489],[-73.88377296851912,40.70629420232434],[-73.87153400383458,40.70703676755917],[-73.86911007026978,40.707089336763666],[-73.87017879970772,40.70923187162264],[-73.86661823125355,40.71040164922821],[-73.86500981935464,40.7107769094354],[-73.8596541674942,40.71337996208153],[-73.85975932730761,40.711845059783215],[-73.85729287192218,40.71146767719115]]]}},{"type":"Feature","properties":{"ntaname":"Middle Village","boroname":"Queens","ntatype":"0"},"geometry":{"type":"Polygon","coordinates":[[[-73.86547610782141,40.72028093825461],[-73.86716736730756,40.71964091806119],[-73.8705305548885,40.71816075207411],[-73.8723917118283,40.71783057869373],[-73.87208400886988,40.71599084416442],[-73.87169362586245,40.71425986947695],[-73.87154693230556,40.7125969478758],[-73.87032063308534,40.709898999726924],[-73.87017879970772,40.70923187162264],[-73.86911007026978,40.707089336763666],[-73.87153400383458,40.70703676755917],[-73.88088332654698,40.706453978273],[-73.88086188417752,40.706584729365254],[-73.87761134046428,40.70716770625018],[-73.87872783141286,40.71002753514139],[-73.87926181116097,40.70990534793724],[-73.87943495437466,40.71028441943501],[-73.87907685128268,40.71035938983904],[-73.8800626757471,40.712652573688274],[-73.88507555594765,40.71216105627767],[-73.88687942908237,40.71222318607758],[-73.88684873492177,40.71253457071928],[-73.88773734792672,40.713636134929565],[-73.88712171630216,40.71375965073658],[-73.88721622141017,40.71405685799291],[-73.88717852727044,40.714756392640844],[-73.88725557877292,40.71497413044565],[-73.88844139986978,40.716436662221376],[-73.89063515929506,40.71881274644736],[-73.89065043499122,40.71855932298649],[-73.8914016745876,40.71783414388309],[-73.89164437196251,40.71774612889537],[-73.89269369302033,40.71666936049023],[-73.89263875542383,40.71659120432927],[-73.89301489203416,40.71615028449025],[-73.89423532406491,40.71792437978085],[-73.89116014289719,40.71946027976745],[-73.88163408963928,40.723880454012686],[-73.88258786884484,40.725082765284796],[-73.88618322343763,40.724610059782194],[-73.88707712051257,40.724637701845],[-73.88713253421011,40.72614234653362],[-73.88720395608732,40.72619323192385],[-73.8872048245606,40.72786882893659],[-73.88638881821092,40.72815286592424],[-73.88527716913296,40.728407080361016],[-73.88140288134223,40.728732306040776],[-73.88039010699585,40.72890521959473],[-73.8797226829646,40.72908887550374],[-73.87664005821294,40.73029916800203],[-73.87523717426548,40.73072395864231],[-73.87146074117443,40.72932637413712],[-73.87084539292056,40.72748459343925],[-73.86929270423025,40.72443592947432],[-73.86547610782141,40.72028093825461]]]}},{"type":"Feature","properties":{"ntaname":"Mount Olivet & All Faiths Cemeteries","boroname":"Queens","ntatype":"7"},"geometry":{"type":"Polygon","coordinates":[[[-73.8945750270531,40.71837744972756],[-73.89301489203416,40.71615028449025],[-73.89263875542383,40.71659120432927],[-73.89269369302033,40.71666936049023],[-73.89164437196251,40.71774612889537],[-73.8914016745876,40.71783414388309],[-73.89065043499122,40.71855932298649],[-73.89063515929506,40.71881274644736],[-73.88844139986978,40.716436662221376],[-73.88725557877292,40.71497413044565],[-73.88717852727044,40.714756392640844],[-73.88721622141017,40.71405685799291],[-73.88712171630216,40.71375965073658],[-73.88773734792672,40.713636134929565],[-73.88684873492177,40.71253457071928],[-73.88687942908237,40.71222318607758],[-73.89506469374547,40.71247956272748],[-73.89553825056457,40.713803633708196],[-73.89758653537898,40.71649471524495],[-73.89792430209128,40.71678540281913],[-73.89901820945803,40.71738212746651],[-73.89882095410047,40.717372228500594],[-73.89726757777942,40.71814715656215],[-73.89834760053333,40.71919767856984],[-73.89985149268672,40.718375397965],[-73.90005937978121,40.71804637961166],[-73.90033904209324,40.71801994856641],[-73.90033454380907,40.71866914057504],[-73.90062644361817,40.71976405404416],[-73.90009286293615,40.72017685333899],[-73.89783709863057,40.720470196916665],[-73.8977482428847,40.72035734729938],[-73.89736598317032,40.72046438387832],[-73.8973970477915,40.72155120995722],[-73.8998161002817,40.721236901284854],[-73.90011223589211,40.72330816565856],[-73.89903191817592,40.72385696031509],[-73.898352850163,40.72311229087276],[-73.89582380640651,40.72389882212871],[-73.8956974326074,40.723412586214],[-73.89451032449544,40.72313194913192],[-73.89426494144978,40.72314318891679],[-73.89497218993841,40.72282359575468],[-73.89427879600704,40.72177400270325],[-73.89473892399079,40.72157729339405],[-73.8928625677604,40.71921070577881],[-73.8945750270531,40.71837744972756]]]}},{"type":"Feature","properties":{"ntaname":"Middle Village Cemetery","boroname":"Queens","ntatype":"7"},"geometry":{"type":"Polygon","coordinates":[[[-73.88088332654698,40.706453978273],[-73.88377296851912,40.70629420232434],[-73.88553214158814,40.7064456832489],[-73.88929924389514,40.707899569803494],[-73.88938120545319,40.708547171701],[-73.88821599071345,40.70889868644866],[-73.88862202372279,40.709667927734934],[-73.88785210167515,40.709891030193624],[-73.88813121677582,40.71034214248916],[-73.88731119081702,40.71055891587812],[-73.88842000644362,40.71226995777938],[-73.88507555594765,40.71216105627767],[-73.8800626757471,40.712652573688274],[-73.87907685128268,40.71035938983904],[-73.87943495437466,40.71028441943501],[-73.87926181116097,40.70990534793724],[-73.87872783141286,40.71002753514139],[-73.87761134046428,40.70716770625018],[-73.88086188417752,40.706584729365254],[-73.88088332654698,40.706453978273]]]}},{"type":"Feature","properties":{"ntaname":"St. John Cemetery","boroname":"Queens","ntatype":"7"},"geometry":{"type":"Polygon","coordinates":[[[-73.8596541674942,40.71337996208153],[-73.86500981935464,40.7107769094354],[-73.86661823125355,40.71040164922821],[-73.87017879970772,40.70923187162264],[-73.87032063308534,40.709898999726924],[-73.87154693230556,40.7125969478758],[-73.87169362586245,40.71425986947695],[-73.87208400886988,40.71599084416442],[-73.8723917118283,40.71783057869373],[-73.8705305548885,40.71816075207411],[-73.86716736730756,40.71964091806119],[-73.86547610782141,40.72028093825461],[-73.86301850054227,40.71770788252607],[-73.86003789787706,40.714932235723076],[-73.85964030974631,40.71400921990975],[-73.8596541674942,40.71337996208153]]]}},{"type":"Feature","properties":{"ntaname":"Highland Park-Cypress Hills Cemeteries (North)","boroname":"Queens","ntatype":"7"},"geometry":{"type":"Polygon","coordinates":[[[-73.8689176262462,40.695146562016056],[-73.87402053240578,40.69419129572023],[-73.87950641088634,40.691146770014655],[-73.88377698517142,40.68786341168635],[-73.88452250891285,40.686684749765206],[-73.88808341776439,40.685293632673186],[-73.88962787424639,40.68423645475421],[-73.89015418672706,40.685003990977364],[-73.89258303036219,40.683491911389325],[-73.89417463179072,40.685283248672555],[-73.8957794543688,40.68349718402775],[-73.8962863462162,40.682758382586805],[-73.89646625062831,40.68233642297806],[-73.90116154928245,40.68787793602472],[-73.90042464980966,40.688183899378444],[-73.90188776166707,40.691077721077846],[-73.90058403257873,40.692397786759315],[-73.90074962200802,40.69248266359243],[-73.90020195659926,40.693398462374134],[-73.89858277036454,40.693897028322674],[-73.89736265666656,40.6941108479019],[-73.89691021266253,40.6938422705381],[-73.89742730091562,40.69328898065161],[-73.89764233465452,40.693408651375755],[-73.89768631776539,40.69336525898252],[-73.89695653441352,40.69194920811647],[-73.89474270809995,40.69263695345887],[-73.8932620980334,40.692200947458545],[-73.89357934937728,40.693085329231764],[-73.89398113147993,40.693075966044525],[-73.8955862536911,40.69397916251387],[-73.89507694293881,40.694591389701756],[-73.89245207558912,40.69522572929158],[-73.89190386108368,40.69431533708753],[-73.88818204912515,40.69505776803751],[-73.88865416765059,40.69582954889939],[-73.88648530276926,40.6964399152595],[-73.887392721047,40.697021285935904],[-73.88783456925324,40.6976579484022],[-73.88793588364756,40.698003141863786],[-73.88788297496242,40.69801512131745],[-73.88818025719999,40.69885791191108],[-73.88771297954062,40.69967807635778],[-73.88431619385398,40.70020119700814],[-73.88280948430287,40.70068345565604],[-73.88174317583888,40.69953389506322],[-73.87621714111846,40.701595005488045],[-73.87639785062429,40.70229404227518],[-73.86915596091336,40.70289343416234],[-73.86898508283825,40.7017443564554],[-73.8695262768068,40.70160574337995],[-73.86931433152246,40.699355148004855],[-73.87067421777537,40.69784106551843],[-73.8689176262462,40.695146562016056]]]}},{"type":"Feature","properties":{"ntaname":"Rego Park","boroname":"Queens","ntatype":"0"},"geometry":{"type":"Polygon","coordinates":[[[-73.8588655562166,40.73593913930966],[-73.85625664948243,40.73095912309851],[-73.85851097754131,40.73028680330544],[-73.85762923515857,40.728606921813835],[-73.85798089544537,40.728735445245995],[-73.85941987945064,40.72646483756206],[-73.85727107984803,40.725681298088084],[-73.85805416739869,40.72444540610082],[-73.86203833783489,40.725956785406034],[-73.85990796356725,40.72434623516033],[-73.85868097494433,40.72261244048231],[-73.85777174464216,40.716456269156396],[-73.85744857821226,40.71369280004778],[-73.85729287192218,40.71146767719115],[-73.85975932730761,40.711845059783215],[-73.85963616848426,40.713978132040445],[-73.85975358611633,40.714389233808845],[-73.86003789787706,40.714932235723076],[-73.86301850054227,40.71770788252607],[-73.8652387052367,40.71997671002584],[-73.86929270423025,40.72443592947432],[-73.87084539292056,40.72748459343925],[-73.87146074117443,40.72932637413712],[-73.87523717426548,40.73072395864231],[-73.86878781474637,40.73293214138409],[-73.86457248510011,40.73418839751414],[-73.86462193356107,40.73428169011493],[-73.8588655562166,40.73593913930966]]]}},{"type":"Feature","properties":{"ntaname":"Forest Hills","boroname":"Queens","ntatype":"0"},"geometry":{"type":"Polygon","coordinates":[[[-73.83097820817336,40.714313605287636],[-73.83315519435634,40.71324051690602],[-73.83597706956753,40.711705956974846],[-73.83611476516761,40.7118251468735],[-73.8370368815126,40.71131170508137],[-73.83770894067275,40.711036484269606],[-73.84133936543044,40.709946234362405],[-73.84453738714153,40.70866105563943],[-73.84567198082914,40.708410366793395],[-73.84665724023397,40.708318643009974],[-73.84876725167143,40.70844457943289],[-73.8493315614799,40.708388333680105],[-73.85593793979514,40.70639628822719],[-73.85667714278766,40.70769187446505],[-73.85729287192218,40.71146767719115],[-73.85744857821226,40.71369280004778],[-73.85777174464216,40.716456269156396],[-73.85868097494433,40.72261244048231],[-73.85990796356725,40.72434623516033],[-73.86203833783489,40.725956785406034],[-73.85805416739869,40.72444540610082],[-73.85727107984803,40.725681298088084],[-73.85941987945064,40.72646483756206],[-73.85798089544537,40.728735445245995],[-73.85762923515857,40.728606921813835],[-73.85851097754131,40.73028680330544],[-73.85625664948243,40.73095912309851],[-73.85877141151009,40.735785289538065],[-73.85632260554273,40.73650613449278],[-73.85278232085616,40.73720935584912],[-73.85134604533705,40.73758845234141],[-73.84863622641704,40.73855694998662],[-73.84755579631894,40.739063915743635],[-73.84721361521655,40.73864398735329],[-73.84689366105576,40.738671217393154],[-73.84605541770422,40.73709918897149],[-73.84590881383592,40.73639980172257],[-73.84542613027915,40.73494980377872],[-73.84418886465552,40.732642019579956],[-73.84285558354436,40.73114091183742],[-73.84146810773275,40.729998093473796],[-73.84032703163582,40.72880711563218],[-73.83985434224356,40.7281775697852],[-73.83906354527967,40.72687953417365],[-73.8373145942717,40.72357150922379],[-73.83649768286769,40.722338536559356],[-73.83596312273758,40.7216771681247],[-73.83538045081515,40.72072218104147],[-73.83501684164105,40.71952679952753],[-73.83488359346718,40.71930327241618],[-73.83207140887906,40.71729059648569],[-73.82983328300575,40.7155677836586],[-73.8301037265875,40.715176707656596],[-73.83050460940986,40.714856945301364],[-73.8314586691967,40.71455445043996],[-73.83097820817336,40.714313605287636]]]}},{"type":"Feature","properties":{"ntaname":"College Point","boroname":"Queens","ntatype":"0"},"geometry":{"type":"MultiPolygon","coordinates":[[[[-73.83905334881253,40.765958678098045],[-73.83935912159866,40.765409871852285],[-73.8394581331383,40.76544576895956],[-73.83913189197197,40.76599110607021],[-73.83905334881253,40.765958678098045]]],[[[-73.86788407470766,40.78736103669476],[-73.86803304873455,40.78718202995289],[-73.86813031999918,40.7872327783469],[-73.86918113437791,40.785943489570144],[-73.86923491611483,40.78596991541737],[-73.86817127125163,40.78725619565468],[-73.86823784768379,40.787279643084936],[-73.86809912257888,40.787458661818576],[-73.86788407470766,40.78736103669476]]],[[[-73.83839013354552,40.798304872076145],[-73.83919004727309,40.797777265945236],[-73.84025860809137,40.797588858432334],[-73.83997099590049,40.79690564189244],[-73.83903676812523,40.79705247607581],[-73.83840083077962,40.79675525830704],[-73.83736225289819,40.79426352424789],[-73.83706498880147,40.79385109892895],[-73.8371260469754,40.79369555004132],[-73.83663288923375,40.79251637553879],[-73.8365907861629,40.79208255055193],[-73.83661598944191,40.79176276700107],[-73.8369090553902,40.791537219521004],[-73.83732085415384,40.79139278568124],[-73.83751566673905,40.79101213010184],[-73.83744161531374,40.79083135677945],[-73.83752705697886,40.7906931359786],[-73.8375035888359,40.79046166072565],[-73.83681814957045,40.79046990635997],[-73.8370125769371,40.79040892062418],[-73.8374819140324,40.79043449792194],[-73.83738781967524,40.79031141966725],[-73.83738742040761,40.78981989894507],[-73.83725892114745,40.78970129152474],[-73.83717544535045,40.78942731331658],[-73.83728017293755,40.78900947510495],[-73.837134329894,40.789564033517],[-73.83637809572267,40.7894601781872],[-73.83565808161079,40.78957267098123],[-73.83554685397812,40.78951912130846],[-73.8354724855871,40.78928303083249],[-73.83533150242211,40.78921274221445],[-73.83414953337684,40.7890733604373],[-73.83402388778369,40.78893935706797],[-73.83390129515625,40.78858379635456],[-73.83347264458895,40.78845709831367],[-73.83251063648018,40.788624476626985],[-73.83209671987397,40.788787667503925],[-73.83175433638607,40.789228593367454],[-73.831574934858,40.789256149103515],[-73.83144187749333,40.78917318814092],[-73.83148714087355,40.7892373071764],[-73.83195118463604,40.78941477263493],[-73.83214872000922,40.79003324485338],[-73.83185670648172,40.79056470079992],[-73.83169117583219,40.79106984794307],[-73.83135904834079,40.791380675373325],[-73.83099216040134,40.79156786522654],[-73.83056779313932,40.79165792332051],[-73.83000741522429,40.79155655028986],[-73.82910913605086,40.79189852848425],[-73.82871253640485,40.79220265651864],[-73.82851893011993,40.79249423667804],[-73.82929713664241,40.7929309066726],[-73.8292317458574,40.79300228767831],[-73.82839743076788,40.79255229704336],[-73.82791413746047,40.79289359289096],[-73.82779277842657,40.793295389199514],[-73.82800645038526,40.794913099673565],[-73.82820799674396,40.795149583596405],[-73.82838528126493,40.79557781095921],[-73.82862545240833,40.7956834996446],[-73.82863190221532,40.79584310519853],[-73.82878010953813,40.795917923947606],[-73.82880962943086,40.796183767898675],[-73.82904711915077,40.79625013889199],[-73.8290726813124,40.796447324875125],[-73.82945157754541,40.796658960557735],[-73.82994060847732,40.79608347178978],[-73.83003294365191,40.796135491726744],[-73.82987970064082,40.79624625499058],[-73.82991759738259,40.7962962238926],[-73.82982251292455,40.796305277837604],[-73.8298630009973,40.79635590728193],[-73.82976272647142,40.79636692411629],[-73.82981447270274,40.79640837574819],[-73.82970726766916,40.79642594962631],[-73.8297451643855,40.7964759179135],[-73.82964661476086,40.79648825042515],[-73.82969142823747,40.79653691655898],[-73.8295885638311,40.796547271878715],[-73.82963077755306,40.79659856149052],[-73.82956084437815,40.79657284433177],[-73.82947072470185,40.796667939592695],[-73.82976585679138,40.796832562475714],[-73.82983077892358,40.796790626592234],[-73.82977047577148,40.79671632587882],[-73.82990441203316,40.79672112049618],[-73.82984064901608,40.79664812693819],[-73.8299780379272,40.79665489716654],[-73.82991600561043,40.79658059297196],[-73.83005253551717,40.796585391914896],[-73.82997664493074,40.7965235464418],[-73.83012702669032,40.79651851306591],[-73.83004854979522,40.79645403669696],[-73.83015475092657,40.79649097155969],[-73.83019896577488,40.796435869298506],[-73.8301386247867,40.79637601643044],[-73.83027428404668,40.79638278342279],[-73.83019839917293,40.796318967502565],[-73.8303487823446,40.79631327831371],[-73.83028847001641,40.796242260677225],[-73.83052227564221,40.79639496990469],[-73.83037725316659,40.79633170895854],[-73.83029583879056,40.79640251797157],[-73.83039841573701,40.79650512152595],[-73.83026292803197,40.79643070941116],[-73.83017890764701,40.79650676859758],[-73.83028495256248,40.79660478046793],[-73.8301485933837,40.79653365076672],[-73.83007404667607,40.796622201283135],[-73.83019225768815,40.796693960868666],[-73.83004204087307,40.79663397568169],[-73.82995971154074,40.796724485917],[-73.83007965633173,40.796794277575046],[-73.82993116516747,40.796735607683885],[-73.82984973873315,40.79681101392362],[-73.8299566400482,40.79691231118515],[-73.8297847695734,40.79687133882597],[-73.82905966768777,40.796462507152775],[-73.82890959570865,40.796528911809695],[-73.82866451653848,40.79647557494167],[-73.82811223091412,40.796720039750454],[-73.82742422822851,40.796748674971404],[-73.82729299815716,40.796938140620476],[-73.82717219605449,40.7969110684034],[-73.82698776992511,40.7970814394786],[-73.82699897185935,40.79727052728745],[-73.82719785505498,40.7975391211275],[-73.82703055823802,40.7977184574158],[-73.82403946055099,40.793045919687856],[-73.82368995294716,40.79272613819117],[-73.82286529575353,40.791484351956626],[-73.82250401910781,40.790339699383246],[-73.82248565604507,40.78949025409429],[-73.82269541343139,40.78889457045302],[-73.82349564763787,40.78763545476921],[-73.82383397610032,40.786756199456526],[-73.82463189509559,40.78286318227324],[-73.82498992933844,40.78170146368238],[-73.82528484048761,40.7816972923255],[-73.82587281692945,40.780501738939755],[-73.82823904732787,40.776459945838425],[-73.82896465063357,40.7753107029694],[-73.83015693041679,40.77382474231787],[-73.83183305675988,40.772387961593466],[-73.83521611654476,40.77037653919408],[-73.83626891661395,40.769609971650674],[-73.83757693755115,40.76839940000325],[-73.83820473755638,40.76764804641113],[-73.83925621702691,40.766034209638896],[-73.83952678647836,40.766139549725786],[-73.83969772482985,40.76639267704465],[-73.83973386806863,40.76673441465338],[-73.83949805795814,40.76701701698489],[-73.83959072609815,40.76711082471921],[-73.83975387982275,40.767120444435925],[-73.83978750472964,40.76705148541037],[-73.83993922177349,40.767064277650114],[-73.83990190913454,40.76682415841421],[-73.84000758970944,40.76662342046607],[-73.84022374446918,40.76652923979898],[-73.84031170315286,40.76629479789859],[-73.84086515071175,40.76621486974849],[-73.84086007103151,40.766142193980826],[-73.84088883538399,40.76621037925842],[-73.84102191922695,40.766185148276406],[-73.84100802893678,40.76611688471863],[-73.84107888642009,40.76611036721327],[-73.84105642942706,40.766178605083475],[-73.84120530561042,40.766150381380164],[-73.8412007549782,40.76608124266253],[-73.84122723929282,40.766146221616374],[-73.84172286075051,40.766043280529686],[-73.84166211638086,40.765968484494856],[-73.84171309645735,40.76595816022886],[-73.84174481191111,40.76603841306162],[-73.84196444921884,40.76598971084926],[-73.84196546583156,40.765927323053674],[-73.84186231494712,40.76592529148903],[-73.84231744497139,40.7658191365729],[-73.84231828010182,40.765911251377275],[-73.8425134757194,40.7658679674678],[-73.84247287860016,40.765785331372015],[-73.84252261658963,40.765775004882116],[-73.84253623494857,40.76586292069559],[-73.84295915637374,40.76585472242508],[-73.84346820695725,40.7656530714175],[-73.8437063352798,40.76567996834548],[-73.84394748335801,40.765494881485914],[-73.84448895884205,40.76545960258414],[-73.84491332846123,40.765528387676135],[-73.84602715981245,40.76604487155403],[-73.84620024037952,40.76619634316657],[-73.84652170418862,40.76629579962675],[-73.84723067910053,40.76631315809502],[-73.84780575104429,40.76677294817186],[-73.84821324018463,40.76763459784819],[-73.84842038279733,40.767910766813934],[-73.84850333135294,40.76788032203352],[-73.84862313819268,40.76811397427409],[-73.84827134088803,40.7682021811484],[-73.84819270803452,40.76848035983155],[-73.84837209160084,40.768637683123366],[-73.84874543600243,40.76871174752752],[-73.84899656302136,40.76914831350337],[-73.84882194384278,40.769476364041395],[-73.84846616773545,40.769726441506144],[-73.84867152868738,40.77076157340527],[-73.84949402711867,40.77132861681563],[-73.84977303656785,40.77180479915276],[-73.84994241882978,40.771927193260055],[-73.85030397450356,40.77193820009226],[-73.85033808818412,40.77174366904152],[-73.8503682352629,40.77181539332819],[-73.85126052461453,40.771872872817],[-73.85130108374364,40.771806361300385],[-73.85127037620711,40.771985534743756],[-73.85125374913342,40.77189078614873],[-73.85036146530206,40.77183074564802],[-73.85033410569379,40.77201760525575],[-73.84995162517421,40.771958298374656],[-73.84986902411806,40.77218306251098],[-73.85004065546363,40.77222460055511],[-73.84983958377792,40.77223100236504],[-73.84957160955904,40.77256110383093],[-73.84918580437014,40.773104721090505],[-73.848976198672,40.77356166795714],[-73.84896112400038,40.77374268475352],[-73.84921529927196,40.774654860766795],[-73.84916950018034,40.77497426743165],[-73.8489298861563,40.77555708063135],[-73.84909658440783,40.77578720465379],[-73.84919240411048,40.775790469530484],[-73.84918973225791,40.77586289711624],[-73.84909323437526,40.775857003541006],[-73.8490264579667,40.776898757731],[-73.8491273741166,40.77689530954593],[-73.84912563564023,40.77697095466592],[-73.84902172981805,40.77697253336647],[-73.84895559325422,40.777961673731504],[-73.84903388635968,40.77809137635656],[-73.84936761627041,40.778168680225725],[-73.8495358659634,40.778425885557276],[-73.84974741420471,40.77841405400625],[-73.84953664690558,40.778457620290034],[-73.84945995577804,40.778656567563644],[-73.84993353296062,40.778769123883734],[-73.84980088112196,40.77879328482786],[-73.84978114316236,40.77911193054553],[-73.84957155453587,40.779192837209834],[-73.84963631633597,40.77948192035175],[-73.85094705724252,40.77906915543044],[-73.85148755480544,40.778992977612575],[-73.85101339619419,40.77912195667452],[-73.85107946016743,40.779297757683345],[-73.85014017315834,40.77939098692588],[-73.84979304347515,40.77949768519767],[-73.84981720066122,40.77963034755178],[-73.85235267881522,40.77948067182839],[-73.85232086242218,40.77916928470395],[-73.85238832778408,40.77952890238712],[-73.84982102259755,40.779651339304095],[-73.84984362844223,40.779775475421985],[-73.84957193877104,40.77987215091079],[-73.84955245478294,40.77995661902605],[-73.85031473957852,40.78004153550168],[-73.85044992795427,40.78003365069657],[-73.85045656031701,40.77988827991392],[-73.85048371588404,40.77996180377555],[-73.85162286781565,40.77993931296471],[-73.85169028085545,40.77986750797579],[-73.8516709916224,40.780035228878305],[-73.85162492580162,40.77995848607163],[-73.85048578225916,40.77997778203326],[-73.85047510549826,40.78005285483071],[-73.85041830321086,40.780078342337106],[-73.84949381208203,40.780065828616955],[-73.84958872905418,40.780232725119994],[-73.8496174002991,40.78054600206652],[-73.84981503152129,40.78064171303476],[-73.84988932081794,40.7810891347986],[-73.8509364639654,40.781119575156204],[-73.84988728063753,40.78112151131705],[-73.84983660014282,40.78159962491646],[-73.8491870941858,40.78164181104712],[-73.84948737902806,40.78174885091165],[-73.84954774265883,40.781841078845474],[-73.84949266315817,40.781968408937026],[-73.84926950224654,40.78212166231064],[-73.84925258182844,40.78226477501422],[-73.85028089657791,40.78245956200978],[-73.85050121243056,40.78235387639762],[-73.85123047734253,40.78240254733392],[-73.85314993069177,40.782323936276356],[-73.85322330950052,40.78206053386521],[-73.85331933850036,40.78203460406867],[-73.85528242786702,40.78197538384753],[-73.8553884517456,40.78207571580825],[-73.85545062835031,40.78314307863596],[-73.85573475263813,40.78315657251798],[-73.85587567996785,40.783309704325816],[-73.85592656549969,40.78319631750476],[-73.85595618193572,40.78333084952824],[-73.85645378741438,40.783350925658794],[-73.85643993663155,40.783157516967194],[-73.8566769089344,40.783150087659685],[-73.85660286912328,40.78289226124898],[-73.85664951090608,40.78289231927661],[-73.85671872163014,40.78320553614856],[-73.85684129014672,40.78337136348536],[-73.85734052316838,40.78337127058638],[-73.85765932415335,40.783644430295304],[-73.85808318103429,40.783724078339276],[-73.85817340077475,40.7840143909459],[-73.85812542205795,40.78418349224513],[-73.85789221034877,40.78428163064462],[-73.85797958218285,40.78466877980185],[-73.8585252017042,40.78521351878021],[-73.85900171407565,40.78518675422873],[-73.85905644532376,40.7854318130606],[-73.85909500008366,40.78543874885168],[-73.85907476152012,40.78523738131116],[-73.8591073214184,40.785462117799014],[-73.85925204354476,40.78547791604777],[-73.85923610583716,40.78530658875588],[-73.85929969658093,40.78547463880415],[-73.85946328082923,40.785494852498516],[-73.85934860120071,40.7850272494402],[-73.85950833484766,40.7855349344499],[-73.85899048937476,40.7854915984313],[-73.85894034431864,40.78556764738839],[-73.85913505673093,40.78570141202832],[-73.85901247467393,40.78580121885964],[-73.85912461223825,40.78585015916088],[-73.85900754869682,40.7858331440173],[-73.85898579987841,40.78600494337729],[-73.85858840508558,40.78614814015403],[-73.85868283349971,40.78653116697802],[-73.85812817158505,40.78705156105845],[-73.85753581125842,40.786930550117226],[-73.85701118903778,40.78664735876289],[-73.85681133765593,40.78667261319477],[-73.85683094684094,40.786725094285515],[-73.856594304906,40.78678148396868],[-73.85651235931145,40.78694994704343],[-73.85635589754482,40.786977730891614],[-73.85620020315078,40.78715009995915],[-73.85617275786657,40.78749321987587],[-73.85593893894001,40.787688734280515],[-73.85345184461451,40.78782611179647],[-73.85322865679302,40.78789022303608],[-73.85284230133762,40.788211372242685],[-73.852889902613,40.7883466695523],[-73.85438364788583,40.78832012876321],[-73.85463110180243,40.788417983131914],[-73.85480194733205,40.7886191547261],[-73.85477254371324,40.789036374605445],[-73.85456120188891,40.78966970070057],[-73.8544719407123,40.79025897531977],[-73.85309376971473,40.790837843713376],[-73.8526583069305,40.791106420610525],[-73.85266418431979,40.79125579452556],[-73.85285879649223,40.79153378501185],[-73.8537433789428,40.79229377230278],[-73.85377854910706,40.79242127400726],[-73.85363080166007,40.793098182710814],[-73.85373351593947,40.79393537408612],[-73.85353237176382,40.794138856811934],[-73.85276627198616,40.79438924682435],[-73.85263725293449,40.79454229280652],[-73.85263098256245,40.79494485424489],[-73.85242651222978,40.7946097588212],[-73.85159077157464,40.79408653057549],[-73.84933654809896,40.79337149956551],[-73.84906160768959,40.793362610297805],[-73.84884894723227,40.79350168515592],[-73.84907814795613,40.79414538498356],[-73.84903163032307,40.79433808463542],[-73.84878370153676,40.79454210272804],[-73.84887654563344,40.79513404169143],[-73.84870999361341,40.79541648129005],[-73.84792364863755,40.795753513192416],[-73.84624420656033,40.79616309543732],[-73.84596567572899,40.79602065012767],[-73.84557802709027,40.79602089569074],[-73.84560469078744,40.79585478326092],[-73.84527885159012,40.79544938579958],[-73.84459915044435,40.79491154987536],[-73.84354668938991,40.79491394401068],[-73.84333760876125,40.795021386960485],[-73.8433063238692,40.79550093348906],[-73.84304363919281,40.79521473901192],[-73.84284865256261,40.795213401671006],[-73.84328497194205,40.79617439268523],[-73.84320653636777,40.79619290309336],[-73.84280875175094,40.79541822241238],[-73.84225959368347,40.79558496893752],[-73.84292069025281,40.796903686184145],[-73.8428667525937,40.79692222907211],[-73.84216747341138,40.79561294016378],[-73.84190480251942,40.79562179424094],[-73.84150804072782,40.79513729961799],[-73.84142122729111,40.79514695145779],[-73.84130711082263,40.79527251472143],[-73.8413092106661,40.795707337728814],[-73.84142243684364,40.79599978788022],[-73.84130642269609,40.79609724247705],[-73.84129943545976,40.79621966933019],[-73.8405998229462,40.796806803210735],[-73.8401393036446,40.79687918783629],[-73.84041517909824,40.79767843675542],[-73.83920948324106,40.79784431435416],[-73.83842915829165,40.79837567115353],[-73.83789967503849,40.798508970181665],[-73.83787044050948,40.79844190861341],[-73.83839013354552,40.798304872076145]]]]}},{"type":"Feature","properties":{"ntaname":"Whitestone-Beechhurst","boroname":"Queens","ntatype":"0"},"geometry":{"type":"Polygon","coordinates":[[[-73.79186139966966,40.789299916453565],[-73.7905830092439,40.78813068393343],[-73.79389631685915,40.78663649939862],[-73.79494008922235,40.786275007036245],[-73.7968508428472,40.78591132754844],[-73.79783171697144,40.78584566904739],[-73.80242243472784,40.78601897987739],[-73.80299781866992,40.78141047563661],[-73.80324974651853,40.781275479894674],[-73.80303318468549,40.78094087010306],[-73.80379022821839,40.7756101127967],[-73.81485850501342,40.7764859231172],[-73.81452997736083,40.77888817487941],[-73.82331286855239,40.77957865983422],[-73.82277596896078,40.78083377669779],[-73.82224127572,40.7816938794787],[-73.82498992933844,40.78170146368238],[-73.82463189509559,40.78286318227324],[-73.82383397610032,40.786756199456526],[-73.82349564763787,40.78763545476921],[-73.82259118671583,40.78910818010241],[-73.82248565604507,40.78949025409429],[-73.82247344373356,40.790173256477665],[-73.82286529575353,40.791484351956626],[-73.82368995294716,40.79272613819117],[-73.82403946055099,40.793045919687856],[-73.82703055823802,40.7977184574158],[-73.82661605440374,40.79778068963285],[-73.82631281893025,40.79737583122415],[-73.8261182190996,40.79727143446589],[-73.82526770773875,40.79729029741847],[-73.82504612538257,40.79738480723437],[-73.8239935653746,40.79800962877643],[-73.82408466024866,40.79824812758474],[-73.82394787857773,40.79822736357914],[-73.82423318744837,40.798695237893305],[-73.82385948384704,40.79815413510484],[-73.82354913262645,40.798313841529],[-73.82351365664461,40.798438174024206],[-73.82343323450806,40.79840651440802],[-73.82372348219178,40.798899241360544],[-73.82340872309753,40.79841781479871],[-73.8232537105997,40.7984695366711],[-73.82309602750455,40.79868329836303],[-73.82330552497714,40.79896286561817],[-73.82300262970564,40.79864228972415],[-73.8226110157905,40.79889318981721],[-73.8225405641931,40.798957277373134],[-73.82279270559495,40.79933978372746],[-73.82251916455884,40.79898773568942],[-73.82241227004744,40.7990889137538],[-73.82267787896853,40.799486135236585],[-73.82238754736761,40.7991128910712],[-73.82161789179177,40.79999198769293],[-73.82098071933156,40.800478109269875],[-73.82043245966778,40.800627863918685],[-73.82049919995312,40.80101146781918],[-73.82040454927237,40.800639500292625],[-73.82005444506092,40.80080555908625],[-73.81980523634638,40.800801504342196],[-73.81921618006282,40.80059391140861],[-73.81720813882521,40.79920728065819],[-73.81683930839897,40.79910594099455],[-73.81657109077604,40.799413014079235],[-73.81681915722326,40.79910040359161],[-73.81669904654773,40.799067401667074],[-73.81645932359682,40.79934597886535],[-73.81668071668096,40.79906236602621],[-73.8164913280699,40.79901032752503],[-73.81615286696453,40.798735696475816],[-73.81611363334581,40.79860807129583],[-73.81577416779662,40.79902316306005],[-73.81607935134174,40.798571558752556],[-73.81367907633053,40.79754578841369],[-73.81362796930773,40.797443930496485],[-73.8137491075222,40.79714763736191],[-73.81369963725258,40.79707941566529],[-73.8134205041585,40.797693020410776],[-73.81335317201021,40.79766895646071],[-73.81363525454101,40.79704721742738],[-73.81350297416049,40.796944258705935],[-73.81324649695347,40.79721182110095],[-73.81303801860179,40.797177403971055],[-73.81299031078595,40.79729202695937],[-73.81293729140047,40.797279112008916],[-73.81298589519228,40.797168798743876],[-73.81287448914716,40.797177142464314],[-73.81254798974676,40.798047064459645],[-73.81225365567325,40.79812694629929],[-73.81179002769257,40.79802633175477],[-73.81182161861155,40.79745867632896],[-73.81160781379997,40.797372406880555],[-73.81019887882789,40.7971638358438],[-73.80879338042212,40.796795963154445],[-73.8076775124609,40.79667221478847],[-73.80636331452577,40.796393605437856],[-73.80623135012517,40.79681747708042],[-73.80633076714521,40.796392740938735],[-73.8062319669889,40.79650278043306],[-73.80588581379813,40.79647488953628],[-73.80539573274982,40.79617082151353],[-73.805317116594,40.79650607685073],[-73.80533944487574,40.796163928288955],[-73.80467173768784,40.79616746916419],[-73.80462782077669,40.79636500362048],[-73.80462441010646,40.7961426870042],[-73.80434825935406,40.796214090992926],[-73.80427353615048,40.79664126082601],[-73.80431138699934,40.79621287616021],[-73.80416535642868,40.79622900877698],[-73.8041149774975,40.796680821298224],[-73.80406508327668,40.796669783354105],[-73.80413644766976,40.79623423117796],[-73.80400524331151,40.79626735843288],[-73.80395475397938,40.796649389018086],[-73.80397418925084,40.79627825591984],[-73.80387400337644,40.79631431268577],[-73.80381328868062,40.79653525722275],[-73.80382294195863,40.796335013343715],[-73.80364301509012,40.79640608601034],[-73.80360589996643,40.79663231149914],[-73.80361288546563,40.7964208568207],[-73.80348346265083,40.79647111246648],[-73.8033995735722,40.79691494023076],[-73.80346376409076,40.79647441481299],[-73.80341116427729,40.79670529197958],[-73.80327792987883,40.79670635360807],[-73.80323841161633,40.797078467159004],[-73.80326066918465,40.796706492008674],[-73.80298007023815,40.796708725637885],[-73.80295830316697,40.79640959084292],[-73.80262272892676,40.79636609017288],[-73.80257934475047,40.79629544313626],[-73.80201128805254,40.796275423172744],[-73.80177947698411,40.79631614185276],[-73.80174543088819,40.796512405600566],[-73.80175550251634,40.79632129642079],[-73.80101126230595,40.79652237458978],[-73.80087826048957,40.796337893640064],[-73.80065920162396,40.79635386816217],[-73.8006218474009,40.79642676236064],[-73.80047518251016,40.796282211772585],[-73.80028591188075,40.79632354905592],[-73.8002938164526,40.79625497250357],[-73.80020438000453,40.796270053945584],[-73.80016302405897,40.79644886383362],[-73.80012861512657,40.79644681983536],[-73.80018235388124,40.79626691369701],[-73.79968067900407,40.7961745027066],[-73.79967688098047,40.79632235886045],[-73.79960548226381,40.79633222060471],[-73.79932384219163,40.796094485028],[-73.79873706372602,40.795969588154506],[-73.79836274355172,40.795712138630655],[-73.79789832687219,40.79555922091686],[-73.79766994008872,40.79599382238191],[-73.79758295471345,40.795967202154976],[-73.79787014914716,40.79555201214152],[-73.79724128273871,40.79545287980264],[-73.79725115660968,40.79534247698636],[-73.7967356766009,40.79520894342078],[-73.79651175709589,40.7956533850829],[-73.79644218574516,40.79562679523619],[-73.79670587562211,40.79519762595199],[-73.79655875115115,40.79513737417691],[-73.79565299152418,40.79497830102856],[-73.79528852797002,40.794982090500625],[-73.7950848108672,40.79506575035893],[-73.79500857651713,40.79492438244065],[-73.79459777358548,40.79493777063352],[-73.79439061537387,40.79481220360178],[-73.79456001584941,40.79474622336375],[-73.7943219795705,40.79434565900811],[-73.79427670606877,40.79406498949626],[-73.79438270441919,40.79385506539708],[-73.7943184655084,40.793566448140645],[-73.79464168117262,40.7931057566402],[-73.79457565397946,40.79271934079035],[-73.7948381079321,40.79254447926274],[-73.7949607968868,40.7918733001012],[-73.79478261037299,40.791302820674154],[-73.79402867745135,40.78962408274594],[-73.79372761531064,40.789035344407345],[-73.7936446964655,40.78906056286652],[-73.79338033504995,40.78957839262078],[-73.79323941781153,40.789530249704015],[-73.79362007276177,40.78899663724746],[-73.79286156729891,40.78878964671413],[-73.7926321596262,40.788784128836745],[-73.79235291154153,40.78890684181012],[-73.79186139966966,40.789299916453565]]]}},{"type":"Feature","properties":{"ntaname":"Bay Terrace-Clearview","boroname":"Queens","ntatype":"0"},"geometry":{"type":"Polygon","coordinates":[[[-73.78171460726156,40.79053031998581],[-73.78120521665697,40.789587914389735],[-73.77965495820835,40.78906344660279],[-73.77796124413697,40.788364323038124],[-73.7740960982874,40.78629656597283],[-73.77407638297778,40.78591728401942],[-73.77160731979487,40.7829962651857],[-73.76930405710117,40.780781957981546],[-73.76833795607779,40.77963487219958],[-73.76815915444398,40.779635958695074],[-73.76820055460033,40.779444179191145],[-73.76716193687588,40.77978287566088],[-73.76720729367467,40.77986682861209],[-73.76699783535086,40.77993147052621],[-73.7670734335662,40.78007042899454],[-73.76702392346498,40.78008623415853],[-73.76688994703657,40.77977943444616],[-73.7667757037411,40.77981245819599],[-73.76816173051576,40.779396821242194],[-73.76760454567845,40.77829903415702],[-73.76815640868458,40.77812526976861],[-73.76861267825937,40.77909521106401],[-73.7755373218135,40.77702559797934],[-73.7758395817773,40.7786123731144],[-73.77947656058417,40.77766416991941],[-73.78826972798846,40.775075357829536],[-73.79163526066453,40.77423865558605],[-73.79365230270004,40.77336043864155],[-73.79565701988966,40.77303608721581],[-73.79741530928378,40.77401038228474],[-73.7985300933913,40.77519072888207],[-73.80379022821845,40.7756101127967],[-73.80303318468556,40.780940870103095],[-73.80324974651842,40.781275479894724],[-73.80299781866992,40.781410475636655],[-73.80242243472773,40.78601897987739],[-73.79783171697133,40.78584566904739],[-73.79685084284726,40.78591132754844],[-73.79494008922224,40.786275007036245],[-73.7938963168592,40.78663649939865],[-73.79058300924375,40.78813068393346],[-73.79186139966954,40.789299916453594],[-73.7910020335775,40.78993740256059],[-73.79028202353355,40.79031696289745],[-73.7893090706564,40.79038006954936],[-73.78750199944683,40.7903088180059],[-73.78568101301406,40.790340671660175],[-73.78383842448224,40.79064095467055],[-73.78317940975478,40.79086646369995],[-73.78253080663518,40.79127678943212],[-73.78252265694827,40.79135222690734],[-73.78440669003332,40.791675839835236],[-73.78434152993464,40.791749353793804],[-73.78227330183385,40.791373715718215],[-73.7817470869697,40.79113340664349],[-73.78171460726156,40.79053031998581]]]}},{"type":"Feature","properties":{"ntaname":"Murray Hill-Broadway Flushing","boroname":"Queens","ntatype":"0"},"geometry":{"type":"Polygon","coordinates":[[[-73.81485850501342,40.7764859231172],[-73.7985300933913,40.77519072888204],[-73.79741530928378,40.77401038228474],[-73.7956570198897,40.77303608721581],[-73.79521550584715,40.772674907206415],[-73.79317944423835,40.770403177725676],[-73.7939591452068,40.76469531992347],[-73.79302551299664,40.764621192187676],[-73.79343673637212,40.761596830826896],[-73.79343991080363,40.760764127960265],[-73.79076004554386,40.76098576942364],[-73.79031516842448,40.757823450587665],[-73.79402473893013,40.75773596895556],[-73.79493246101809,40.75779803007236],[-73.8003003897138,40.75970229914358],[-73.80399971228329,40.76027048753167],[-73.80951372555968,40.761299911024054],[-73.8110496301882,40.76141702158745],[-73.82063593185151,40.758872267845774],[-73.82080684792837,40.7589417833156],[-73.82348245124568,40.76465179236624],[-73.82466908878068,40.770407607806455],[-73.82655841905539,40.770137083592495],[-73.82656578804828,40.77064147673239],[-73.82957144973903,40.7707111120933],[-73.83011284964103,40.770530092075866],[-73.83054572477742,40.7702236831603],[-73.83058462325141,40.7716388752165],[-73.83151692468128,40.77165764985647],[-73.83150226854384,40.7724879568315],[-73.83159305635508,40.772560020472646],[-73.83015693041679,40.77382474231787],[-73.8288829967806,40.77542700714356],[-73.82587281692945,40.780501738939755],[-73.82528484048761,40.7816972923255],[-73.82224127572,40.7816938794787],[-73.82277596896078,40.78083377669779],[-73.82331286855239,40.77957865983422],[-73.81452997736083,40.77888817487941],[-73.81485850501342,40.7764859231172]]]}},{"type":"Feature","properties":{"ntaname":"East Flushing","boroname":"Queens","ntatype":"0"},"geometry":{"type":"Polygon","coordinates":[[[-73.79493246101809,40.75779803007236],[-73.7945772690188,40.75356301133769],[-73.79472141191256,40.75062131979514],[-73.79536550262804,40.75038476812111],[-73.79729524633105,40.74943505288953],[-73.79704715969253,40.7493323184425],[-73.79472264877985,40.74759933020805],[-73.79457976040996,40.746402683486714],[-73.79479379455873,40.746448327990514],[-73.79503084855537,40.7466315944502],[-73.79538713322698,40.7466641293441],[-73.79674982908237,40.746596759606],[-73.79736294098707,40.74646724611632],[-73.79769551308054,40.74658715907294],[-73.79810088810424,40.74692280524258],[-73.79826235368711,40.746965656177046],[-73.80335214064682,40.74643196519029],[-73.80294034044728,40.74740891696377],[-73.80276629121889,40.74812214525458],[-73.80287666422223,40.74976515017333],[-73.80750599258123,40.75013658725931],[-73.81416171989086,40.74613858082959],[-73.815373172896,40.74721833785883],[-73.81575069483411,40.746979480114966],[-73.81782025822297,40.74738541614714],[-73.82108427436813,40.74855844694599],[-73.82426493808411,40.75183288858868],[-73.82191828734253,40.75317308071225],[-73.82084928748625,40.752241544924296],[-73.81840782792052,40.75383042207662],[-73.82030067670415,40.755514980724726],[-73.8178924559545,40.75708633898605],[-73.82063593185151,40.758872267845774],[-73.8110496301882,40.76141702158745],[-73.80951372555968,40.761299911024054],[-73.80399971228329,40.76027048753167],[-73.8003003897138,40.75970229914358],[-73.79493246101809,40.75779803007236]]]}},{"type":"Feature","properties":{"ntaname":"Queensboro Hill","boroname":"Queens","ntatype":"0"},"geometry":{"type":"Polygon","coordinates":[[[-73.815373172896,40.74721833785883],[-73.81375799420205,40.74574593645353],[-73.81367361908349,40.745555865212225],[-73.81368426706229,40.74530466743436],[-73.81378451891194,40.74455455329557],[-73.81430884781608,40.742973773568416],[-73.80823789494119,40.74201115861197],[-73.80729839666533,40.74199377747434],[-73.80447287504255,40.74216709993038],[-73.7994707171161,40.74222428880841],[-73.79695065232302,40.74193303565002],[-73.79723084906004,40.74169550663387],[-73.79725670792827,40.74021304379798],[-73.79640833669879,40.73859341998245],[-73.79629297225534,40.738552306430535],[-73.7967249785876,40.73841664312471],[-73.796439400485,40.738438947644816],[-73.79641178366118,40.73832532618916],[-73.79822184145243,40.73822231538018],[-73.81322219658679,40.738760352946],[-73.8150571454396,40.73898684741522],[-73.81497208191401,40.73856071556801],[-73.81607676712662,40.738857933588704],[-73.81633109279821,40.73844640177466],[-73.8167795953239,40.73837979389538],[-73.82006431353759,40.738828140377926],[-73.82485496149478,40.739829363929275],[-73.82481178355508,40.73963096056882],[-73.8249480087466,40.739567105506474],[-73.8249743992586,40.739440426755365],[-73.82556079168602,40.73945436007155],[-73.8258218963915,40.739118425333224],[-73.82633788138665,40.738828428813555],[-73.82701222392282,40.73856900905002],[-73.82796455084349,40.73850320445289],[-73.82794968932286,40.73781959923788],[-73.8280915257704,40.73708317627821],[-73.82946751842844,40.7370244827513],[-73.83053551231437,40.73752019476341],[-73.83113451649305,40.73856190697565],[-73.83099423001246,40.73856549499752],[-73.83090596456923,40.739132763891774],[-73.83133868363664,40.7391706310632],[-73.83115549354883,40.74234091794378],[-73.83296892986608,40.7425936165982],[-73.83586131783862,40.74322798520755],[-73.83592530403332,40.74350057071973],[-73.83595071392978,40.74373057010776],[-73.83584967697873,40.74417576312883],[-73.83543777103765,40.745523974078274],[-73.83537586058117,40.74551788899374],[-73.83462522085614,40.746880950882606],[-73.83411432962475,40.747357310326564],[-73.833085823199,40.747989125404764],[-73.83300301897044,40.747833989797286],[-73.83125479839798,40.74810635962931],[-73.83126591537106,40.748618046266614],[-73.83096329142796,40.74893634692274],[-73.8292251197182,40.749256081184136],[-73.82786693834733,40.74981128558682],[-73.82723921405703,40.749859603088304],[-73.82584440827102,40.749348392102114],[-73.82572647007227,40.75031443112495],[-73.82576557247215,40.75096902425292],[-73.82426493808411,40.75183288858868],[-73.82108427436813,40.74855844694599],[-73.81782025822297,40.74738541614714],[-73.81575069483411,40.746979480114966],[-73.815373172896,40.74721833785883]]]}},{"type":"Feature","properties":{"ntaname":"Flushing-Willets Point","boroname":"Queens","ntatype":"0"},"geometry":{"type":"Polygon","coordinates":[[[-73.82080684792837,40.7589417833156],[-73.8178924559545,40.75708633898605],[-73.82030067670415,40.755514980724726],[-73.81840782792052,40.75383042207662],[-73.82084928748625,40.752241544924296],[-73.82191828734253,40.75317308071225],[-73.82576557247215,40.75096902425292],[-73.82572647007227,40.75031443112495],[-73.82584440827102,40.749348392102114],[-73.82723921405703,40.749859603088304],[-73.8276564180309,40.74986083084326],[-73.82827349843087,40.74967871646581],[-73.8292251197182,40.749256081184136],[-73.83096329142796,40.74893634692274],[-73.83126591537106,40.748618046266614],[-73.83125479839798,40.74810635962931],[-73.83300301897044,40.747833989797286],[-73.833085823199,40.747989125404764],[-73.8326956984728,40.74930321108258],[-73.83222331272125,40.75141988748444],[-73.83229535672847,40.75194179113857],[-73.83559153783257,40.751377132770244],[-73.83684227245506,40.75333813307133],[-73.83743232555322,40.754103934094246],[-73.83768167055048,40.754135362350084],[-73.83791732703234,40.754541435301064],[-73.83821097020433,40.75525316665709],[-73.83861858898014,40.75704484639162],[-73.84199957037283,40.755715504372596],[-73.843243813566,40.7553368037672],[-73.84596638423373,40.76069999140458],[-73.84670933597923,40.76134526913537],[-73.84474507206623,40.762755631206005],[-73.843593613163,40.76337054278857],[-73.84368787664125,40.76361272608388],[-73.84343628780472,40.76343256619378],[-73.84306961203558,40.76359256915301],[-73.84298349190843,40.763831850876706],[-73.84304240810833,40.76432131992045],[-73.84272819396486,40.76462854893189],[-73.84211652153671,40.764901033694606],[-73.84052635479509,40.7653879891977],[-73.84046519597787,40.76530287050334],[-73.83992813236763,40.7653502119006],[-73.83957826853546,40.7652523229732],[-73.8394581331383,40.76544576895956],[-73.83935912159866,40.765409871852285],[-73.83905334881253,40.765958678098045],[-73.83925621702691,40.766034209638896],[-73.83872288535957,40.766902564986616],[-73.83820473755638,40.76764804641113],[-73.83721938162334,40.76874306939172],[-73.83626891661395,40.769609971650674],[-73.83521611654476,40.77037653919408],[-73.83159305635508,40.772560020472646],[-73.83150226854384,40.7724879568315],[-73.83151692468128,40.77165764985647],[-73.83058462325141,40.7716388752165],[-73.83054572477742,40.7702236831603],[-73.83011284964103,40.770530092075866],[-73.82957144973903,40.7707111120933],[-73.82656578804828,40.77064147673239],[-73.82655841905539,40.770137083592495],[-73.82466908878068,40.770407607806455],[-73.82348245124568,40.76465179236624],[-73.82080684792837,40.7589417833156]]]}},{"type":"Feature","properties":{"ntaname":"Fort Totten","boroname":"Queens","ntatype":"6"},"geometry":{"type":"Polygon","coordinates":[[[-73.77197468102851,40.787361690089085],[-73.77396728781173,40.786781774719906],[-73.77434609085716,40.78677223413265],[-73.77438976834905,40.78685714529706],[-73.77420002661796,40.78696216414503],[-73.77423011398525,40.78706504217699],[-73.77501922612008,40.78739447488566],[-73.7762894476709,40.788513648700544],[-73.77633728752417,40.788487226255235],[-73.77480695237001,40.78697068777903],[-73.77463082480037,40.7869194191906],[-73.77445462370571,40.78667990988996],[-73.7742646656218,40.78665122914287],[-73.7740960982874,40.78629656597283],[-73.77796124413697,40.788364323038124],[-73.77965495820835,40.78906344660279],[-73.78120521665697,40.789587914389735],[-73.78171460726156,40.79053031998581],[-73.7817470869697,40.79113340664349],[-73.78123362045923,40.7914846024607],[-73.78107845837809,40.79167732227933],[-73.78089784658853,40.79219370534928],[-73.78077892415659,40.79318978636535],[-73.78083948881898,40.79327744067309],[-73.78158881486145,40.79346354123493],[-73.78168372741982,40.79332175751187],[-73.78164213345288,40.79352505337614],[-73.7807243506961,40.79333361949447],[-73.78070025383781,40.79364850657721],[-73.7807918191835,40.79403591986164],[-73.78100539579117,40.794384818625694],[-73.78190385354903,40.79490120389317],[-73.78310976831716,40.79491446050351],[-73.78331796684046,40.79475835714444],[-73.78325876098738,40.794923914797835],[-73.7831115976558,40.79498971421577],[-73.78200326103382,40.79497546250376],[-73.781824599083,40.795077289713745],[-73.78172625509116,40.79542750652402],[-73.78154149900482,40.79565973731772],[-73.77989837491786,40.79623809886696],[-73.77980304985756,40.79620552943825],[-73.77936246738466,40.79668539320385],[-73.778714786963,40.79659736069748],[-73.77827066301263,40.796725125731584],[-73.77752169621468,40.79664013426008],[-73.77687050357326,40.79644520469305],[-73.77617885887067,40.79609605336164],[-73.77471814243852,40.794859870630546],[-73.77402108770855,40.79404392104123],[-73.7739987632728,40.79370000929224],[-73.77363248122558,40.79274975688412],[-73.77320467084226,40.792242532732836],[-73.7723629609588,40.79153820412905],[-73.77225342711212,40.79048360079156],[-73.77212311303434,40.79016240576418],[-73.7717776113051,40.78990148485678],[-73.77166811215588,40.789591911598514],[-73.77063124449437,40.78846290553303],[-73.77082315021427,40.78798266706017],[-73.77197468102851,40.787361690089085]]]}},{"type":"Feature","properties":{"ntaname":"Kissena Park","boroname":"Queens","ntatype":"9"},"geometry":{"type":"Polygon","coordinates":[[[-73.79457976040996,40.746402683486714],[-73.79445281626049,40.74520343181401],[-73.79453507266767,40.74450763888339],[-73.79465004664533,40.744248080552964],[-73.79543059199464,40.743264290404184],[-73.79613631108772,40.74257146779263],[-73.79695065232302,40.74193303565002],[-73.7994707171161,40.74222428880841],[-73.80447287504255,40.74216709993038],[-73.80729839666533,40.74199377747434],[-73.80823789494119,40.74201115861197],[-73.81430884781608,40.742973773568416],[-73.81378451891194,40.74455455329557],[-73.81368426706229,40.74530466743436],[-73.81367361908349,40.745555865212225],[-73.81375799420205,40.74574593645353],[-73.81416171989086,40.74613858082959],[-73.80750599258123,40.75013658725931],[-73.80287666422223,40.74976515017333],[-73.80276629121889,40.74812214525458],[-73.80294034044728,40.74740891696377],[-73.80335214064682,40.74643196519029],[-73.79826235368711,40.746965656177046],[-73.79810088810424,40.74692280524258],[-73.79769551308054,40.74658715907294],[-73.79736294098707,40.74646724611632],[-73.79674982908237,40.746596759606],[-73.79538713322698,40.7466641293441],[-73.79503084855537,40.7466315944502],[-73.79479379455873,40.746448327990514],[-73.79457976040996,40.746402683486714]]]}},{"type":"Feature","properties":{"ntaname":"Kew Gardens Hills","boroname":"Queens","ntatype":"0"},"geometry":{"type":"Polygon","coordinates":[[[-73.81497208191401,40.73856071556801],[-73.81469391916038,40.737140480485486],[-73.81469162972874,40.73594999352062],[-73.8150212763819,40.730465669541005],[-73.81523144757128,40.728793913060386],[-73.81500104545864,40.72842737755839],[-73.81474579184822,40.728230070027195],[-73.81069693652204,40.726190331378],[-73.81062583717728,40.724419843138044],[-73.80934251944636,40.72095724015096],[-73.80782231744779,40.715911466481614],[-73.81152398130986,40.71597802044493],[-73.81644095410167,40.71588700704473],[-73.81643902863067,40.71578669535085],[-73.81730551782393,40.715785580359224],[-73.81814437207166,40.71591539319776],[-73.8201156566577,40.71651419398225],[-73.81930469431614,40.71713608156473],[-73.81952343803869,40.71733973320205],[-73.82170478841732,40.71735989066127],[-73.82165299232271,40.71738887858256],[-73.82331051335473,40.71749068015459],[-73.82531220451494,40.71734501287273],[-73.82539923826937,40.71741485698571],[-73.82556765595902,40.71972101533119],[-73.8271292640289,40.72430371206011],[-73.82730900361362,40.72464607749657],[-73.82755527729189,40.72496095026603],[-73.82805145201368,40.7253248503233],[-73.82866154234544,40.72558142342024],[-73.82979910980455,40.72589725400036],[-73.83057961302387,40.72639635153888],[-73.83086471412695,40.726709634659414],[-73.83170465866348,40.72804033224622],[-73.83248002122932,40.72894085408576],[-73.83307087957822,40.72991903138302],[-73.83386267065022,40.7305531890079],[-73.82566535329194,40.732279578377415],[-73.82553129314755,40.73363428214846],[-73.82546253236593,40.733640662746495],[-73.8253932151459,40.73404823668828],[-73.82487827311917,40.739572312931415],[-73.82481178355508,40.73963096056882],[-73.82485496149478,40.739829363929275],[-73.82006431353759,40.738828140377926],[-73.81693283631239,40.73838951139741],[-73.81633109279821,40.73844640177466],[-73.81607676712662,40.738857933588704],[-73.81497208191401,40.73856071556801]]]}},{"type":"Feature","properties":{"ntaname":"Pomonok-Electchester-Hillcrest","boroname":"Queens","ntatype":"0"},"geometry":{"type":"Polygon","coordinates":[[[-73.80466748100518,40.73844509381072],[-73.80465494743628,40.738112423132236],[-73.80273054853018,40.73808407326076],[-73.80294306869453,40.734861781597985],[-73.80384625885888,40.73489694086976],[-73.80406666021152,40.731641987799556],[-73.7986576123479,40.731428367240525],[-73.79856392872225,40.732857567272234],[-73.7942776733323,40.73269614631348],[-73.79397708648688,40.73229685316553],[-73.79390942449697,40.73171777556119],[-73.79381937076182,40.731657388231234],[-73.79378938585714,40.73070118166288],[-73.79157252912356,40.72532961192656],[-73.79045149257216,40.72355453232487],[-73.79035703879288,40.72300530017993],[-73.79030267341503,40.7208914654583],[-73.79037191520054,40.72013207015193],[-73.79070834383194,40.7192686520274],[-73.79214019871951,40.71919897141464],[-73.79278969973645,40.719077581757176],[-73.79804792344984,40.71740839762371],[-73.79809522666656,40.71754225181322],[-73.80008238575218,40.71697423711165],[-73.80192181075604,40.716549519517436],[-73.80474282360336,40.71616896450202],[-73.80784387489497,40.715999734066],[-73.80934251944636,40.72095724015096],[-73.81062583717728,40.724419843138044],[-73.81069693652204,40.726190331378],[-73.81474579184822,40.728230070027195],[-73.81500104545864,40.72842737755839],[-73.81523144757128,40.728793913060386],[-73.8150212763819,40.730465669541005],[-73.81469162972874,40.73594999352062],[-73.81469391916038,40.737140480485486],[-73.8150571454396,40.73898684741522],[-73.81322219658679,40.738760352946],[-73.80466748100518,40.73844509381072]]]}},{"type":"Feature","properties":{"ntaname":"Fresh Meadows-Utopia","boroname":"Queens","ntatype":"0"},"geometry":{"type":"Polygon","coordinates":[[[-73.77491335182782,40.73091286026854],[-73.78116054967619,40.729212758599125],[-73.79174472581707,40.725788850394274],[-73.79378938585714,40.73070118166288],[-73.79381937076182,40.731657388231234],[-73.79390942449697,40.73171777556119],[-73.79397708648688,40.73229685316553],[-73.7942776733323,40.73269614631348],[-73.79856392872225,40.732857567272234],[-73.7986576123479,40.731428367240525],[-73.80406666021152,40.731641987799556],[-73.80384625885888,40.73489694086976],[-73.80294306869453,40.734861781597985],[-73.80273054853018,40.73808407326076],[-73.80465494743628,40.738112423132236],[-73.80466748100518,40.73844509381072],[-73.79822184145243,40.73822231538018],[-73.79641178366118,40.73832532618916],[-73.7953564779763,40.738537301095725],[-73.78040848457842,40.742629800149665],[-73.77575892512752,40.74336722747142],[-73.77455066783988,40.74081510267834],[-73.77315793471287,40.73699289815642],[-73.77229585368883,40.73510969673588],[-73.77121678005028,40.73333747727719],[-73.77010830568058,40.73177950841342],[-73.77491335182782,40.73091286026854]]]}},{"type":"Feature","properties":{"ntaname":"Jamaica Estates-Holliswood","boroname":"Queens","ntatype":"0"},"geometry":{"type":"Polygon","coordinates":[[[-73.7780376580273,40.72328426871321],[-73.77732562771791,40.722392701477595],[-73.77548473506467,40.7237206153734],[-73.77286784074273,40.72486798562724],[-73.77139578059025,40.725350502009945],[-73.76924074729871,40.725902701756674],[-73.7671833707021,40.726264384378645],[-73.76544843498029,40.72647468101892],[-73.76471618904584,40.72648102131886],[-73.75985964511524,40.72587438795593],[-73.75848259175697,40.7259481044055],[-73.75688011226855,40.72627860534325],[-73.75548073622103,40.725119807262736],[-73.75508624966832,40.72449006011378],[-73.75496919396734,40.72415964730778],[-73.7595009406196,40.72102737277774],[-73.76446951657488,40.718890392877945],[-73.76733228086881,40.717289796810775],[-73.7735713516841,40.71512009536888],[-73.78657528627528,40.71197249327694],[-73.78784678347726,40.71181083366794],[-73.78872545574953,40.712066781133274],[-73.78928913781583,40.71203312368855],[-73.79303799920264,40.71071107542323],[-73.79302654137983,40.71198136463999],[-73.79313224917804,40.71240723651774],[-73.79360704336277,40.713508470008854],[-73.7935857023335,40.71412867817347],[-73.79240413283499,40.71619304097273],[-73.79224175567441,40.717427179492205],[-73.79201376485528,40.71796768743558],[-73.79162842582066,40.7184179653091],[-73.79089960447452,40.718875807788145],[-73.79073248776176,40.7192087573289],[-73.79037191520048,40.72013207015193],[-73.79030267341497,40.7208914654583],[-73.7903570387927,40.72300530017993],[-73.790451492572,40.723554532324904],[-73.79147613632217,40.72513846598618],[-73.79174472581701,40.725788850394274],[-73.78116054967607,40.729212758599125],[-73.77757506815995,40.73019327580595],[-73.77523387094588,40.72523753382763],[-73.77634188888551,40.724465647596865],[-73.77667910899814,40.723993613962534],[-73.77700327859172,40.72372000918506],[-73.77738999153121,40.723498367751645],[-73.7780376580273,40.72328426871321]]]}},{"type":"Feature","properties":{"ntaname":"Jamaica Hills-Briarwood","boroname":"Queens","ntatype":"0"},"geometry":{"type":"Polygon","coordinates":[[[-73.7930379992026,40.71071107542323],[-73.7947305219882,40.710012461963444],[-73.79776810067948,40.70914318884339],[-73.79870150613023,40.71066337711313],[-73.80141416240689,40.709686873022314],[-73.80159590497914,40.70954842575561],[-73.80193296990011,40.708911595851745],[-73.80302414674632,40.708139657093334],[-73.80366830057753,40.70874604689922],[-73.8050124749829,40.70947333518665],[-73.80548241255212,40.71008885593892],[-73.80804630743958,40.70935682763351],[-73.80762188175137,40.70873059540725],[-73.80694856263321,40.70736710041278],[-73.81201248430207,40.70594494480607],[-73.8115285676521,40.70227287487812],[-73.8135647045585,40.702528497999424],[-73.81647531193624,40.702450427418526],[-73.817917960704,40.70550799820819],[-73.819065494111,40.707452529505545],[-73.81913889019884,40.707865189193015],[-73.81952770334794,40.70857912816951],[-73.81953776740568,40.70827941076668],[-73.8203651368857,40.70952341274407],[-73.82131391780284,40.710548220305306],[-73.8230812974171,40.71200209914582],[-73.82395020594441,40.71286336357874],[-73.82415919272498,40.713132559773946],[-73.82394405895185,40.71323329984583],[-73.82428940517953,40.71387006610603],[-73.82557862791455,40.71576260917696],[-73.82517896603255,40.716014997394524],[-73.82430571349012,40.71607458159085],[-73.8238216253527,40.71621137044001],[-73.82352922533079,40.71636126953132],[-73.82340468849675,40.71655002870017],[-73.8218792717015,40.71664717158986],[-73.82050714709823,40.716596632691385],[-73.81942598840754,40.71635659897209],[-73.81814437207166,40.71591539319776],[-73.81710417013943,40.7157768127617],[-73.81643902863067,40.71578669535085],[-73.81644095410167,40.71588700704473],[-73.81152398130986,40.71597802044493],[-73.80782231744779,40.715911466481614],[-73.80784387489497,40.715999734066],[-73.80474282360336,40.71616896450202],[-73.80192181075604,40.716549519517436],[-73.80008238575218,40.71697423711165],[-73.79809522666656,40.71754225181322],[-73.79804792344984,40.71740839762371],[-73.79278969973645,40.719077581757176],[-73.79214019871951,40.71919897141464],[-73.79070834383194,40.7192686520274],[-73.79089960447452,40.718875807788145],[-73.79162842582066,40.7184179653091],[-73.79201376485534,40.71796768743553],[-73.79224175567445,40.717427179492205],[-73.79240413283505,40.71619304097273],[-73.7935857023335,40.71412867817344],[-73.79360704336271,40.713508470008826],[-73.7931322491781,40.7124072365177],[-73.79302654137983,40.71198136463999],[-73.7930379992026,40.71071107542323]]]}},{"type":"Feature","properties":{"ntaname":"Mount Hebron & Cedar Grove Cemeteries","boroname":"Queens","ntatype":"7"},"geometry":{"type":"Polygon","coordinates":[[[-73.82481178355508,40.73963096056882],[-73.82487827311917,40.739572312931415],[-73.8253932151459,40.73404823668828],[-73.82546253236593,40.733640662746495],[-73.82553129314755,40.73363428214846],[-73.82566535329194,40.732279578377415],[-73.83386267065022,40.7305531890079],[-73.83400368721344,40.731567710162615],[-73.83448336474244,40.73216391697111],[-73.83489939417063,40.73296764276752],[-73.83584824589427,40.7338337492565],[-73.8360484560617,40.73426558528826],[-73.83560508693313,40.73513453988244],[-73.83539812832238,40.73691239005314],[-73.83564585551946,40.7384910116405],[-73.83627526965145,40.73956837667391],[-73.83662419655053,40.73936506028228],[-73.83675088052505,40.73972053495573],[-73.83710720648943,40.7413962294514],[-73.83699269956922,40.74209334242395],[-73.8360998905771,40.74242906978126],[-73.83586131783862,40.74322798520755],[-73.83296892986608,40.7425936165982],[-73.83115549354883,40.74234091794378],[-73.83133868363664,40.7391706310632],[-73.83090596456923,40.739132763891774],[-73.83099423001246,40.73856549499752],[-73.83113451649305,40.73856190697565],[-73.83053551231437,40.73752019476341],[-73.82946751842844,40.7370244827513],[-73.8280915257704,40.73708317627821],[-73.82794968932286,40.73781959923788],[-73.82796455084349,40.73850320445289],[-73.82701222392282,40.73856900905002],[-73.82597580373833,40.73900039588358],[-73.82556079168602,40.73945436007155],[-73.8249743992586,40.739440426755365],[-73.8249480087466,40.739567105506474],[-73.82481178355508,40.73963096056882]]]}},{"type":"Feature","properties":{"ntaname":"Cunningham Park","boroname":"Queens","ntatype":"9"},"geometry":{"type":"Polygon","coordinates":[[[-73.75678272715538,40.72630578486276],[-73.75848259175709,40.72594810440545],[-73.75985964511524,40.725874387955876],[-73.7650375511175,40.7264881539786],[-73.76617099968142,40.72641601338932],[-73.76924074729871,40.72590270175663],[-73.77139578059037,40.72535050200989],[-73.77286784074273,40.72486798562724],[-73.77437108620524,40.724261132109106],[-73.77548473506482,40.7237206153734],[-73.77732562727651,40.72239270181176],[-73.77774895326534,40.7228421100656],[-73.77803765802742,40.72328426871315],[-73.77738999153117,40.723498367751645],[-73.77700327859166,40.72372000918506],[-73.77667910899814,40.723993613962534],[-73.77634188888555,40.724465647596865],[-73.77523387094598,40.72523753382763],[-73.77757506815995,40.73019327580592],[-73.77491335182782,40.73091286026854],[-73.77010830568058,40.73177950841342],[-73.77121678005028,40.73333747727719],[-73.77229585368883,40.73510969673588],[-73.77315793471287,40.73699289815642],[-73.77455066783988,40.74081510267834],[-73.77575892512752,40.74336722747142],[-73.77244458677195,40.74391958401122],[-73.77139647284396,40.744292625249855],[-73.76947793074687,40.74524724976718],[-73.76776278215725,40.74584353402106],[-73.7668785346446,40.74409357970635],[-73.76649109544547,40.74374843068627],[-73.76556849678256,40.74325815552728],[-73.76259694638458,40.73708732709024],[-73.76248609189,40.73673098245316],[-73.76248538541284,40.7361816956824],[-73.76273303379644,40.73526216317316],[-73.76511018279888,40.734557739047546],[-73.76369979169927,40.732864117518105],[-73.76555085921686,40.73254428394148],[-73.76453514765902,40.73146927979642],[-73.76341268722304,40.73046577177114],[-73.7622632483045,40.72960467710912],[-73.76066099911607,40.72861599902417],[-73.75845885582537,40.72754269993835],[-73.75703486168582,40.72660856590603],[-73.75677401826506,40.72637580025069],[-73.75678272715538,40.72630578486276]]]}},{"type":"Feature","properties":{"ntaname":"Kew Gardens","boroname":"Queens","ntatype":"0"},"geometry":{"type":"Polygon","coordinates":[[[-73.81647531193624,40.702450427418526],[-73.81686030359168,40.70244433182033],[-73.81733335748996,40.70295778651397],[-73.81740638517566,40.70270582259133],[-73.81754376127216,40.70265734931918],[-73.8224589027805,40.70365553128271],[-73.83152109540606,40.70138962879795],[-73.83213204085828,40.70279408079253],[-73.83391709620503,40.702347368472154],[-73.8346024485002,40.70392746712467],[-73.8355617770136,40.70368088384324],[-73.83597534615981,40.703432158453595],[-73.83661882066103,40.703420017871096],[-73.83696237744874,40.704212452834966],[-73.83806860430222,40.70595740524055],[-73.83813635209631,40.70618202949811],[-73.83808137808256,40.70656204347332],[-73.83714702922727,40.70795704676518],[-73.83828428770079,40.70840935912769],[-73.84314625235133,40.709223456920625],[-73.84133936543044,40.709946234362405],[-73.83770894067275,40.711036484269606],[-73.8370368815126,40.71131170508137],[-73.83611476516761,40.7118251468735],[-73.83597706956753,40.711705956974846],[-73.83109589255764,40.71428061247586],[-73.82557862791455,40.71576260917696],[-73.82428940517953,40.71387006610603],[-73.82394405895185,40.71323329984583],[-73.82415919272498,40.713132559773946],[-73.82395020594441,40.71286336357874],[-73.8230812974171,40.71200209914582],[-73.82131391780284,40.710548220305306],[-73.8203651368857,40.70952341274407],[-73.81953776740568,40.70827941076668],[-73.81952770334794,40.70857912816951],[-73.81913889019884,40.707865189193015],[-73.819065494111,40.707452529505545],[-73.817917960704,40.70550799820819],[-73.81647531193624,40.702450427418526]]]}},{"type":"Feature","properties":{"ntaname":"Richmond Hill","boroname":"Queens","ntatype":"0"},"geometry":{"type":"Polygon","coordinates":[[[-73.81647531193624,40.702450427418526],[-73.815455623452,40.70027888244653],[-73.81372585751059,40.69713209523397],[-73.81439240235476,40.69707421541617],[-73.81888126416459,40.69579082174907],[-73.81958300696951,40.69572694147163],[-73.8208618976337,40.695353559557475],[-73.82108096399644,40.69577899764424],[-73.8247880141738,40.694716962106064],[-73.82967597568506,40.69352697578607],[-73.84496027980167,40.689162625082666],[-73.84773325373096,40.69477527996503],[-73.84894128916666,40.69755684757066],[-73.8494776340949,40.69819580839783],[-73.8486811559897,40.698458523853944],[-73.84820912767348,40.69851840854505],[-73.84502472810954,40.69935937751805],[-73.84275664180579,40.70065769530599],[-73.84156377940216,40.70110059921825],[-73.83947815087203,40.70269019499975],[-73.83696237744874,40.704212452834966],[-73.83661882066103,40.703420017871096],[-73.83597534615981,40.703432158453595],[-73.8355617770136,40.70368088384324],[-73.8346024485002,40.70392746712467],[-73.83391709620503,40.702347368472154],[-73.83213204085828,40.70279408079253],[-73.83152109540606,40.70138962879795],[-73.8224589027805,40.70365553128271],[-73.81754376127216,40.70265734931918],[-73.81740638517566,40.70270582259133],[-73.81733335748996,40.70295778651397],[-73.81686030359168,40.70244433182033],[-73.81647531193624,40.702450427418526]]]}},{"type":"Feature","properties":{"ntaname":"South Richmond Hill","boroname":"Queens","ntatype":"0"},"geometry":{"type":"Polygon","coordinates":[[[-73.81072587432989,40.69192242230212],[-73.81354014067422,40.691211367833354],[-73.82501128872681,40.687952318427946],[-73.82599347300521,40.689953662256855],[-73.82851136605123,40.689239056293786],[-73.82753021325706,40.68723948273573],[-73.83595082774886,40.68484354738765],[-73.83693600775929,40.686843325190296],[-73.83727810061005,40.68674734592033],[-73.83810579953929,40.68843310715161],[-73.83634617789266,40.68892763055784],[-73.83750506103344,40.69129397943807],[-73.82967597568506,40.69352697578607],[-73.8247880141738,40.694716962106064],[-73.82108096399644,40.69577899764424],[-73.8208618976337,40.695353559557475],[-73.81958300696951,40.69572694147163],[-73.81888126416459,40.69579082174907],[-73.81415998928425,40.69711791154359],[-73.81372585751059,40.69713209523397],[-73.81072587432989,40.69192242230212]]]}},{"type":"Feature","properties":{"ntaname":"Ozone Park (North)","boroname":"Queens","ntatype":"0"},"geometry":{"type":"Polygon","coordinates":[[[-73.83595082774886,40.68484354738765],[-73.83807768937295,40.684238909701364],[-73.83697486217649,40.68198801776318],[-73.83865065697351,40.68143823714945],[-73.8401285597314,40.681146650581766],[-73.8411960550906,40.683351367344564],[-73.847868174779,40.681486832121],[-73.85197864468334,40.6825642112843],[-73.85099089216749,40.68056836816236],[-73.85398014701971,40.67968303546529],[-73.8581983594644,40.67943084957028],[-73.85878576836865,40.68063046414625],[-73.86334943460909,40.67935164139093],[-73.86410096591109,40.68237285029176],[-73.86601993132706,40.68191958702714],[-73.86630263765373,40.683186695104695],[-73.83750506103344,40.69129397943807],[-73.83634617789266,40.68892763055784],[-73.83810579953929,40.68843310715161],[-73.83727810061005,40.68674734592033],[-73.83693600775929,40.686843325190296],[-73.83595082774886,40.68484354738765]]]}},{"type":"Feature","properties":{"ntaname":"Woodhaven","boroname":"Queens","ntatype":"0"},"geometry":{"type":"Polygon","coordinates":[[[-73.84913837176869,40.6982827412012],[-73.8494776340949,40.69819580839783],[-73.84894128916666,40.69755684757066],[-73.84773325373096,40.69477527996503],[-73.84496027980167,40.689162625082666],[-73.85053106480554,40.687591950614554],[-73.85056256158254,40.68766321460226],[-73.86630263765373,40.683186695104695],[-73.86659848195221,40.685269559068296],[-73.86745694011425,40.68840044216117],[-73.86859478038963,40.69388437469128],[-73.86868454304549,40.694034691905046],[-73.86840518883152,40.69473118624327],[-73.85744447651432,40.696912985386],[-73.85274511619896,40.69756075076841],[-73.8527076967891,40.69796856205144],[-73.85283262124726,40.69840776658144],[-73.85386250337588,40.69986485574236],[-73.85456630463464,40.70059405158943],[-73.85424156293122,40.70074429958443],[-73.85412473993176,40.70076508480878],[-73.85410116315052,40.700513749327584],[-73.8507084219023,40.7002031251037],[-73.84913837176869,40.6982827412012]]]}},{"type":"Feature","properties":{"ntaname":"South Ozone Park","boroname":"Queens","ntatype":"0"},"geometry":{"type":"Polygon","coordinates":[[[-73.8073645482768,40.685962123013425],[-73.80179295375413,40.67439399109003],[-73.80149003302263,40.67354484746204],[-73.8013177132462,40.67278422497768],[-73.80124404076315,40.66984300880514],[-73.8014170894731,40.667778095938836],[-73.8016051082752,40.666851399052725],[-73.80214866414657,40.66524995396516],[-73.80432050482743,40.665120734035824],[-73.80614395818654,40.66491273087771],[-73.80845016114498,40.66446130126395],[-73.81168861099222,40.66313287201105],[-73.81326843327555,40.662812918202974],[-73.81410520318883,40.66279518295443],[-73.82296101186121,40.66386013874918],[-73.82305210478327,40.66355387863719],[-73.82571227923765,40.66359314071145],[-73.82687353836342,40.66370410799334],[-73.82910033473578,40.664250738087304],[-73.83270533815954,40.665405773282465],[-73.83811946603159,40.67662988905782],[-73.8379425096916,40.67679420975563],[-73.8401285597314,40.681146650581766],[-73.83865065697351,40.68143823714945],[-73.83697486217649,40.68198801776318],[-73.83807768937295,40.684238909701364],[-73.82753021325706,40.68723948273573],[-73.82851136605123,40.689239056293786],[-73.82599347300521,40.689953662256855],[-73.82501128872681,40.687952318427946],[-73.81354014067422,40.691211367833354],[-73.81072587432989,40.69192242230212],[-73.8073645482768,40.685962123013425]]]}},{"type":"Feature","properties":{"ntaname":"Ozone Park","boroname":"Queens","ntatype":"0"},"geometry":{"type":"Polygon","coordinates":[[[-73.8411960550906,40.683351367344564],[-73.8379425096916,40.67679420975563],[-73.83811946603159,40.67662988905782],[-73.83334819137352,40.66677318701368],[-73.834876542347,40.6672116647173],[-73.8370365101544,40.66732766949478],[-73.83790595489889,40.667511405580505],[-73.83845354525158,40.66766201071393],[-73.83834358107259,40.667989026573515],[-73.8400816987889,40.66845921881277],[-73.8404678388253,40.66871850822],[-73.84034977303207,40.668472901761625],[-73.8401362362476,40.66826802501346],[-73.84242633989129,40.66878034706103],[-73.84258049032691,40.66928053313842],[-73.84322150022409,40.669340410882924],[-73.84847765214472,40.670916738651755],[-73.8571134913068,40.67357505459433],[-73.8582515355994,40.674135611691305],[-73.86131863516547,40.67502126881478],[-73.86234580380987,40.6791647861452],[-73.86328296876194,40.67907937167695],[-73.86334943460909,40.67935164139093],[-73.85878576836865,40.68063046414625],[-73.8581983594644,40.67943084957028],[-73.85398014701971,40.67968303546529],[-73.85099089216749,40.68056836816236],[-73.85197864468334,40.6825642112843],[-73.847868174779,40.681486832121],[-73.8411960550906,40.683351367344564]]]}},{"type":"Feature","properties":{"ntaname":"Howard Beach-Lindenwood","boroname":"Queens","ntatype":"0"},"geometry":{"type":"MultiPolygon","coordinates":[[[[-73.86021221902361,40.65484005213166],[-73.86054077728362,40.6546239972789],[-73.86098917265818,40.65520976760688],[-73.86072015717228,40.655197183945674],[-73.86021221902361,40.65484005213166]]],[[[-73.83032725271073,40.655132805802516],[-73.83041203839751,40.655215855760865],[-73.83026601785501,40.65542864678396],[-73.8300032131877,40.655552129209795],[-73.82988919855889,40.65552282308677],[-73.83032725271073,40.655132805802516]]],[[[-73.8571134913068,40.67357505459433],[-73.84322150022409,40.669340410882924],[-73.84258049032691,40.66928053313842],[-73.84242633989129,40.66878034706103],[-73.84215802031912,40.66870144772638],[-73.8401362362476,40.66826802501346],[-73.84034977303207,40.668472901761625],[-73.8404678388253,40.66871850822],[-73.8400816987889,40.66845921881277],[-73.83834358107259,40.667989026573515],[-73.83845354525158,40.66766201071393],[-73.83790595489889,40.667511405580505],[-73.8370365101544,40.66732766949478],[-73.834876542347,40.6672116647173],[-73.83334819137352,40.66677318701368],[-73.83029375054035,40.66040199153004],[-73.82991335621287,40.65966566868381],[-73.82931420086834,40.65889865674471],[-73.82859942338702,40.6571969730152],[-73.82639242756336,40.648324349284565],[-73.82650289819742,40.648329027201314],[-73.82701502572714,40.648759713234995],[-73.8284604110572,40.649118677724985],[-73.82959697362601,40.64982765808605],[-73.83001039752298,40.650328375159354],[-73.82986948766651,40.650429629639355],[-73.8300076744927,40.650903475057646],[-73.83093651287493,40.65162612925503],[-73.83110356276934,40.6522566949088],[-73.83132175015915,40.652726532368014],[-73.83128774471834,40.65347883742423],[-73.83156039342549,40.653603277647996],[-73.83158322059785,40.65381378583128],[-73.82934489243117,40.65571002158391],[-73.82901417557974,40.656107884452624],[-73.8291881885572,40.656072270301955],[-73.82966677652017,40.6555990405191],[-73.8301503268674,40.65566460284457],[-73.83044328071922,40.65551947244465],[-73.83058237017296,40.655323754538024],[-73.830556585893,40.65515473762867],[-73.83053069151879,40.65535764899081],[-73.83053759090681,40.65491222324052],[-73.83056930687479,40.65514245642811],[-73.83060245974772,40.65480688977772],[-73.83170814411545,40.65393117429707],[-73.83205445130542,40.654046418067786],[-73.83212330981527,40.654273162178825],[-73.8320005287062,40.65444081946784],[-73.83216050229873,40.6545095086729],[-73.83221698518581,40.65446038629317],[-73.83216594711055,40.654530454829356],[-73.83204647773093,40.65448107631974],[-73.83185835751905,40.65461183972574],[-73.8314933010301,40.65497982053992],[-73.8311610074389,40.655919232731215],[-73.83021213161007,40.65633719250569],[-73.83003301456682,40.65656716783368],[-73.82955413649344,40.65642377086769],[-73.82937603410717,40.65650633521608],[-73.82923653798922,40.65666452802178],[-73.82930974695338,40.656932457535355],[-73.82896778740296,40.65720524792025],[-73.8291791973458,40.657799778544465],[-73.82951375096914,40.657914524424434],[-73.83013028740645,40.65840264271618],[-73.83005061350448,40.658490048398356],[-73.82970706839046,40.65850251336213],[-73.82959986903286,40.65865680591038],[-73.82992819287561,40.65918098090505],[-73.83014950104759,40.6598086849575],[-73.83001214184989,40.65916316387899],[-73.82982589468475,40.65896126974044],[-73.82969520083267,40.65865592919425],[-73.82979240260039,40.6585680176268],[-73.83000120757706,40.658593890244255],[-73.83019910654805,40.658508969566896],[-73.83024426973397,40.65834996934735],[-73.8298271228173,40.65811643485687],[-73.8296301319762,40.65784629785786],[-73.82922393902868,40.6577065123841],[-73.82906423370444,40.65744211214668],[-73.82909434825073,40.65733421916605],[-73.82949826173954,40.65690590795557],[-73.82950265119976,40.656647431480884],[-73.8300917256968,40.65673635744882],[-73.83050532057378,40.656342367316356],[-73.83127112569362,40.65600327150185],[-73.83144150704965,40.65576651663785],[-73.83155309177302,40.655242971869775],[-73.83185238479282,40.654885038267146],[-73.83218186068025,40.654894751954956],[-73.83276735895048,40.65678771573994],[-73.83290309524597,40.65748377162325],[-73.83278194361348,40.657548460886275],[-73.83208497100733,40.65613102901409],[-73.83194394578129,40.656171427756185],[-73.83260036370731,40.65782659112489],[-73.83201491708164,40.658077531631754],[-73.83110373716177,40.658231717948155],[-73.83112664421708,40.6583187869438],[-73.83126967491418,40.658359831558585],[-73.83338439472544,40.658051859208165],[-73.83156681412638,40.65116771441594],[-73.83118719179556,40.650751711171075],[-73.83108885207724,40.65005393281259],[-73.83079877896031,40.64897655870406],[-73.83148723517212,40.64788727851643],[-73.83453497304731,40.64802513078843],[-73.835101716169,40.648178834121175],[-73.8356080045445,40.648469073611984],[-73.83580287170392,40.6491104261306],[-73.83597223496493,40.64934876341621],[-73.8384530672263,40.659361619198485],[-73.8388069039877,40.66094183548032],[-73.83862724293785,40.661081643287744],[-73.83883705709185,40.661121523378334],[-73.83892925173912,40.66127003335001],[-73.83885632115644,40.66121305215804],[-73.8388923948905,40.661403524253394],[-73.83807555639744,40.66158795982317],[-73.83814081447404,40.662069507090926],[-73.83822167662554,40.66221712649941],[-73.8384389733089,40.66234384741237],[-73.83872354362992,40.66240716148683],[-73.83969596515671,40.66223830360273],[-73.83962395726115,40.66199612869192],[-73.8399794997562,40.66190427386242],[-73.83929268122331,40.65924135166457],[-73.8389646298412,40.6575730435248],[-73.83849739559618,40.65590102434863],[-73.83839803830547,40.65581547310863],[-73.83681334575157,40.64924941500217],[-73.8373877871349,40.649118150638536],[-73.84679162086779,40.64779632984532],[-73.84839790968526,40.65449742691441],[-73.85320516062498,40.65380788611483],[-73.85437346122309,40.658605261577705],[-73.85354690139397,40.65931610646886],[-73.85361678093031,40.659733864756525],[-73.85735269409841,40.656795747115346],[-73.8596701793761,40.65518789566355],[-73.8608403069981,40.65617157528192],[-73.8613519324424,40.65639462169396],[-73.86140130930177,40.65656773931667],[-73.86067414520065,40.65658459166498],[-73.86061669329688,40.65646465720711],[-73.86061557040892,40.65664054217473],[-73.86044288674564,40.656696985675964],[-73.86051503888419,40.65676700974299],[-73.8602083950106,40.65701037444666],[-73.8600677781954,40.65677986104971],[-73.86005569574453,40.656972255155544],[-73.85983363521383,40.65697706372323],[-73.86007499798225,40.657048611080185],[-73.85981027609571,40.657322411996454],[-73.85979094247288,40.65743201360675],[-73.85993897279435,40.65772017765314],[-73.85970571828656,40.65783698479464],[-73.85959244827323,40.657988453503705],[-73.85958200860448,40.65833100359444],[-73.85977993090684,40.6585493831648],[-73.86025847889977,40.65862971224182],[-73.86031051842147,40.65878442149436],[-73.86022679496337,40.65889743324265],[-73.86045182957596,40.65879671920704],[-73.86039260036219,40.65862014824409],[-73.86051208604323,40.65849767154185],[-73.86098077505929,40.658381303449886],[-73.86085773050955,40.65871992718897],[-73.86061668779281,40.6588323964964],[-73.86049000489093,40.658994143501396],[-73.8604846576272,40.659182432793045],[-73.86061207311117,40.65932653510791],[-73.86079238497753,40.65923294244179],[-73.86085533922633,40.65900368027795],[-73.86121224378512,40.65876665653722],[-73.86132276468818,40.65851493216602],[-73.86124850937952,40.65822408602463],[-73.86093499368775,40.65805606752885],[-73.86053747698878,40.658092262042146],[-73.86038783682683,40.65823690739484],[-73.86011221673257,40.65832681549769],[-73.85976839588906,40.658281936345944],[-73.86021363811535,40.657913469551765],[-73.8605764621807,40.65783458980614],[-73.8604071420188,40.65776134156833],[-73.86031029516802,40.65741807054214],[-73.86035030672483,40.657226067167805],[-73.86060930392624,40.65715545619818],[-73.86062372337481,40.65720545608306],[-73.86087003527047,40.65690897573442],[-73.86161371163514,40.656996510755555],[-73.86162505358375,40.65768732859192],[-73.86172714514386,40.65803365399336],[-73.86269778233435,40.65761830951434],[-73.86317083274409,40.65827651294824],[-73.86030494564054,40.65963465530412],[-73.85851436327641,40.659898942467976],[-73.85761537119583,40.660118933153164],[-73.85842950725197,40.66345336143299],[-73.85568461155036,40.66386749287488],[-73.85763323108364,40.6716561940382],[-73.8603851978872,40.671251710989075],[-73.86131863516547,40.67502126881478],[-73.8582515355994,40.674135611691305],[-73.8571134913068,40.67357505459433]]]]}},{"type":"Feature","properties":{"ntaname":"Spring Creek Park","boroname":"Queens","ntatype":"9"},"geometry":{"type":"MultiPolygon","coordinates":[[[[-73.85722330896276,40.65027867104306],[-73.86001322825,40.65397342586144],[-73.86054077728362,40.6546239972789],[-73.86021221902361,40.65484005213166],[-73.85979242750736,40.65447615737718],[-73.85975533673269,40.654104176189925],[-73.85941022942804,40.65386473691996],[-73.85944474027045,40.65363754810446],[-73.85934240802169,40.65356106691029],[-73.85924955873753,40.653254295428574],[-73.85904529229693,40.65310797658669],[-73.85898002913167,40.652675457834874],[-73.85854822276491,40.65236079018107],[-73.85783392541363,40.65155815255663],[-73.85731941515405,40.651237099510624],[-73.85730224535253,40.65106410508121],[-73.85695870357921,40.65058737347274],[-73.85714714448105,40.65049613463797],[-73.85722330896276,40.65027867104306]]],[[[-73.85437346122309,40.658605261577705],[-73.85320516062498,40.65380788611483],[-73.84839790968526,40.65449742691441],[-73.84679162086779,40.64779632984532],[-73.838371990683,40.648958704392555],[-73.83681334575157,40.64924941500217],[-73.83592320072995,40.64549979184783],[-73.83633074721295,40.645321149279745],[-73.8386089610291,40.64534790831288],[-73.83989797671786,40.64512667816033],[-73.84039185358881,40.64488791503196],[-73.84126005446507,40.64488479363774],[-73.84579484060227,40.64410150925752],[-73.84950699084062,40.64413376618153],[-73.85207628474056,40.64617614809116],[-73.85235799885896,40.64670535594329],[-73.8524319963248,40.64715929523086],[-73.85234257505523,40.647677310339716],[-73.85172587332036,40.64891215507168],[-73.85159089132351,40.64909647844231],[-73.85137202098981,40.649179904100656],[-73.85118955810586,40.64907062091643],[-73.8509055246141,40.649168196000545],[-73.85092740820906,40.64941251427163],[-73.85080931543526,40.64956440146906],[-73.85078185996018,40.64980609222295],[-73.85061030166487,40.649794765217294],[-73.85058099294757,40.64986220594798],[-73.85058665633656,40.65033798049254],[-73.8505203896015,40.650382310543115],[-73.85037708349654,40.6502744998758],[-73.85042261012721,40.65047699482562],[-73.84968367444209,40.65092361226097],[-73.84942572156439,40.65092925242037],[-73.84925726840824,40.651031532551066],[-73.84921658357179,40.65116899849039],[-73.84939766406322,40.651434878950546],[-73.84992253316179,40.65165796410645],[-73.85078499726184,40.65153285190447],[-73.85149116370032,40.65119797267749],[-73.85178606559366,40.65081563938234],[-73.85206308984338,40.65080396052665],[-73.85230658834244,40.65060091306139],[-73.85250949601144,40.65055140331135],[-73.85403329490697,40.65066031197491],[-73.85495939550387,40.65096843594686],[-73.85525081124445,40.65127037487834],[-73.8558782271423,40.651289801364626],[-73.85624490962736,40.65159728211898],[-73.85634948858683,40.65217859576157],[-73.85651523398525,40.65234581936204],[-73.85661523684287,40.65268350491903],[-73.85683865484016,40.65290324395769],[-73.85710234878438,40.65296122958443],[-73.85772331774075,40.65272622856926],[-73.85828132383817,40.65299487215201],[-73.85852026658146,40.65331118940394],[-73.85857198690208,40.65372519794116],[-73.85876419753468,40.65403255472381],[-73.85875807991592,40.654161627335235],[-73.85915498446133,40.65440246836865],[-73.85932735900838,40.654940570897764],[-73.8596701793761,40.65518789566355],[-73.85735269409841,40.656795747115346],[-73.85361678093031,40.659733864756525],[-73.85354690139397,40.65931610646886],[-73.85437346122309,40.658605261577705]]]]}},{"type":"Feature","properties":{"ntaname":"Auburndale","boroname":"Queens","ntatype":"0"},"geometry":{"type":"Polygon","coordinates":[[[-73.77163811373067,40.744196939369765],[-73.77244458677195,40.74391958401122],[-73.77343298771699,40.743718683276285],[-73.78040848457842,40.742629800149665],[-73.7953564779763,40.738537301095725],[-73.79641178366118,40.73832532618916],[-73.796439400485,40.738438947644816],[-73.7967249785876,40.73841664312471],[-73.79629297225534,40.738552306430535],[-73.79640833669879,40.73859341998245],[-73.79722373002814,40.7400980347207],[-73.79727887871456,40.74044786239695],[-73.79723084906004,40.74169550663387],[-73.79613631108772,40.74257146779263],[-73.79521257709722,40.74349556879119],[-73.79460535126421,40.744332916943485],[-73.79446368332795,40.74497002220893],[-73.79448121556749,40.74566953231752],[-73.79472264877985,40.74759933020805],[-73.79704715969253,40.7493323184425],[-73.79729524633105,40.74943505288953],[-73.79536550262804,40.75038476812111],[-73.79472141191256,40.75062131979514],[-73.7945772690188,40.75356301133769],[-73.79493246101809,40.75779803007236],[-73.79402473893013,40.75773596895556],[-73.79031516842448,40.757823450587665],[-73.79076004554386,40.76098576942364],[-73.79343991080363,40.760764127960265],[-73.79343673637212,40.761596830826896],[-73.79302551299664,40.764621192187676],[-73.7939591452068,40.76469531992347],[-73.79317944423835,40.770403177725676],[-73.79493636644898,40.77240453088558],[-73.7956570198897,40.77303608721581],[-73.7936523027001,40.77336043864151],[-73.7916352606646,40.77423865558605],[-73.78826972798846,40.7750753578295],[-73.78459339349048,40.77614122569327],[-73.78448104111969,40.77395095048988],[-73.78400901818792,40.77200397486297],[-73.78309303140959,40.770113262190705],[-73.77838149519921,40.76122605637027],[-73.77777671617214,40.75962509543139],[-73.77679452045045,40.75606691010802],[-73.77564503502515,40.752629013496474],[-73.77432549442365,40.749832876695315],[-73.77416662197298,40.74987867116507],[-73.77174097746494,40.74484399726687],[-73.77192604258494,40.744790738393284],[-73.77163811373067,40.744196939369765]]]}},{"type":"Feature","properties":{"ntaname":"Bayside","boroname":"Queens","ntatype":"0"},"geometry":{"type":"Polygon","coordinates":[[[-73.76760454567857,40.77829903415697],[-73.76761894075494,40.777994693916064],[-73.76709113484735,40.77684484110936],[-73.76632823258109,40.77584305433098],[-73.76572796903928,40.77460332809224],[-73.76510436820394,40.77379903822068],[-73.76417633114522,40.772829990442865],[-73.76126301259842,40.770395965074435],[-73.76060524066072,40.769765933959974],[-73.76044056848677,40.76948518693166],[-73.75960078092824,40.7687232567132],[-73.75893512093695,40.768334328516055],[-73.75880776560997,40.7681826527256],[-73.75882735935755,40.767767524373646],[-73.75864264358079,40.767357170035645],[-73.7578703056741,40.76694642744715],[-73.75760683799236,40.76696991900709],[-73.75739020737589,40.76716667285977],[-73.75703114820041,40.76682325434149],[-73.75641084289568,40.76651422327036],[-73.75650071937827,40.76634450501819],[-73.75628664411578,40.766343404049465],[-73.75602210333291,40.76646442121036],[-73.75547310439607,40.76636558091926],[-73.75493674341264,40.76609325213905],[-73.75410065488627,40.76534935346214],[-73.75377036464347,40.765304631985686],[-73.75467572317345,40.764939760146405],[-73.75567226855465,40.764691149129995],[-73.7591977039697,40.764326745504064],[-73.75886431310758,40.76327454175998],[-73.7583629650641,40.763497383000384],[-73.75784858628565,40.762566799538575],[-73.75784436808456,40.76236797448158],[-73.75802377729293,40.76211102530208],[-73.75848074978504,40.761994737147305],[-73.75800131634726,40.76037986814802],[-73.75682062041994,40.7597348068314],[-73.75625606223963,40.75843047005956],[-73.75583713256925,40.7577420624534],[-73.75557343584234,40.75828095183798],[-73.75511648290063,40.75847949880217],[-73.75404744825111,40.75851238651271],[-73.75320997118119,40.75824487350981],[-73.75230259322663,40.7594551998344],[-73.7511558281731,40.75906976875012],[-73.75057710625028,40.758014895656224],[-73.75004764465876,40.75840465879311],[-73.74809587786969,40.7558995497207],[-73.74711113768001,40.75417328675966],[-73.74774116439379,40.75384994514821],[-73.74709885341628,40.75234682917815],[-73.74680794553375,40.75202841850012],[-73.74778504069451,40.75146598720838],[-73.74902502805362,40.75098001554669],[-73.75033322748254,40.750661106945515],[-73.75036779504451,40.75077706833941],[-73.75231188670637,40.75045926989664],[-73.75758836019223,40.74915475261831],[-73.76057626972872,40.74785645248775],[-73.76140163165645,40.74756730972532],[-73.76862599805305,40.74558274613076],[-73.76947793074687,40.74524724976718],[-73.77163811373067,40.744196939369765],[-73.77192604258494,40.744790738393284],[-73.77174097746494,40.74484399726687],[-73.77416662197298,40.74987867116507],[-73.77432549442365,40.749832876695315],[-73.77564503502515,40.752629013496474],[-73.77679452045045,40.75606691010802],[-73.77777671617214,40.75962509543139],[-73.77838149519921,40.76122605637027],[-73.78309303140959,40.770113262190705],[-73.78400901818792,40.77200397486297],[-73.78448104111969,40.77395095048988],[-73.78459339349048,40.77614122569327],[-73.77947656058417,40.777664169919376],[-73.77583958177736,40.778612373114356],[-73.77553732181362,40.777025597979296],[-73.76861267825942,40.77909521106401],[-73.76815640868458,40.77812526976861],[-73.76760454567857,40.77829903415697]]]}},{"type":"Feature","properties":{"ntaname":"Douglaston-Little Neck","boroname":"Queens","ntatype":"0"},"geometry":{"type":"MultiPolygon","coordinates":[[[[-73.74500248662632,40.77919897460207],[-73.7442928971143,40.778747261922156],[-73.7444044998018,40.77873127054101],[-73.74454629709695,40.77885465064734],[-73.74461568026847,40.77867207014603],[-73.74481235604424,40.77855689759709],[-73.74506031149814,40.77914294294139],[-73.74500248662632,40.77919897460207]]],[[[-73.7467245708424,40.78030652579841],[-73.74559224274115,40.77958067926981],[-73.74581872949014,40.77966671687365],[-73.74625571068341,40.779574448137474],[-73.74663919415688,40.77935899363879],[-73.74682065555056,40.77937431015796],[-73.74704048603985,40.77962092541532],[-73.7470542967687,40.779859629109914],[-73.74720113454198,40.779949454135405],[-73.74724480713074,40.78007634470967],[-73.7467245708424,40.78030652579841]]],[[[-73.74895634954433,40.781066528723095],[-73.74824911019064,40.780764779210074],[-73.7480276333625,40.78048315011244],[-73.74805660854005,40.7802806929069],[-73.74814452405515,40.780240380301315],[-73.747872465631,40.780073004658604],[-73.74735791062731,40.77938330756189],[-73.74748710416954,40.77920251414577],[-73.74777892911669,40.7791149970059],[-73.74739673412975,40.7790641251624],[-73.74716558229078,40.77885633284477],[-73.74688963788215,40.77888908385832],[-73.74679375137325,40.77903485208637],[-73.746866256832,40.778877504024734],[-73.74645839808412,40.77857020582722],[-73.74645869564011,40.77849205790233],[-73.74600823209414,40.77826233630806],[-73.74575395445244,40.77787484233853],[-73.74564129623971,40.77782884819787],[-73.74563182709758,40.77768206000485],[-73.74548431373526,40.77757118144784],[-73.7455277180059,40.77736732714273],[-73.74540061330568,40.7773439937799],[-73.7454502217535,40.7773061620577],[-73.74534800304866,40.77715344956252],[-73.74529986010754,40.777284863241164],[-73.74552663268206,40.77765132978342],[-73.74568769910017,40.778152983483686],[-73.7457774637275,40.77828470094168],[-73.74611030250026,40.77845507553995],[-73.74597332018791,40.77862274671216],[-73.74600996424336,40.778876573399394],[-73.74540776901326,40.778982460382416],[-73.74529068415669,40.778864263774864],[-73.74519240493997,40.77874610846258],[-73.74522148914329,40.77851744301603],[-73.74507677183948,40.77824908135139],[-73.74483730132036,40.77816992580365],[-73.74461729498398,40.77791926631311],[-73.74492873596495,40.77761974929859],[-73.74513111257447,40.77756301455766],[-73.74523985922653,40.77740242977608],[-73.7451466951775,40.77717706880588],[-73.74524624200906,40.77696285546433],[-73.74501727403884,40.776597812966095],[-73.74493721615214,40.77663337414074],[-73.7449510186446,40.776712030076695],[-73.74513797615597,40.77699835541659],[-73.74506693612805,40.77713400568605],[-73.74507512050204,40.77745210014203],[-73.74466521379169,40.77768349588282],[-73.74471768193898,40.777487047521426],[-73.74443101629156,40.77745615402501],[-73.74437707494381,40.77762758114046],[-73.74448010307741,40.77773264364417],[-73.74441591813944,40.77812324694171],[-73.74415244907019,40.778172696797796],[-73.74408443034726,40.77825545912614],[-73.74412664638365,40.778362293479475],[-73.74433449820759,40.77843137351766],[-73.74404091391105,40.77859010478109],[-73.74075991489305,40.776694710498596],[-73.74007973839655,40.77620879539356],[-73.73937598887058,40.776013669167504],[-73.73912361871307,40.77570414357251],[-73.73770283534154,40.77479358573051],[-73.73389261591322,40.77252717875952],[-73.73128738555295,40.770815114979804],[-73.72153324613568,40.76482318958477],[-73.72097588301872,40.76476015978839],[-73.716575852522,40.76178181152243],[-73.7133254207879,40.75973018956998],[-73.71549669347884,40.75964561123093],[-73.71698648425608,40.759428053213405],[-73.71777882243869,40.75920246370857],[-73.7187574403707,40.75878899982664],[-73.7195027067938,40.758396604309695],[-73.72014524222521,40.75791135989186],[-73.72113420829712,40.756944422476856],[-73.72148863632262,40.7564265776219],[-73.72211498810681,40.75520795367802],[-73.72294009389309,40.7541289148246],[-73.72376629274856,40.75341626353398],[-73.72625938442026,40.75186982719902],[-73.7268685379624,40.75136880584219],[-73.72736103652076,40.75083798695294],[-73.72797406044945,40.749978963709765],[-73.72864941160132,40.74806788027158],[-73.72904412327965,40.74723238891339],[-73.73095767797076,40.744859004235494],[-73.73232546685414,40.743645412601104],[-73.73253297552068,40.74376601374835],[-73.73374471226855,40.7428516324762],[-73.73451799841934,40.74382245775268],[-73.73487307072136,40.744461268282116],[-73.73503555136648,40.74514659875485],[-73.73503921554509,40.746184076099475],[-73.73543000252701,40.74716066862081],[-73.7359149733329,40.74753887984943],[-73.73708378273264,40.74813177452957],[-73.73830468529079,40.74924682956986],[-73.73985375976419,40.75129852994999],[-73.74087361640728,40.75196838552151],[-73.74143323701077,40.75270873638053],[-73.74172419912766,40.7532820867395],[-73.74178079694214,40.75348221644304],[-73.74127837716362,40.75457638642893],[-73.74075722100189,40.754967469170346],[-73.73979348041422,40.755398882345254],[-73.73929461373265,40.75587624853542],[-73.73914373065024,40.75639361823353],[-73.73926325481749,40.756917049369356],[-73.73970566078025,40.75662293520495],[-73.73964315657634,40.75673838284161],[-73.74041677540464,40.756676318141096],[-73.74120820579846,40.75620461768438],[-73.7412594544038,40.75671049768921],[-73.74250213836363,40.758588149545055],[-73.7431062574269,40.75849426529467],[-73.74346609205045,40.75933829943289],[-73.74473826410453,40.76075997554887],[-73.74597810474897,40.763976285903595],[-73.74936995528702,40.762933643854446],[-73.75021253132955,40.76374938265559],[-73.74687521678469,40.76451862992244],[-73.74940846440919,40.767551979611774],[-73.75338852940367,40.765333946086145],[-73.75403422239239,40.766055020228535],[-73.75414938849819,40.766299533554616],[-73.7543607458206,40.766460230709086],[-73.75507210849031,40.76753310678754],[-73.75487256100385,40.768120704325305],[-73.75485915829324,40.7684042529586],[-73.75470219963202,40.768620872332974],[-73.7543938826934,40.76875346274883],[-73.75471391688033,40.76879514339516],[-73.75470593716685,40.769741522946916],[-73.75533279459178,40.7709981546535],[-73.75553498728895,40.77098552649457],[-73.75534216256267,40.771022152241414],[-73.7555733264932,40.77152912592288],[-73.75542423703571,40.771642135350035],[-73.75508267647729,40.771713228490974],[-73.75511523562321,40.77183490648716],[-73.75505920385858,40.77171917519614],[-73.7543807475735,40.77204127214496],[-73.75357000906135,40.77269461612953],[-73.75340985812537,40.77295917381163],[-73.75336691999665,40.77320784675843],[-73.75367969121444,40.7739729793325],[-73.75395573939898,40.77430620907533],[-73.7541441545852,40.77504467904708],[-73.75427404182325,40.7751842351648],[-73.75424149999385,40.775266830365396],[-73.7546604244237,40.77583628448737],[-73.75480097120251,40.77589859528217],[-73.75488688128334,40.77618932212097],[-73.75518575394132,40.77649807133296],[-73.75485800665813,40.77689639971655],[-73.75498193747218,40.777043803363],[-73.75481322893425,40.77761903230577],[-73.75551781604716,40.777584144020125],[-73.75551737581792,40.777704048364356],[-73.7548121705854,40.77763599592218],[-73.75470837226607,40.777717812200876],[-73.7545644968634,40.77794686964711],[-73.75464981317319,40.77799210679726],[-73.75444196281853,40.77812515704123],[-73.75430183540871,40.77840611149005],[-73.75411171878478,40.77902456898723],[-73.75412964083071,40.77938414323779],[-73.75402624009541,40.77960387939488],[-73.75300812549895,40.78086607468612],[-73.75299839296423,40.781289489522294],[-73.75235868996555,40.781871216448586],[-73.75231589558969,40.78199978443115],[-73.75183976284254,40.7823382791334],[-73.75106768657518,40.782598164546116],[-73.75062090581845,40.78260312130218],[-73.7502077036601,40.78239927487963],[-73.74997515899979,40.78213657382858],[-73.7499180642091,40.78193613794304],[-73.74953514672036,40.78178059423794],[-73.74925326353045,40.7815356988437],[-73.74895634954433,40.781066528723095]]]]}},{"type":"Feature","properties":{"ntaname":"Oakland Gardens-Hollis Hills","boroname":"Queens","ntatype":"0"},"geometry":{"type":"Polygon","coordinates":[[[-73.74029081563614,40.73851667064148],[-73.74159714743162,40.736908169453066],[-73.7430615151169,40.73547914642898],[-73.74673750176666,40.732583220726575],[-73.74962106484757,40.7300053270935],[-73.75067290041116,40.729183001336374],[-73.75263672227848,40.72798766496581],[-73.75374796624284,40.72742596537848],[-73.75521633923572,40.72682468213622],[-73.75678272715538,40.72630578486276],[-73.75677401826506,40.72637580025069],[-73.75703486168582,40.72660856590603],[-73.75845885582537,40.72754269993835],[-73.76066099911607,40.72861599902417],[-73.7622632483045,40.72960467710912],[-73.76341268722304,40.73046577177114],[-73.76453514765902,40.73146927979642],[-73.76555085921686,40.73254428394148],[-73.76369979169927,40.732864117518105],[-73.76511018279888,40.734557739047546],[-73.76273303379644,40.73526216317316],[-73.76248538541284,40.7361816956824],[-73.76248609189,40.73673098245316],[-73.76259694638458,40.73708732709024],[-73.76556849678256,40.74325815552728],[-73.76649109544547,40.74374843068627],[-73.7668785346446,40.74409357970635],[-73.76776278215725,40.74584353402106],[-73.76140163165645,40.74756730972532],[-73.76057626972872,40.74785645248775],[-73.75793958245956,40.74903214783611],[-73.75722993782128,40.74926464279356],[-73.75231188670637,40.75045926989664],[-73.75036779504451,40.75077706833941],[-73.75033322748254,40.750661106945515],[-73.74902502805362,40.75098001554669],[-73.74778504069451,40.75146598720838],[-73.74680794553375,40.75202841850012],[-73.74621665528497,40.75168585102426],[-73.74570758687425,40.751585516774945],[-73.74409668638819,40.74820664277713],[-73.74382205515954,40.747428195806684],[-73.74625984267293,40.74671147631525],[-73.74593060304488,40.74571565950839],[-73.7447758704066,40.743281098040576],[-73.74567621027117,40.74302729928928],[-73.7485716104524,40.74333928978112],[-73.75072790253546,40.74299784790365],[-73.75347299961011,40.742404845206174],[-73.7513896746137,40.74019416017787],[-73.75098230033595,40.740021462846386],[-73.75037358579934,40.73992246708269],[-73.74996804245224,40.73974575348811],[-73.7439619346671,40.74078912695425],[-73.74360280188525,40.739012609483964],[-73.7430682075505,40.738440818430654],[-73.74155202583253,40.738762041260976],[-73.74106699936125,40.73897800003901],[-73.7401947838015,40.73903094083983],[-73.74029081563614,40.73851667064148]]]}},{"type":"Feature","properties":{"ntaname":"Alley Pond Park","boroname":"Queens","ntatype":"9"},"geometry":{"type":"Polygon","coordinates":[[[-73.73374471226866,40.7428516324762],[-73.73835104618887,40.74033993875235],[-73.73939902903966,40.73952101337003],[-73.74029081563614,40.73851667064148],[-73.7401947838015,40.73903094083983],[-73.74106699936125,40.73897800003901],[-73.74155202583253,40.738762041260976],[-73.7430682075505,40.738440818430654],[-73.74360280188525,40.739012609483964],[-73.7439619346671,40.74078912695425],[-73.74996804245224,40.73974575348811],[-73.7513896746137,40.74019416017787],[-73.75347299961011,40.742404845206174],[-73.75072790253546,40.74299784790365],[-73.7485716104524,40.74333928978112],[-73.74567621027117,40.74302729928928],[-73.7447758704066,40.743281098040576],[-73.74593060304488,40.74571565950839],[-73.74625984267293,40.74671147631525],[-73.74382205515954,40.747428195806684],[-73.74409668638819,40.74820664277713],[-73.74570758687425,40.751585516774945],[-73.74621665528497,40.75168585102426],[-73.74652681280529,40.75184264644802],[-73.74709885341628,40.75234682917815],[-73.74774116439379,40.75384994514821],[-73.74711113768001,40.75417328675966],[-73.74809587786969,40.7558995497207],[-73.75004764465876,40.75840465879311],[-73.75057710625028,40.758014895656224],[-73.7511558281731,40.75906976875012],[-73.75230259322663,40.7594551998344],[-73.75320997118119,40.75824487350981],[-73.75404744825111,40.75851238651271],[-73.75511648290063,40.75847949880217],[-73.75557343584234,40.75828095183798],[-73.75583713256925,40.7577420624534],[-73.75625606223963,40.75843047005956],[-73.75682062041994,40.7597348068314],[-73.75800131634726,40.76037986814802],[-73.75848074978504,40.761994737147305],[-73.75802377729293,40.76211102530208],[-73.75784436808456,40.76236797448158],[-73.75784858628565,40.762566799538575],[-73.7583629650641,40.763497383000384],[-73.75886431310758,40.76327454175998],[-73.7591977039697,40.764326745504064],[-73.75567226855465,40.764691149129995],[-73.75467572317345,40.764939760146405],[-73.75377036464347,40.765304631985686],[-73.7538044144522,40.76506822784472],[-73.75340994726432,40.7646926596567],[-73.75219261536523,40.763830418515276],[-73.75150345347899,40.76236250230469],[-73.7510524589596,40.76190285117247],[-73.7510743225256,40.76176367133642],[-73.75090170424889,40.761662508758256],[-73.75072728692216,40.76174242158557],[-73.75041128338702,40.7615121726567],[-73.74998548163106,40.76133664470486],[-73.7491466567432,40.76119279008287],[-73.74861225072561,40.76092780307617],[-73.74753513475056,40.759857196187504],[-73.7465598186776,40.75933914819123],[-73.74628904491182,40.759059245320294],[-73.74630325820948,40.75857155712459],[-73.74641486447285,40.758466742401616],[-73.74642482955807,40.75820966578255],[-73.74637157591451,40.75803530060444],[-73.74623496178658,40.757923106876575],[-73.74626136313684,40.75777454144928],[-73.74610334252897,40.757679382258665],[-73.74577582220611,40.75784863663234],[-73.74463599057209,40.756891175867295],[-73.74468877720251,40.75660002751667],[-73.74455864030777,40.75655788583271],[-73.74458195179064,40.75692265929491],[-73.74486618338659,40.757204304879146],[-73.74575984954018,40.75791351761141],[-73.74604668174611,40.757809942869464],[-73.74631196705299,40.758054814525515],[-73.7462701103259,40.75842713247975],[-73.74606214876098,40.75876150044796],[-73.74635893029055,40.759290872701364],[-73.74749424153497,40.75997668685233],[-73.74824810096808,40.76083846541855],[-73.74840723450251,40.76125008280831],[-73.74889172728996,40.76156802548538],[-73.7488725496178,40.76166805312999],[-73.74908247461813,40.761673275330544],[-73.74905465901702,40.761570763070694],[-73.74922202176576,40.761579746580445],[-73.74917394462383,40.76137774482811],[-73.75004042130577,40.761576082739815],[-73.75057049365306,40.76191547482174],[-73.75063847963764,40.762059118823316],[-73.75110899242165,40.76240606640963],[-73.75142048789607,40.76276169436693],[-73.7516952345571,40.76365182736891],[-73.75251092750291,40.76452737641629],[-73.7527410267367,40.76457997454335],[-73.75304571089819,40.76481722793788],[-73.75338852940372,40.765333946086145],[-73.74940846440934,40.76755197961174],[-73.74687521678463,40.7645186299224],[-73.7502125313296,40.76374938265555],[-73.74936995528708,40.762933643854446],[-73.74597810474908,40.763976285903595],[-73.74473826410453,40.76075997554887],[-73.74346609205045,40.75933829943289],[-73.74310625742686,40.75849426529467],[-73.74250213836363,40.75858814954502],[-73.74125945440386,40.75671049768918],[-73.74120820579857,40.75620461768434],[-73.74041677540468,40.756676318141096],[-73.73964315657634,40.75673838284157],[-73.73970566078019,40.75662293520489],[-73.7392632548176,40.756917049369314],[-73.73914373065024,40.75639361823353],[-73.73929461373271,40.75587624853537],[-73.73979348041439,40.755398882345254],[-73.74075722100199,40.754967469170296],[-73.74127837716368,40.754576386428894],[-73.74178079694214,40.753482216443004],[-73.74172419912772,40.753282086739475],[-73.74143323701072,40.752708736380484],[-73.74087361640728,40.75196838552147],[-73.7398537597643,40.75129852994999],[-73.73830468529074,40.74924682956982],[-73.73708378273264,40.74813177452957],[-73.73591497333295,40.747538879849394],[-73.73543000252701,40.74716066862081],[-73.73503921554516,40.746184076099446],[-73.73503555136648,40.74514659875485],[-73.7348730707213,40.74446126828207],[-73.73451799841934,40.74382245775268],[-73.73374471226866,40.7428516324762]]]}},{"type":"Feature","properties":{"ntaname":"Jamaica","boroname":"Queens","ntatype":"0"},"geometry":{"type":"Polygon","coordinates":[[[-73.76844546384753,40.70963702715734],[-73.77230141559252,40.70807142303152],[-73.77333799416225,40.707793515718464],[-73.77430843582812,40.70739366845726],[-73.77505158032558,40.706924035560114],[-73.77549258201965,40.706254672349075],[-73.77559530044509,40.705884320057805],[-73.7755921863789,40.705329308720735],[-73.77507462164377,40.70523998379942],[-73.77230768532989,40.7005715083238],[-73.77395659399906,40.6998057815885],[-73.7758689274083,40.70165517071643],[-73.77791979804798,40.703291536889736],[-73.78034491041925,40.70541241670608],[-73.78202436091975,40.7054817276133],[-73.78279775401121,40.705361137704884],[-73.78597976361117,40.70418661636204],[-73.78966391480166,40.703039488521135],[-73.79115569594595,40.702294075799045],[-73.7923917022655,40.70216652965151],[-73.79186916402625,40.70136613718601],[-73.79221029651018,40.70082267135013],[-73.79260506651944,40.70043210047545],[-73.79357708668842,40.699756471694826],[-73.79572173639531,40.699014735111035],[-73.79722374641814,40.698359458386705],[-73.79786193380428,40.69799340427645],[-73.79918226817762,40.69687147632383],[-73.80119617824683,40.6953364890637],[-73.8064247931684,40.690873858412445],[-73.80890216768682,40.692564348953226],[-73.80951497913152,40.69225997788565],[-73.81072587432989,40.69192242230212],[-73.81416657394823,40.69787986416318],[-73.815455623452,40.70027888244653],[-73.81647531193624,40.702450427418526],[-73.8135647045585,40.702528497999424],[-73.8115285676521,40.70227287487812],[-73.81201248430207,40.70594494480607],[-73.80694856263321,40.70736710041278],[-73.80762188175137,40.70873059540725],[-73.80804630743958,40.70935682763351],[-73.80548241255212,40.71008885593892],[-73.8050124749829,40.70947333518665],[-73.80366830057753,40.70874604689922],[-73.80302414674632,40.708139657093334],[-73.80193296990011,40.708911595851745],[-73.80159590497914,40.70954842575561],[-73.80141416240689,40.709686873022314],[-73.79870150613023,40.71066337711313],[-73.79776810067948,40.70914318884339],[-73.7947305219882,40.710012461963444],[-73.7930379992026,40.71071107542323],[-73.78928913781589,40.71203312368852],[-73.78872545574953,40.712066781133245],[-73.78784678347726,40.711810833667904],[-73.78657528627528,40.711972493276896],[-73.77712346840055,40.71426199408275],[-73.77537421155921,40.71167750626222],[-73.77450050216959,40.71194578095765],[-73.77314372244636,40.70992119236891],[-73.77172444612691,40.71031681885429],[-73.77165155222623,40.71022237216442],[-73.77084362775737,40.7101716264849],[-73.7688121725218,40.70980812455569],[-73.76844546384753,40.70963702715734]]]}},{"type":"Feature","properties":{"ntaname":"South Jamaica","boroname":"Queens","ntatype":"0"},"geometry":{"type":"Polygon","coordinates":[[[-73.77395659399906,40.6998057815885],[-73.78277079714988,40.69599514162298],[-73.78092104514711,40.693839700324844],[-73.77789337217679,40.68991769002978],[-73.77977294915996,40.68928116998517],[-73.78078155432273,40.69102994294767],[-73.78580380735715,40.688996220428],[-73.78698344354947,40.688608476968305],[-73.79038468230088,40.68775361379837],[-73.79390841612106,40.68630469089356],[-73.79561486720836,40.68865689126205],[-73.79995042755543,40.68682771995492],[-73.79898209074386,40.68485873832637],[-73.80585668515104,40.68290731788954],[-73.8073645482768,40.685962123013425],[-73.81072587432989,40.69192242230212],[-73.80951497913152,40.69225997788565],[-73.80890216768682,40.692564348953226],[-73.8064247931684,40.690873858412445],[-73.80119617824683,40.6953364890637],[-73.79918226817762,40.69687147632383],[-73.79786193380428,40.69799340427645],[-73.79722374641814,40.698359458386705],[-73.79572173639531,40.699014735111035],[-73.79357708668842,40.699756471694826],[-73.79260506651944,40.70043210047545],[-73.79221029651018,40.70082267135013],[-73.79186916402625,40.70136613718601],[-73.7923917022655,40.70216652965151],[-73.79115569594595,40.702294075799045],[-73.78966391480166,40.703039488521135],[-73.78597976361117,40.70418661636204],[-73.7825658249591,40.70542486386626],[-73.78188750562444,40.70548293718847],[-73.78034491041925,40.70541241670608],[-73.77791979804798,40.703291536889736],[-73.7758689274083,40.70165517071643],[-73.77395659399906,40.6998057815885]]]}},{"type":"Feature","properties":{"ntaname":"Baisley Park","boroname":"Queens","ntatype":"0"},"geometry":{"type":"Polygon","coordinates":[[[-73.77789337217679,40.68991769002978],[-73.7766191183116,40.688363723547795],[-73.77570479888122,40.68761238206102],[-73.77240015728715,40.68527961596876],[-73.76974091260281,40.68378627635674],[-73.77014324667269,40.68311109705301],[-73.77232211204058,40.681490968262686],[-73.7746973004981,40.680486047411584],[-73.77722923561177,40.67965272195093],[-73.7784193534604,40.679030879560884],[-73.78025859328653,40.6778409243873],[-73.78353613229928,40.67550309112973],[-73.78397383987034,40.67511760920013],[-73.78434496260614,40.67469643991764],[-73.78574700027029,40.67237942959321],[-73.7865752779455,40.67276671056379],[-73.7880864722486,40.67300962649797],[-73.78915781846028,40.66833809624835],[-73.78940999355977,40.666841158686104],[-73.79306694280847,40.6670672943209],[-73.79711068874407,40.66694966921819],[-73.79851997041818,40.6665908835276],[-73.79919649443521,40.66651752683564],[-73.80163473932281,40.666757554359364],[-73.8014170894731,40.667778095938836],[-73.80124404076315,40.66984300880514],[-73.80125415824183,40.67188912770642],[-73.8013177132462,40.67278422497768],[-73.80149003302263,40.67354484746204],[-73.80179295375413,40.67439399109003],[-73.80585668515104,40.68290731788954],[-73.79898209074386,40.68485873832637],[-73.79995042755543,40.68682771995492],[-73.79561486720836,40.68865689126205],[-73.79390841612106,40.68630469089356],[-73.79038468230088,40.68775361379837],[-73.78698344354947,40.688608476968305],[-73.78580380735715,40.688996220428],[-73.78078155432273,40.69102994294767],[-73.77977294915996,40.68928116998517],[-73.77789337217679,40.68991769002978]]]}},{"type":"Feature","properties":{"ntaname":"Springfield Gardens (North)-Rochdale Village","boroname":"Queens","ntatype":"0"},"geometry":{"type":"Polygon","coordinates":[[[-73.76031463846735,40.67510997187887],[-73.75880484963699,40.673005654862365],[-73.75870172164636,40.67311653593597],[-73.75861795554917,40.673040833039664],[-73.75849761429988,40.672648444991296],[-73.75821606021123,40.67269569087711],[-73.75636239193665,40.67242923710904],[-73.75648374407702,40.67148986637007],[-73.75643734225946,40.66966637874086],[-73.75699533207414,40.66774126856131],[-73.75763129530147,40.66645115660537],[-73.77154460630646,40.66796326909854],[-73.77342462680873,40.66802762009213],[-73.78566409857282,40.667187540523905],[-73.78940999355977,40.666841158686104],[-73.78915781846028,40.66833809624835],[-73.7880864722486,40.67300962649797],[-73.7865752779455,40.67276671056379],[-73.78574700027029,40.67237942959321],[-73.78434496260614,40.67469643991764],[-73.78397383987034,40.67511760920013],[-73.78095126154084,40.67735350752009],[-73.7784193534604,40.679030879560884],[-73.77722923561177,40.67965272195093],[-73.7746973004981,40.680486047411584],[-73.77232211204058,40.681490968262686],[-73.77014324667269,40.68311109705301],[-73.76974091260281,40.68378627635674],[-73.76715533235279,40.68237709337146],[-73.76161350153542,40.67972794215419],[-73.76191764338085,40.678881831944416],[-73.76288673332593,40.6775024212779],[-73.7632492074976,40.67678980375271],[-73.7634298475627,40.67631916870704],[-73.76367677490218,40.6747455262276],[-73.76343036795708,40.67470605301286],[-73.76248600364025,40.674194981764856],[-73.76031463846735,40.67510997187887]]]}},{"type":"Feature","properties":{"ntaname":"St. Albans","boroname":"Queens","ntatype":"0"},"geometry":{"type":"Polygon","coordinates":[[[-73.7504705809467,40.70563993103331],[-73.7461815781834,40.696121925980215],[-73.74507479956513,40.696390949409384],[-73.74359285933764,40.69621532530715],[-73.74426648688419,40.69426010141118],[-73.74467955472021,40.69341226447404],[-73.74624345491722,40.69127944535179],[-73.74850340999754,40.6877818361272],[-73.74935259434316,40.686639419349106],[-73.75001704218833,40.68589131900592],[-73.75096994234207,40.684201691058696],[-73.75103020556551,40.684222867366906],[-73.75225828553378,40.68149141147138],[-73.75484909582539,40.6779288383857],[-73.75523457739516,40.6772884097462],[-73.75576169139454,40.675885909418795],[-73.75648885703784,40.67602276208586],[-73.7567274225931,40.67620876591203],[-73.75691881631015,40.67652887087326],[-73.76248600364025,40.674194981764856],[-73.76343036795708,40.67470605301286],[-73.76367677490218,40.6747455262276],[-73.7634298475627,40.67631916870704],[-73.7632492074976,40.67678980375271],[-73.76288673332593,40.6775024212779],[-73.76191764338085,40.678881831944416],[-73.76161350153542,40.67972794215419],[-73.76715533235279,40.68237709337146],[-73.76974091260281,40.68378627635674],[-73.77240015728715,40.68527961596876],[-73.77570479888122,40.68761238206102],[-73.7766191183116,40.688363723547795],[-73.77725784039025,40.689071920668766],[-73.78092104514711,40.693839700324844],[-73.78277079714988,40.69599514162298],[-73.7774449802569,40.69825971307989],[-73.77230768532989,40.7005715083238],[-73.77507462164377,40.70523998379942],[-73.7755921863789,40.705329308720735],[-73.77559530044509,40.705884320057805],[-73.77549258201965,40.706254672349075],[-73.77505158032558,40.706924035560114],[-73.77430843582812,40.70739366845726],[-73.77333799416225,40.707793515718464],[-73.77230141559252,40.70807142303152],[-73.76844546384753,40.70963702715734],[-73.76825968986248,40.70952636837836],[-73.76734431811802,40.706636346494484],[-73.76229996208549,40.7079494182572],[-73.76176016893066,40.70660580652072],[-73.76196728739158,40.70660617302171],[-73.76195016200712,40.70592086542447],[-73.76213041346215,40.70550109242422],[-73.76095546462618,40.70290957793642],[-73.7504705809467,40.70563993103331]]]}},{"type":"Feature","properties":{"ntaname":"Hollis","boroname":"Queens","ntatype":"0"},"geometry":{"type":"Polygon","coordinates":[[[-73.7504705809467,40.70563993103331],[-73.76095546462618,40.70290957793642],[-73.76213041346215,40.70550109242422],[-73.76195016200712,40.70592086542447],[-73.76196728739158,40.70660617302171],[-73.76176016893066,40.70660580652072],[-73.76229996208549,40.7079494182572],[-73.76734431811802,40.706636346494484],[-73.76825968986248,40.70952636837836],[-73.7688121725218,40.70980812455569],[-73.77084362775737,40.7101716264849],[-73.77165155222623,40.71022237216442],[-73.77172444612691,40.71031681885429],[-73.77314372244636,40.70992119236891],[-73.77450050216959,40.71194578095765],[-73.77537421155921,40.71167750626222],[-73.77712346840055,40.71426199408275],[-73.77357135168404,40.71512009536888],[-73.76733228086881,40.717289796810775],[-73.76446951657488,40.718890392877896],[-73.7594414294101,40.72106344375331],[-73.75401024442284,40.71383490188053],[-73.75370834556638,40.713324637241065],[-73.7504705809467,40.70563993103331]]]}},{"type":"Feature","properties":{"ntaname":"Glen Oaks-Floral Park-New Hyde Park","boroname":"Queens","ntatype":"0"},"geometry":{"type":"Polygon","coordinates":[[[-73.7133254207879,40.75973018956998],[-73.71244940598523,40.7592417042155],[-73.70782538565497,40.756216404322885],[-73.70273495637419,40.75325051731093],[-73.70163345759967,40.752493329689685],[-73.70134715916569,40.75078058137437],[-73.7011731654892,40.7489243016214],[-73.7009012734726,40.74712854407901],[-73.70058163971377,40.74318384158697],[-73.70000906254971,40.739323413160086],[-73.70002020371138,40.739236541728715],[-73.70081147030183,40.738439152386405],[-73.70147072950022,40.737511560961984],[-73.70206036268367,40.736442757166365],[-73.70766217173856,40.72783093450627],[-73.71049995273978,40.72722708741124],[-73.71075217164208,40.73052537505698],[-73.71147804721952,40.73250140137267],[-73.71476982624478,40.73790034823738],[-73.71544946747396,40.739216804571804],[-73.71892134793433,40.746894869056476],[-73.71949657497335,40.74848903503231],[-73.7201010143544,40.74977532930348],[-73.72258571843531,40.7488504517089],[-73.72339596217732,40.7503890759246],[-73.72627213222928,40.74930649076082],[-73.7276803255188,40.74963924557689],[-73.7279656875994,40.748896821603914],[-73.72829055896214,40.74745866499545],[-73.72864941160132,40.74806788027158],[-73.72812201875084,40.749661972001306],[-73.7278210429855,40.75023302300457],[-73.72736103652076,40.75083798695294],[-73.7268685379624,40.75136880584219],[-73.72625938442026,40.75186982719902],[-73.72376629274856,40.75341626353398],[-73.72294009389309,40.7541289148246],[-73.72211498810681,40.75520795367802],[-73.72148863632262,40.7564265776219],[-73.72113420829712,40.756944422476856],[-73.72014524222521,40.75791135989186],[-73.7195027067938,40.758396604309695],[-73.7187574403707,40.75878899982664],[-73.71777882243869,40.75920246370857],[-73.71698648425608,40.759428053213405],[-73.71549669347884,40.75964561123093],[-73.7133254207879,40.75973018956998]]]}},{"type":"Feature","properties":{"ntaname":"Bellerose","boroname":"Queens","ntatype":"0"},"geometry":{"type":"Polygon","coordinates":[[[-73.7104999527399,40.7272270874112],[-73.71693287990968,40.72638641555398],[-73.72567196871361,40.72403765899124],[-73.7281623385495,40.72308414078654],[-73.7283641527184,40.7236143523798],[-73.72990780990708,40.72327301286179],[-73.73147215054848,40.72741179527284],[-73.74555591343949,40.73063747398293],[-73.74629555656713,40.73118017796471],[-73.74649162170499,40.73141458954924],[-73.74665689438119,40.731814925062835],[-73.74673750176666,40.732583220726575],[-73.7430615151169,40.73547914642898],[-73.74159714743162,40.736908169453066],[-73.73996026098114,40.73891917336759],[-73.73900696095887,40.73985598031468],[-73.73804299254961,40.74052800396534],[-73.73432002260203,40.742491937411216],[-73.73321205999278,40.74320098738846],[-73.73253297552078,40.74376601374829],[-73.73232546685418,40.74364541260106],[-73.73095767797076,40.74485900423545],[-73.72921940814844,40.746953516077404],[-73.72864941160132,40.74806788027154],[-73.72829055896214,40.74745866499545],[-73.72796568759938,40.748896821603914],[-73.72768032551885,40.74963924557686],[-73.72627213222938,40.74930649076079],[-73.72339596217738,40.75038907592456],[-73.72258571843531,40.7488504517089],[-73.72010101435451,40.749775329303425],[-73.71949657497329,40.74848903503232],[-73.71892134793448,40.746894869056426],[-73.71544946747396,40.739216804571804],[-73.71476982624489,40.73790034823738],[-73.71147804721959,40.73250140137267],[-73.7107521716422,40.73052537505694],[-73.7104999527399,40.7272270874112]]]}},{"type":"Feature","properties":{"ntaname":"Queens Village","boroname":"Queens","ntatype":"0"},"geometry":{"type":"Polygon","coordinates":[[[-73.72990780990698,40.72327301286179],[-73.72836415271846,40.72361435237984],[-73.72816233854954,40.723084140786575],[-73.7292631066896,40.722712821112054],[-73.73032628902034,40.72215729678346],[-73.72917629515445,40.719167214561935],[-73.72697146650967,40.71071450403049],[-73.72689487349234,40.709978573616446],[-73.72704696486667,40.7094987533117],[-73.7267775946746,40.703059292402685],[-73.72776791801739,40.703020637942124],[-73.73426455293747,40.70321954338109],[-73.73430403593768,40.702478132196354],[-73.74077675795905,40.70267983786259],[-73.7405033639837,40.70343355745073],[-73.74148805155744,40.70343161263624],[-73.74590870931375,40.70228727366261],[-73.74500118994638,40.700262213048546],[-73.74773012049566,40.699553136831646],[-73.75121246881852,40.707306580076384],[-73.75370834556634,40.713324637241065],[-73.75401024442273,40.71383490188053],[-73.75944142940995,40.72106344375331],[-73.75496919396734,40.72415964730778],[-73.75508624966832,40.72449006011378],[-73.75548073622103,40.725119807262736],[-73.75688011226855,40.72627860534325],[-73.75454891771649,40.727076773529795],[-73.75301201137647,40.727776012968825],[-73.75188545444676,40.72841759955691],[-73.75067290041102,40.729183001336374],[-73.74962106484757,40.7300053270935],[-73.74673750176666,40.732583220726575],[-73.74665689438113,40.73181492506287],[-73.74649162170499,40.73141458954924],[-73.74629555656719,40.73118017796475],[-73.74555591343943,40.730637473982995],[-73.73147215054838,40.72741179527284],[-73.72990780990698,40.72327301286179]]]}},{"type":"Feature","properties":{"ntaname":"Cambria Heights","boroname":"Queens","ntatype":"0"},"geometry":{"type":"Polygon","coordinates":[[[-73.7407767579591,40.70267983786256],[-73.73430403593768,40.702478132196305],[-73.73426455293747,40.70321954338105],[-73.7277679180175,40.703020637942124],[-73.72677759467466,40.703059292402656],[-73.72672841155104,40.70214573575407],[-73.72678961162919,40.701945452870184],[-73.72665409017873,40.70111265939231],[-73.72654435058581,40.69898264016624],[-73.72620259610711,40.688984340807714],[-73.72579787942314,40.68435384982523],[-73.72586264116339,40.683241080946495],[-73.73744163705501,40.68670076788831],[-73.73759993991222,40.68636201219985],[-73.74746788784424,40.689322181235326],[-73.74722434534745,40.68971670391124],[-73.74728617635121,40.68973717360639],[-73.74624345491722,40.69127944535179],[-73.74467955472021,40.69341226447404],[-73.74426648688419,40.69426010141118],[-73.74359285933764,40.69621532530715],[-73.74507479956513,40.696390949409384],[-73.7461815781834,40.696121925980215],[-73.7477301204956,40.69955313683161],[-73.74500118994632,40.700262213048546],[-73.74590870931385,40.70228727366261],[-73.7410929388842,40.70348106267971],[-73.74050336398376,40.70343355745067],[-73.7407767579591,40.70267983786256]]]}},{"type":"Feature","properties":{"ntaname":"Laurelton","boroname":"Queens","ntatype":"0"},"geometry":{"type":"Polygon","coordinates":[[[-73.73452695897964,40.685774004538445],[-73.72718272361968,40.68359733001581],[-73.7281023864535,40.68176563707135],[-73.72851656730766,40.68121047255854],[-73.72950555707213,40.680055725641985],[-73.73047301194771,40.6793479372618],[-73.73106142318657,40.67830662071909],[-73.7330322325731,40.67649502613767],[-73.73512559306988,40.67393842058427],[-73.73592171572834,40.67265118359078],[-73.73552296460723,40.67255707215126],[-73.736777278462,40.670765124537795],[-73.73718424300924,40.67090981324585],[-73.73798805938823,40.669789636932194],[-73.74117817210484,40.66640295437147],[-73.75602173442486,40.666391716104336],[-73.75763129530147,40.66645115660537],[-73.75699533207414,40.66774126856131],[-73.75643734225946,40.66966637874086],[-73.75648374407702,40.67148986637007],[-73.75636239193665,40.67242923710904],[-73.75821606021123,40.67269569087711],[-73.75849761429988,40.672648444991296],[-73.75861795554917,40.673040833039664],[-73.75870172164636,40.67311653593597],[-73.75880484963699,40.673005654862365],[-73.76031463846735,40.67510997187887],[-73.75691881631015,40.67652887087326],[-73.7567274225931,40.67620876591203],[-73.75648885703784,40.67602276208586],[-73.75576169139454,40.675885909418795],[-73.75523457739516,40.6772884097462],[-73.75484909582539,40.6779288383857],[-73.75225828553378,40.68149141147138],[-73.75103020556551,40.684222867366906],[-73.75096994234207,40.684201691058696],[-73.75001704218833,40.68589131900592],[-73.74809302569815,40.68528309259016],[-73.74801584426137,40.68541877661247],[-73.74095291321797,40.68329121620817],[-73.74046387943207,40.6841938387136],[-73.73950237393002,40.68389668302],[-73.73964722632623,40.68359845192383],[-73.73581149101246,40.682452446195214],[-73.73423734775236,40.68534277988416],[-73.73395424170572,40.685262349204145],[-73.73410400405623,40.68550596105708],[-73.73452695897964,40.685774004538445]]]}},{"type":"Feature","properties":{"ntaname":"Springfield Gardens (South)-Brookville","boroname":"Queens","ntatype":"0"},"geometry":{"type":"Polygon","coordinates":[[[-73.75763129530147,40.66645115660537],[-73.75602173442486,40.666391716104336],[-73.73849170515227,40.666415406130746],[-73.74001752037609,40.66474795382481],[-73.74044280302523,40.66411013944538],[-73.74115182739015,40.6627744014897],[-73.74244279681466,40.660868528748054],[-73.74495610010571,40.65816982120883],[-73.74507382719305,40.657560727964324],[-73.74487420171579,40.65614455817023],[-73.74328713961904,40.65613473208411],[-73.7433254679629,40.652537805010205],[-73.7465499711253,40.652563755434834],[-73.74645065091426,40.651544652231884],[-73.7458732837803,40.65043625247895],[-73.74615357839076,40.65047151294185],[-73.74623916057672,40.6497929086608],[-73.74624887205297,40.64859462300209],[-73.74644061774204,40.648053553357165],[-73.7462212198707,40.6467913940938],[-73.74625036752207,40.646373436480985],[-73.74608166311918,40.64557039365891],[-73.74616512930311,40.64486228002022],[-73.74711666190726,40.6443718457884],[-73.74778293478266,40.6450038392992],[-73.7485717876437,40.64555028490701],[-73.7647545533122,40.65474689727339],[-73.76976145189289,40.657482236191946],[-73.77382964657818,40.65965115877155],[-73.77393604407882,40.659628017450416],[-73.77510069812675,40.66015258382304],[-73.77690452925368,40.6606721569316],[-73.77876683414885,40.661510723704225],[-73.7787154798716,40.66159540040984],[-73.77932933052475,40.66183952084514],[-73.77919377487594,40.661690359829755],[-73.78124173110102,40.66247034989132],[-73.78341610658288,40.66308247648418],[-73.78751177862071,40.66382524414059],[-73.79641492563313,40.66502093051703],[-73.79981954330347,40.665259262643865],[-73.80214866414657,40.66524995396516],[-73.80163473932281,40.666757554359364],[-73.79919649443521,40.66651752683564],[-73.79851997041818,40.6665908835276],[-73.79711068874407,40.66694966921819],[-73.79306694280847,40.6670672943209],[-73.78940999355977,40.666841158686104],[-73.78566409857282,40.667187540523905],[-73.77342462680873,40.66802762009213],[-73.77154460630646,40.66796326909854],[-73.75763129530147,40.66645115660537]]]}},{"type":"Feature","properties":{"ntaname":"Rosedale","boroname":"Queens","ntatype":"0"},"geometry":{"type":"Polygon","coordinates":[[[-73.72586264116329,40.683241080946495],[-73.72590660060669,40.68265660462427],[-73.7256300511989,40.67958795078154],[-73.72629437118809,40.67705811280228],[-73.72755616290443,40.67416158819021],[-73.72799989246542,40.66940504464146],[-73.72817255545314,40.66871742933782],[-73.72824131145188,40.66802409800284],[-73.72827272254973,40.66642959208385],[-73.72811351330414,40.665345314938094],[-73.72785787219328,40.66506797018431],[-73.72777029122467,40.66406439891905],[-73.72783352319865,40.66397643744328],[-73.72781750883685,40.66311678398312],[-73.72833071831944,40.66304394373028],[-73.72815281591822,40.662454142504245],[-73.72804607904838,40.66239899654399],[-73.72793124345296,40.661748835606105],[-73.7264443860825,40.65916161542237],[-73.72556769770608,40.65672514257895],[-73.72550259072499,40.65551651557244],[-73.72498470779016,40.65425343490316],[-73.72509934516106,40.65234574831041],[-73.72522608019015,40.652001000145574],[-73.72649790113567,40.65166351439884],[-73.7305145716906,40.65031031200358],[-73.7351350134013,40.64973204096658],[-73.73904482043439,40.64820118034259],[-73.74143705965366,40.646889178319896],[-73.74166141251544,40.642198062181116],[-73.74205084886786,40.641474204524386],[-73.74142279226983,40.64050339075156],[-73.74227387159938,40.640123381450174],[-73.74125900067378,40.63889749993777],[-73.73947121560623,40.635706432330686],[-73.73995957504,40.63514381087979],[-73.74000390414142,40.635308864792975],[-73.74067096192466,40.63520818669668],[-73.740773490474,40.635163200065016],[-73.74075047652902,40.63510783169167],[-73.7409699360815,40.63503440617857],[-73.74103068627753,40.63511759397368],[-73.74078781200114,40.63516103486998],[-73.74144329175063,40.635089670788936],[-73.7414129054949,40.634981311878526],[-73.74148827753689,40.635082624468154],[-73.74170620982711,40.63503754676973],[-73.74168473420008,40.634949817062065],[-73.74148887105935,40.635010134048954],[-73.74146473663757,40.63494288983092],[-73.74177038312298,40.63488103211837],[-73.74179861322422,40.6349811659344],[-73.74170163141338,40.63494771014387],[-73.74178775322268,40.635021719479205],[-73.74191703776539,40.63499854390932],[-73.74188146532214,40.634907371366545],[-73.74195564830633,40.63489181240133],[-73.74193893678894,40.63496754285208],[-73.74249628431717,40.635135314764256],[-73.74256892841278,40.63526422660999],[-73.74241966453926,40.63538024230625],[-73.74250233638011,40.635353169960766],[-73.74248497581837,40.63543253207163],[-73.74242723338075,40.635394361035665],[-73.74239123952427,40.63563030062958],[-73.74258539843598,40.63545335666135],[-73.74243638020296,40.63571275561021],[-73.74238343507989,40.635641262341075],[-73.74229683341744,40.635738911057324],[-73.74242065314748,40.635749566594974],[-73.74225903914292,40.635802565527904],[-73.7419808604516,40.636215757077764],[-73.74147457060202,40.63666995988278],[-73.7415509283263,40.636717611159234],[-73.74139723372828,40.63675038479511],[-73.74124959182289,40.63693970127265],[-73.74128985664899,40.63700385119433],[-73.74123208799055,40.63699585889213],[-73.74118815325537,40.63719532936878],[-73.74102309003337,40.63727201246065],[-73.7411179417444,40.63746814979451],[-73.74096487686366,40.637304775030245],[-73.74112989440736,40.637714334081245],[-73.74130372491103,40.63789881291866],[-73.74189040305806,40.63812221303788],[-73.74272966303167,40.63827015648448],[-73.74334449522091,40.63817244662602],[-73.74397128496219,40.63788001261504],[-73.74403815450607,40.63798607662278],[-73.74352226237993,40.63888948687755],[-73.74373421504437,40.63902211816677],[-73.74402997541277,40.63865299662799],[-73.74395663263415,40.63862033603211],[-73.7442212441828,40.638019703893924],[-73.74450503104404,40.637580533468956],[-73.74473117199511,40.637380308595304],[-73.7446743293669,40.63728511476519],[-73.74479558148495,40.63707502907636],[-73.74471275511688,40.6373070468944],[-73.74484067698694,40.637185801624845],[-73.7451725195585,40.63719849658074],[-73.74563429196256,40.636952665561424],[-73.7462638571202,40.63644221911167],[-73.7464308689638,40.6364810660686],[-73.74676319092868,40.636734919816064],[-73.74676973566719,40.63689418553562],[-73.74645394301926,40.6372598208814],[-73.74545481335657,40.63779861717581],[-73.74515886774877,40.63807741275485],[-73.74529639409818,40.6383301395409],[-73.74567316004243,40.638124657428115],[-73.74551058251747,40.63794388103354],[-73.74643950836028,40.6374295505691],[-73.74692780511253,40.63690674648401],[-73.74704225998681,40.63693236584875],[-73.7469998053549,40.63735439224361],[-73.74687791100482,40.637747923109316],[-73.74677389687761,40.637853235471454],[-73.7468710936973,40.63803190343125],[-73.74659953478961,40.63835421143802],[-73.74649520781236,40.638978186525115],[-73.74632533017461,40.63932603547982],[-73.74635492680504,40.63982232631375],[-73.74617105197643,40.640389402984844],[-73.74635558424485,40.6406821812708],[-73.74627759909231,40.64091689814944],[-73.74636484735683,40.64118992761105],[-73.7463146777996,40.64139431317984],[-73.74654320059545,40.64169085945604],[-73.7467501346986,40.64230276088487],[-73.74718790372502,40.64287869218718],[-73.74729103117771,40.64318601227467],[-73.74789708500418,40.643849417461205],[-73.74875121173446,40.64447110385122],[-73.74869254765788,40.64494421639678],[-73.74878103332233,40.64511888099758],[-73.74900248712252,40.64516821018629],[-73.74928693223617,40.644951848687455],[-73.74945274225492,40.64493123469476],[-73.75006840047456,40.645441897145815],[-73.75204902476068,40.64665193747837],[-73.75157384059202,40.6472593017056],[-73.74831832549894,40.64539905605009],[-73.74711666190726,40.6443718457884],[-73.74616512930301,40.64486228002025],[-73.74608166311924,40.64557039365891],[-73.74625036752195,40.64637343648102],[-73.74622121987059,40.64679139409383],[-73.74644061774198,40.648053553357215],[-73.74624887205292,40.64859462300209],[-73.74623916057662,40.6497929086608],[-73.7461535783907,40.65047151294185],[-73.74587328378013,40.65043625247895],[-73.74645065091433,40.651544652231934],[-73.7465499711252,40.652563755434876],[-73.74332546796286,40.652537805010205],[-73.74328713961904,40.65613473208411],[-73.74487420171579,40.65614455817026],[-73.74507382719305,40.657560727964324],[-73.74501080169804,40.65802165402709],[-73.7449561001056,40.65816982120889],[-73.7424427968145,40.660868528748054],[-73.74115182739011,40.66277440148975],[-73.74044280302512,40.66411013944541],[-73.74001752037601,40.66474795382481],[-73.73849170515221,40.66641540613078],[-73.74117817210478,40.66640295437147],[-73.73798805938817,40.66978963693224],[-73.73718424300924,40.670909813245885],[-73.73677727846184,40.67076512453782],[-73.73552296460711,40.67255707215126],[-73.73592171572828,40.67265118359078],[-73.73512559306978,40.6739384205843],[-73.7330322325731,40.67649502613771],[-73.7310614231864,40.67830662071913],[-73.73047301194761,40.6793479372618],[-73.72950555707206,40.68005572564203],[-73.72851656730772,40.68121047255856],[-73.72810238645354,40.681765637071386],[-73.72718272361956,40.68359733001581],[-73.72586264116329,40.683241080946495]]]}},{"type":"Feature","properties":{"ntaname":"Montefiore Cemetery","boroname":"Queens","ntatype":"7"},"geometry":{"type":"Polygon","coordinates":[[[-73.74746788784412,40.68932218123537],[-73.73759993991217,40.68636201219985],[-73.73744163705501,40.686700767888354],[-73.73396025270506,40.68563856285766],[-73.73452695897953,40.68577400453848],[-73.73410400405618,40.685505961057125],[-73.73395424170566,40.685262349204145],[-73.73423734775236,40.685342779884195],[-73.73581149101246,40.682452446195214],[-73.73964722632613,40.68359845192383],[-73.73950237393002,40.68389668302004],[-73.74046387943191,40.68419383871364],[-73.74095291321781,40.68329121620817],[-73.74801584426143,40.68541877661247],[-73.74809302569815,40.68528309259021],[-73.75001704218833,40.68589131900592],[-73.74876680676515,40.68742045760077],[-73.74746788784412,40.68932218123537]]]}},{"type":"Feature","properties":{"ntaname":"Far Rockaway-Bayswater","boroname":"Queens","ntatype":"0"},"geometry":{"type":"Polygon","coordinates":[[[-73.76964468972831,40.59076871274092],[-73.77023141364488,40.593974904105245],[-73.77133161716,40.593444500328104],[-73.77270068320797,40.59312330568649],[-73.77280826886312,40.59407391602836],[-73.77367461840043,40.59389311562729],[-73.77388252067105,40.59576940794695],[-73.77232715805607,40.595822883798284],[-73.7706615717626,40.59600199888131],[-73.77109318285135,40.598012869403874],[-73.77109666193122,40.59830114375],[-73.77037277061251,40.59809009273249],[-73.76981453557137,40.598123501991935],[-73.76945836526612,40.598256138356895],[-73.76815495736324,40.597819886033314],[-73.76793669062477,40.5981227510728],[-73.7682916830248,40.59834035055537],[-73.76890472549098,40.598397056410974],[-73.76903989945076,40.598507687535914],[-73.76970071987036,40.59864013052389],[-73.77033634750538,40.59898422333163],[-73.77072503590003,40.59881308010141],[-73.77090026970188,40.59884297578292],[-73.77102023280099,40.59894585748672],[-73.77115807271932,40.599393242406464],[-73.77108437410661,40.59969657302889],[-73.77111103445863,40.60054602854758],[-73.77073733384834,40.60153550225501],[-73.77083917528664,40.60181091609641],[-73.7707438331868,40.60194531862125],[-73.77061758814914,40.601868730479204],[-73.77018588274095,40.602748823325264],[-73.77042036813747,40.60294198341897],[-73.77032506734065,40.60306436725839],[-73.77016122156405,40.60308652403362],[-73.77037750437741,40.60357862357139],[-73.77045665804779,40.60448131616374],[-73.77056521407833,40.604840409251054],[-73.77044390918755,40.60499026265625],[-73.77016453386192,40.605124589787714],[-73.77000408185238,40.60535479108797],[-73.77006342333692,40.60565634562672],[-73.76983622747744,40.60627800842786],[-73.77001920486494,40.60718689245104],[-73.76977758274539,40.607535272461895],[-73.76982675224257,40.60784205973366],[-73.76950558014323,40.608287709949416],[-73.76923701834592,40.60842217607779],[-73.76893512448518,40.6091820212884],[-73.76915128441289,40.609674745942996],[-73.76971531021158,40.61003699686018],[-73.77024196431071,40.610249563656936],[-73.77058996001053,40.61016101867705],[-73.77086443569715,40.610355422477],[-73.7712912175345,40.61041752596315],[-73.77184662279289,40.61082424420976],[-73.77199007358044,40.61125405176666],[-73.77221438055132,40.611497664584206],[-73.77308096284615,40.61129743659411],[-73.77340389078988,40.61109044877924],[-73.77289590087005,40.610229373604476],[-73.77288316631979,40.61016245691676],[-73.77296895866229,40.61015697211637],[-73.77376767753127,40.61125622247565],[-73.77393827753912,40.61212015175388],[-73.77417180166559,40.61182871477219],[-73.77383738062403,40.61290764039523],[-73.7734185876134,40.61366231317473],[-73.77324211981758,40.613682337557485],[-73.77296761798289,40.61355936102731],[-73.77174156702766,40.613961049954995],[-73.77124296096994,40.613936609866094],[-73.77019814694476,40.614063306531364],[-73.76933085131225,40.61397452507607],[-73.76835465017783,40.61422714847367],[-73.76691496740875,40.614291006501745],[-73.76631013101455,40.614195335941176],[-73.76597595285247,40.61392817527207],[-73.76530079785114,40.61382283108843],[-73.76516400763252,40.613754202685456],[-73.76501724522741,40.61349135570116],[-73.76515429479123,40.61308589521371],[-73.76511737315968,40.61248297248424],[-73.76497772419988,40.61233164257718],[-73.76510161275466,40.61219982474939],[-73.76505961679173,40.612035230610616],[-73.76450473059718,40.61182484116282],[-73.7632367879665,40.61168139500247],[-73.76229944090608,40.61135920554352],[-73.76172413788703,40.61184724326046],[-73.76023635756977,40.61082086495047],[-73.76178242960425,40.60915167055724],[-73.76155051905893,40.60903136580099],[-73.75998446975024,40.61087937734433],[-73.75949119833386,40.61081579591104],[-73.75972099041094,40.61015159762002],[-73.75959633215129,40.61017227130575],[-73.75946158293077,40.61034088862264],[-73.75919672934278,40.61037038611158],[-73.75841702630481,40.6102808019837],[-73.75731666566756,40.6102910550685],[-73.75665873036677,40.61021278922476],[-73.75656053403377,40.61013942462741],[-73.75598840956819,40.61019716112207],[-73.75587091219843,40.61030679714679],[-73.7556068472615,40.61007736522709],[-73.75587412912142,40.61038518505498],[-73.75569925964342,40.61036568665745],[-73.75575727193686,40.61036067767467],[-73.75556369084156,40.610118427946475],[-73.75499501085291,40.61013220851767],[-73.75473219484641,40.61040524167673],[-73.75345836130873,40.6105198629075],[-73.75008770988859,40.61164055382545],[-73.74821585794741,40.612011077587724],[-73.74799307229321,40.612310157966064],[-73.74761418797289,40.61199801088216],[-73.74721567818867,40.61217883965458],[-73.74685538892268,40.61157410055949],[-73.7457615004659,40.61199165524858],[-73.74536751646426,40.61120355260162],[-73.74456657935585,40.610117452934745],[-73.7431089444169,40.607715997003616],[-73.7433973152214,40.60747217106679],[-73.7402913897634,40.60459823177859],[-73.73920739671239,40.60404014329836],[-73.73840394453826,40.60312113528227],[-73.73839438422605,40.60280257128787],[-73.7382259772783,40.60256602821522],[-73.73835617570401,40.59760047830432],[-73.73865280277278,40.597319360065946],[-73.7385588463223,40.59726321481097],[-73.73848900400809,40.597358894240394],[-73.73871968076703,40.59694881782919],[-73.73858466737633,40.59725319461581],[-73.73878797479655,40.59697535583936],[-73.7390706705059,40.597165207141074],[-73.73938023660179,40.59723907294673],[-73.73962897162328,40.597211495642554],[-73.73992747208422,40.59705494984816],[-73.74008480653114,40.59688530628613],[-73.740117735932,40.59672774730235],[-73.73999926602252,40.59654275117241],[-73.739798757236,40.59642860378937],[-73.74009714262671,40.59620864729191],[-73.74039153834975,40.59618219567334],[-73.74028393005834,40.59640997986261],[-73.74036012749333,40.596774996042875],[-73.74060240096787,40.596870014217046],[-73.74064384244886,40.59700119865698],[-73.74099733176342,40.596932795865214],[-73.74095619608543,40.59687977434868],[-73.74108315342647,40.596823067072464],[-73.74128604622823,40.59680601546415],[-73.74143535822472,40.59693802270757],[-73.74157380265645,40.59690394615641],[-73.74183083519186,40.59669555137059],[-73.7417750222456,40.5966016734936],[-73.74151239168923,40.59652861301722],[-73.74052059823872,40.59657185597832],[-73.74061525972189,40.59627245088194],[-73.74054701362398,40.596119685718136],[-73.74029022946958,40.596037754982035],[-73.73992792985001,40.59606158731352],[-73.73981229328994,40.59627456218214],[-73.73957904997502,40.596376337848874],[-73.73953153596679,40.59653523265829],[-73.73960988055157,40.596763437540496],[-73.73946370303062,40.59687842009224],[-73.73949660873866,40.59702037075924],[-73.73988305941371,40.59677097418824],[-73.73973369321156,40.5965681986954],[-73.73964853372274,40.59656715206096],[-73.73974724022663,40.59654260533786],[-73.7399099469019,40.596772744520486],[-73.7397963402914,40.59688267512553],[-73.73950885867283,40.59704004409176],[-73.73939810824889,40.59704632565642],[-73.73892850726101,40.59687548996927],[-73.73939796363845,40.597029543018124],[-73.73943957058802,40.59689740230615],[-73.73894690694297,40.59676316592452],[-73.73838360335252,40.597117408562426],[-73.7384123103415,40.59592350494696],[-73.73798981780982,40.594556043243685],[-73.73840190282976,40.5944838971317],[-73.73848743971777,40.594352263491025],[-73.73877153080115,40.59452520702802],[-73.7387775351491,40.59435500821544],[-73.73881662516675,40.59435976395103],[-73.73878644978727,40.5945295655604],[-73.73900196778486,40.59458623174203],[-73.7391954400391,40.594585932530634],[-73.73929430628122,40.59445300556086],[-73.7395646533139,40.59456157857763],[-73.73958763297952,40.59442652460612],[-73.73961965222253,40.5945800423816],[-73.73969539465601,40.5945893942864],[-73.73968123124618,40.59450355888273],[-73.73995801592365,40.59450076878725],[-73.73998678749129,40.59463286040242],[-73.74013580364576,40.594511572739066],[-73.74021122865055,40.594625163911324],[-73.74062832064124,40.59472165227226],[-73.74079275823904,40.594650242247354],[-73.7409017059638,40.59448824875081],[-73.74089520274937,40.59461157919209],[-73.74131820625325,40.594792592881326],[-73.74162091692338,40.59478649313536],[-73.74169766300281,40.59464174405298],[-73.74180151991484,40.594771995271074],[-73.74222603097073,40.594905883324444],[-73.74242926334576,40.594868517304086],[-73.74238742584683,40.594729256562935],[-73.74276043974787,40.59474431194779],[-73.74291424530844,40.59483215904373],[-73.74334951603028,40.594795148779056],[-73.7434686761583,40.59473458439414],[-73.74348442282044,40.59459051699076],[-73.74359145353681,40.59466458027352],[-73.74462499793184,40.594661774798055],[-73.74665511464555,40.5942956954049],[-73.74692440416422,40.59412442853733],[-73.7474520466475,40.59402591977816],[-73.7481792909645,40.593515861265814],[-73.7491252475753,40.593216367270564],[-73.75049936103336,40.592346904002156],[-73.75169369495848,40.59131225082341],[-73.75290763540809,40.59115167653889],[-73.75344780177821,40.59096412991324],[-73.7559546362325,40.59087419754739],[-73.75789189861872,40.591356988277866],[-73.76134311678145,40.59172663435317],[-73.76295275572137,40.591611177431226],[-73.76796973006678,40.59072948246195],[-73.7685869548803,40.59086859720214],[-73.76964468972831,40.59076871274092]]]}},{"type":"Feature","properties":{"ntaname":"Rockaway Beach-Arverne-Edgemere","boroname":"Queens","ntatype":"0"},"geometry":{"type":"Polygon","coordinates":[[[-73.78635332723684,40.60319465970711],[-73.78616854992917,40.603047449749695],[-73.78647254069918,40.60280320447866],[-73.78646693190787,40.60272304151625],[-73.78717833739195,40.60230605293457],[-73.78766350926557,40.601370464080546],[-73.78807155049748,40.60085446915854],[-73.7892835772567,40.60001988521779],[-73.78953462130524,40.59997181542943],[-73.79005134748887,40.59937555080842],[-73.79029942714882,40.59926511806832],[-73.7904280266399,40.59866629985754],[-73.79124071005656,40.59678734940846],[-73.79124272166956,40.59662652165146],[-73.79093142251077,40.59596118340673],[-73.79101795420627,40.59544763934051],[-73.79087520714928,40.595033726901434],[-73.7906508004326,40.594782702082256],[-73.79042048230902,40.59475269500848],[-73.79045684084385,40.594960136276455],[-73.79057004195879,40.59495180080256],[-73.79071439952004,40.59608554202602],[-73.7908062614152,40.59609339638703],[-73.79059442974024,40.596108384773],[-73.79068189277959,40.59608889858293],[-73.79053857666516,40.59498078405622],[-73.79042537549705,40.594989119499104],[-73.79040674421687,40.59485583557959],[-73.79031932408793,40.59486165540276],[-73.79041243624557,40.594827658586546],[-73.79037896334765,40.594751965913304],[-73.79014961159086,40.594819578443776],[-73.79031625476067,40.59604819944223],[-73.79042481472435,40.596053931651504],[-73.79017830001158,40.5960713202072],[-73.79028151177205,40.59605141660897],[-73.79013119491621,40.594822874798695],[-73.78990643704788,40.5948086231335],[-73.7898665049066,40.59471554399471],[-73.789895889111,40.59482073601466],[-73.7898456956027,40.59471959735113],[-73.7897851316379,40.59473138972932],[-73.78982301133911,40.59483427065604],[-73.78977512688962,40.59473333722052],[-73.78967352950468,40.594843524405306],[-73.78971317197907,40.594842611545815],[-73.78987360648384,40.596204443784735],[-73.78999909439095,40.59620894350346],[-73.78969872360817,40.59622803991152],[-73.78984110232885,40.59620694688005],[-73.78967389675819,40.59486047590034],[-73.7894603524431,40.594997466248124],[-73.78940242709815,40.59494978602648],[-73.78935311513324,40.59519376497559],[-73.78917255962645,40.59519231727818],[-73.78911155608934,40.59552258178048],[-73.78921549146808,40.59569212371495],[-73.78910675861582,40.59587773676135],[-73.78916261774094,40.5960772999383],[-73.78823818787714,40.59610983670438],[-73.78837305307928,40.59750563785208],[-73.7820914949214,40.59785601861651],[-73.78195240544221,40.5964564914369],[-73.77980134346261,40.59661096984858],[-73.77968425616282,40.59668797838994],[-73.77975460373543,40.597274656381224],[-73.77967070245816,40.59737216738248],[-73.77904364339143,40.59764939982508],[-73.77899722000278,40.59778327535223],[-73.77876825300982,40.597965526274805],[-73.77822973072341,40.59818466187526],[-73.77742174678883,40.59881240435897],[-73.77719850475233,40.599576959920334],[-73.77698813311639,40.59978709497736],[-73.77631770385878,40.60104088968576],[-73.77619278825848,40.60110555569243],[-73.77600163762877,40.60139432440588],[-73.77560049632613,40.60164845431594],[-73.77497207265853,40.60174448709038],[-73.77485244448357,40.601553983492394],[-73.77487285625645,40.601305356528165],[-73.77471038037585,40.60103370254724],[-73.77472992994242,40.60071525707809],[-73.77457343612973,40.600409248068566],[-73.77424462026237,40.600131692095225],[-73.77411553807886,40.59986693708535],[-73.77418446850366,40.599302063390546],[-73.77411815160197,40.599250458555254],[-73.77422338457492,40.599005218743244],[-73.77374432839068,40.59867015398173],[-73.77371486032152,40.598234836658484],[-73.77353374491346,40.598092269767115],[-73.7731943147208,40.59803654775592],[-73.7730010122701,40.597879593976884],[-73.77171463825245,40.597973592877416],[-73.77109666193122,40.59830114375],[-73.77109318285129,40.598012869403874],[-73.7706615717626,40.596001998881356],[-73.772327158056,40.59582288379833],[-73.77388252067105,40.59576940794695],[-73.77367461840043,40.59389311562729],[-73.77280826886306,40.59407391602836],[-73.77270068320782,40.59312330568654],[-73.77133161715982,40.59344450032816],[-73.77023141364488,40.593974904105245],[-73.76964469049737,40.5907687127425],[-73.77082611071366,40.59055302741453],[-73.77153385684063,40.59058063543894],[-73.77593042822028,40.59018140782558],[-73.77583688595092,40.59032459926048],[-73.7766624348081,40.59006633216674],[-73.77761352076865,40.590053471208876],[-73.77918495356101,40.5895931088955],[-73.77985959652499,40.58964710207172],[-73.78043036102055,40.58959662092669],[-73.78142243554639,40.58927130634658],[-73.78288961869187,40.588998671070634],[-73.7845331104848,40.58847805521806],[-73.78768370649826,40.587922937711],[-73.78878406873122,40.58745028886744],[-73.78941470793565,40.58762814730426],[-73.79112507839385,40.58727252122614],[-73.79149786042139,40.58730292896677],[-73.7920076246458,40.587217464439426],[-73.79256523818869,40.58704304781345],[-73.79345162921331,40.58693871100423],[-73.7938439968572,40.58678594512124],[-73.79460748051496,40.586721201488174],[-73.79505176111846,40.58653267004373],[-73.79582851651526,40.58644728136138],[-73.79608980798676,40.58632639732682],[-73.79671527829126,40.586365199505224],[-73.79881542788075,40.58589401901055],[-73.79974084641992,40.58576904830196],[-73.8006127394614,40.585481513906394],[-73.80182907323011,40.58535182671263],[-73.80325771243427,40.58489321240449],[-73.80372119405995,40.58501793745038],[-73.8058428734145,40.58445751674702],[-73.80624052419991,40.58449851747402],[-73.80679193346701,40.58441989920581],[-73.80799182829064,40.58400441000561],[-73.80893705900344,40.58400878817943],[-73.8095242320035,40.58382330663533],[-73.81132481749344,40.583721524713965],[-73.81352448727559,40.58347314904693],[-73.81588840613418,40.58271649163515],[-73.82134164958036,40.58126212745433],[-73.82154517676486,40.58167062253303],[-73.82191813087721,40.58209874674287],[-73.82259917832019,40.583153983181475],[-73.82404310590208,40.58562985769879],[-73.82465623347768,40.58545264225019],[-73.82490101879716,40.5859538615065],[-73.82524882618856,40.58690086942223],[-73.82476427875102,40.58703921577244],[-73.82481333907114,40.58715132203617],[-73.82474352289884,40.58704514197381],[-73.82326157258466,40.58746824027567],[-73.82293688631506,40.58749164972767],[-73.82145971925844,40.586769924920404],[-73.81929743026505,40.58789496589809],[-73.81883722364618,40.58825143495908],[-73.81741586147426,40.58891701410987],[-73.8176380045051,40.58928579948538],[-73.81742045103036,40.58935933375513],[-73.81736798137372,40.589255203554416],[-73.81716590847275,40.58936579873685],[-73.81674197582348,40.58931916984608],[-73.81524832375213,40.589989055790475],[-73.81470067395786,40.59061058988729],[-73.81444754631242,40.59067981880523],[-73.81405803098099,40.59062423976008],[-73.81363221410687,40.59079363240052],[-73.81325671566422,40.591046302491165],[-73.81358856612626,40.59169768582372],[-73.81323474432585,40.591070740017855],[-73.81312991669729,40.59124662634191],[-73.81254622831905,40.59138110560644],[-73.81214360015541,40.591358700888534],[-73.81170344836342,40.59159374663815],[-73.81151303116782,40.59178349031597],[-73.81157420358254,40.5928285327024],[-73.81149423586001,40.59290132619445],[-73.8113346362302,40.59174462368268],[-73.81100766584967,40.59176829776252],[-73.81089019538996,40.59195661942409],[-73.81090890307097,40.59205844575289],[-73.81081791874632,40.59209026869623],[-73.8109501895272,40.592503059144754],[-73.81138593152033,40.59244231845475],[-73.811407512273,40.59287125673631],[-73.81107287021051,40.59302233057227],[-73.8110282125314,40.59298742555137],[-73.81137383935662,40.592861102110376],[-73.8113733128964,40.592703054284385],[-73.8107497491319,40.59279211405538],[-73.81137347255543,40.592684499633314],[-73.81135829315778,40.59246258404517],[-73.81093965894601,40.59254684780684],[-73.81080537904415,40.59209209573534],[-73.80989929847284,40.592270954388226],[-73.81003920584664,40.59307790953922],[-73.80990340300143,40.59308077605193],[-73.80977831849377,40.592399028288966],[-73.80973138393709,40.5924041860535],[-73.8098074971652,40.592710409504946],[-73.80974319445107,40.59269495750906],[-73.80970982436533,40.59243960783704],[-73.80948665744756,40.59276603563935],[-73.80970128863605,40.59353404259592],[-73.80961679374374,40.59357572691475],[-73.80950671536868,40.593569777112265],[-73.80935376557298,40.59336777857358],[-73.8090436597832,40.59335786274404],[-73.80687456746523,40.59226495336986],[-73.80664571748989,40.59226335242363],[-73.80602807459842,40.59200930900474],[-73.80593270594095,40.591855545880414],[-73.80577902839032,40.59075949966878],[-73.80582389773117,40.5918893251901],[-73.80430333508215,40.591318878804834],[-73.80416569103024,40.59185470983296],[-73.80701238174966,40.593048695673055],[-73.80731386523037,40.5930660591071],[-73.80782611143374,40.59336993482564],[-73.80804688683963,40.59365031287636],[-73.80781142831067,40.59390737987563],[-73.80780456820631,40.59402097812348],[-73.80797757099475,40.594157868161986],[-73.8078896562395,40.59419057260962],[-73.80789694445127,40.594301601320566],[-73.80773356514104,40.59448601659905],[-73.80753338160454,40.59460616360691],[-73.807446737245,40.59486581921325],[-73.80711253952029,40.59528407542448],[-73.80686762450308,40.5954087113601],[-73.8060414980724,40.59555455571632],[-73.80485298477406,40.595056335540924],[-73.80411459954799,40.59431916995098],[-73.80400883285992,40.59376772491013],[-73.80403789382356,40.59355046873582],[-73.8041256801512,40.593513805606],[-73.80403055905754,40.59321189536335],[-73.8037513067376,40.592994481940465],[-73.80380902231202,40.59289116392555],[-73.80361739455284,40.59294133824661],[-73.80303153999503,40.59257718898762],[-73.8024384629031,40.59264006383529],[-73.802492853565,40.59328631159069],[-73.80237735357416,40.59328671578628],[-73.80250965087272,40.59394812804169],[-73.80314197343122,40.59384822446324],[-73.80313503440571,40.59375794357399],[-73.80318082190749,40.59394537863372],[-73.8031427534761,40.59386698392793],[-73.80251304282976,40.59396685179259],[-73.8025683760107,40.5942722669944],[-73.80323967749763,40.594188462259346],[-73.80324253171146,40.59408723936306],[-73.80328793893025,40.59428211589189],[-73.80324024295622,40.59420405537992],[-73.80260442851124,40.59428775104002],[-73.80270983859073,40.5943064330323],[-73.8023366302066,40.59440486335781],[-73.80234513845657,40.59449597525708],[-73.8027737033389,40.59448182541839],[-73.80277681567533,40.59455581805231],[-73.80304215715385,40.59453639859814],[-73.8031857440441,40.59466300284184],[-73.80347149929275,40.59450267315753],[-73.803440170413,40.594434209679605],[-73.80350896976357,40.594505800011326],[-73.80319675364944,40.59467819988342],[-73.80337754237742,40.59486904116066],[-73.80365519313493,40.594730642030235],[-73.80372454267375,40.59481711198008],[-73.80365167014645,40.59475314328324],[-73.8033846803619,40.59488526035886],[-73.80320010623193,40.5948728464243],[-73.80320303445049,40.59493729339128],[-73.8033847234946,40.59494957958527],[-73.8032037365531,40.594952755569274],[-73.80320704407384,40.595009683114704],[-73.80339097327904,40.59500651249434],[-73.80320801748975,40.59502645047794],[-73.80321494251405,40.59514564794825],[-73.80363981116577,40.595132792762115],[-73.8039084226487,40.59500481333239],[-73.8036515862445,40.5951495474175],[-73.8033145372936,40.59517956093453],[-73.8036846869558,40.5951977906866],[-73.80464045411601,40.59630984424345],[-73.80511185479762,40.59715104850087],[-73.80470214571487,40.59768311116875],[-73.80393338922408,40.5979434985841],[-73.80385331601502,40.59809904785917],[-73.80359355082508,40.598194315525056],[-73.80337927224043,40.59851898900561],[-73.80297943325748,40.59884430455319],[-73.80265662904634,40.59893569242755],[-73.80198680833855,40.59885105306436],[-73.80167092680178,40.59889630926962],[-73.8012349066254,40.59912290165529],[-73.80094867862815,40.59915166462005],[-73.8008907853482,40.59920057075478],[-73.80091500623965,40.599390761135986],[-73.80077654707762,40.59916235997594],[-73.80049526371978,40.599204368068776],[-73.8005098546783,40.59932910744523],[-73.80045131861625,40.599182567875324],[-73.7991604000919,40.59925813759477],[-73.79919690825373,40.599369394967],[-73.79913853303405,40.599373370623624],[-73.79914024196671,40.599258494216095],[-73.79868820989478,40.5992628997028],[-73.79843078589323,40.599173714583884],[-73.79810708663844,40.59924575453777],[-73.79811229286895,40.59930104024079],[-73.7955463762112,40.59949676214924],[-73.79482093231367,40.599412611289544],[-73.79420968303461,40.59948434178219],[-73.79377047834635,40.599659615606946],[-73.79331870018541,40.59997829830351],[-73.79276990883437,40.599957168114955],[-73.79259441451659,40.60006736343886],[-73.79233121548148,40.59996928119776],[-73.79202873136134,40.60023593823215],[-73.79150885812795,40.600379849069014],[-73.79066924271912,40.601105829985805],[-73.79025353547168,40.60125130259844],[-73.7878557488172,40.60311334463552],[-73.78727385159252,40.603238974185516],[-73.78663897319865,40.603255516162974],[-73.78635332723684,40.60319465970711]]]}},{"type":"Feature","properties":{"ntaname":"Breezy Point-Belle Harbor-Rockaway Park-Broad Channel","boroname":"Queens","ntatype":"0"},"geometry":{"type":"MultiPolygon","coordinates":[[[[-73.88368728096412,40.56884340432992],[-73.88336927316276,40.56833185924852],[-73.88313094708407,40.56838062601364],[-73.88275680158239,40.5675698621236],[-73.90333022874567,40.561846616767816],[-73.90807296392231,40.5607937232212],[-73.91009502203325,40.56077236384627],[-73.9099529892765,40.56050111325404],[-73.910078292263,40.557314420469325],[-73.90989988448565,40.55711721809545],[-73.90988945776235,40.55667307009587],[-73.91316528115104,40.55634321413972],[-73.91360361759891,40.55646807454429],[-73.92098631305944,40.55627509443784],[-73.92206612436084,40.555149256470564],[-73.92643642635298,40.553862215121775],[-73.9273392564622,40.55351231498849],[-73.9282592689566,40.55336798940789],[-73.92909878189855,40.5530934450982],[-73.92965374184033,40.5541249241831],[-73.92982291841865,40.55407486354021],[-73.93056376618695,40.55552211613118],[-73.93042485334529,40.555583318674685],[-73.93118650863454,40.55701583182941],[-73.93167191793863,40.55684931686535],[-73.93222204028586,40.5576763419596],[-73.93177599905474,40.55789999991846],[-73.92878500030504,40.559926000076416],[-73.92758218031697,40.56055085023908],[-73.9261572327542,40.561552609723265],[-73.9252989686967,40.56180715552269],[-73.92421461302578,40.56200131882508],[-73.92329484208311,40.5620905804518],[-73.92107822881373,40.56207985288503],[-73.92036810280446,40.56221883246779],[-73.92020148738952,40.56253196051003],[-73.92025963173059,40.56261229255614],[-73.9201173587936,40.56263952634735],[-73.92009840148403,40.562571180610185],[-73.92033120142723,40.56222605438413],[-73.91766081900091,40.562826149686664],[-73.91680097983665,40.56318549679961],[-73.91519131236163,40.56409066620839],[-73.91455336961286,40.56435343243398],[-73.913867496264,40.56460809614203],[-73.91313180127943,40.56463824444878],[-73.91220200769317,40.56505456985016],[-73.91215942953983,40.564971482741015],[-73.91188319662926,40.56499040574152],[-73.91192692070472,40.565112328068516],[-73.91195464300283,40.565811322672495],[-73.91214509452946,40.56577900893903],[-73.91216181893196,40.565836252070895],[-73.9117361534006,40.56587265348591],[-73.9117351104733,40.56581371622015],[-73.91192551843874,40.56581386237691],[-73.91185809029383,40.564995438003514],[-73.91145119584121,40.56510303716602],[-73.91107382373342,40.56505300872064],[-73.9107981768299,40.56511099633428],[-73.91079826749535,40.56504309659072],[-73.91010099909589,40.564956000402006],[-73.91003762905707,40.56479371110469],[-73.90977170611873,40.565305405307726],[-73.90971684925964,40.565287425461364],[-73.91002307642118,40.56478020953865],[-73.90976258371062,40.56428483692782],[-73.90927708148976,40.5639971246558],[-73.90872545136745,40.56393129204034],[-73.90821195105838,40.563993324038485],[-73.90799528391045,40.56416473687515],[-73.90791915959979,40.56414844029451],[-73.90787865873607,40.564062969126944],[-73.90809155656602,40.56372163097066],[-73.90798575988418,40.563442441255724],[-73.90774657958023,40.56329834887867],[-73.90744710026313,40.56325509402638],[-73.90708843479705,40.56297958733637],[-73.90664724121194,40.56278591383924],[-73.90594382872752,40.56268858165228],[-73.90469455444955,40.56282718553807],[-73.90371056792696,40.56311268108734],[-73.90287143330141,40.56351486370372],[-73.90270957807071,40.56312090217266],[-73.90252313448114,40.56294758330731],[-73.90219106310025,40.5627902542873],[-73.90170839776874,40.562740497415824],[-73.90068770304946,40.56295448234329],[-73.90000392086914,40.56321569271842],[-73.8961326244522,40.56535842806963],[-73.89581663166476,40.56562431908869],[-73.8953372502714,40.566332099868525],[-73.8956717433513,40.567031643659234],[-73.89559076545622,40.567033254933776],[-73.895447958843,40.56685850653772],[-73.89518704925231,40.56691360133043],[-73.89504632135142,40.56719091469678],[-73.89413028093527,40.56782014915043],[-73.89314119161189,40.5683953984459],[-73.8926101344553,40.56858724778945],[-73.89050235300446,40.5681832354034],[-73.89016495921098,40.56822852527809],[-73.89002018565752,40.568090983869645],[-73.88959492449194,40.567941890234266],[-73.88911103072223,40.56791623669109],[-73.88866128999209,40.56796810394122],[-73.88836803030965,40.56814492542546],[-73.88834097780685,40.568066022598],[-73.88818867528397,40.568033518084626],[-73.88786222508217,40.5680380449867],[-73.88654683936431,40.56847097810963],[-73.88592976749709,40.568484450711246],[-73.88534183019598,40.568599349157374],[-73.88489678220193,40.56849958487709],[-73.88430973105274,40.568696119538856],[-73.88488707058815,40.568470205668284],[-73.88475594832832,40.56828913918762],[-73.88463979353489,40.56833718522734],[-73.884677389727,40.56844134189576],[-73.88462764522968,40.568372968610966],[-73.88433684774819,40.56848793447817],[-73.8842987608294,40.56843680205324],[-73.88473689799214,40.56826851273825],[-73.88445975335672,40.567892836256505],[-73.88416646626057,40.56800195156418],[-73.88425605384093,40.56815713340192],[-73.88414806727037,40.56800897730134],[-73.88398907450122,40.56806016119701],[-73.88407171935152,40.56819501413367],[-73.88397412531297,40.56806497313373],[-73.88379103703097,40.56812391132478],[-73.88402340092395,40.568503115611016],[-73.88378086756192,40.56812718545749],[-73.88357670672809,40.56820976925187],[-73.8836919497781,40.568395359722864],[-73.88347850081648,40.56847311360251],[-73.883697681104,40.568836284960724],[-73.88390427884407,40.56890620425947],[-73.88368728096412,40.56884340432992]]],[[[-73.82467297702453,40.58549483134204],[-73.82404310590208,40.58562985769879],[-73.82259917832019,40.583153983181475],[-73.82191813087721,40.58209874674287],[-73.82154517676486,40.58167062253303],[-73.82134164958036,40.58126212745433],[-73.82228991494179,40.58109607319411],[-73.82495905834155,40.58013813970534],[-73.82670299479169,40.57965979540782],[-73.82717378885114,40.579444512452845],[-73.8295663754919,40.57878035604608],[-73.83017262814202,40.57874867295965],[-73.83090077277016,40.578495907715705],[-73.83146093331455,40.578419437622934],[-73.8338692317217,40.57764989760918],[-73.8377849130498,40.575923683475594],[-73.84378359075058,40.573887452544525],[-73.84995330636073,40.5715883852908],[-73.8512814136067,40.57117218776538],[-73.8522020239966,40.57074510300168],[-73.85357525479549,40.57034136387354],[-73.85396556511294,40.570312548369444],[-73.85471701291678,40.56993606420001],[-73.85720330672395,40.5691004999853],[-73.858271174134,40.56861814491864],[-73.86022276711229,40.56792109732464],[-73.86255286029154,40.566810012301005],[-73.86286892145493,40.56683057154493],[-73.8630876746285,40.56759772886877],[-73.86406802236593,40.56929797921296],[-73.86446632779256,40.56914178602346],[-73.86454176023057,40.569242922955695],[-73.86668359874157,40.57298832953373],[-73.8645724521229,40.57369001197139],[-73.86449302823378,40.57354277575836],[-73.86361132886364,40.573823057520556],[-73.86334740002476,40.57402123244791],[-73.86396641925967,40.575026786720294],[-73.8634122780817,40.575316477665815],[-73.86275061444641,40.575857984980566],[-73.86288301824888,40.57605976175675],[-73.85305549585115,40.5812552678552],[-73.8504438514919,40.58213024358158],[-73.84861053538418,40.58218814164123],[-73.84520566344908,40.58157985654801],[-73.83935385899039,40.58185726280565],[-73.83912774478517,40.58209918734343],[-73.83895663981295,40.582574259049835],[-73.83853891608467,40.5827273424078],[-73.83855306451112,40.58279171429944],[-73.83828929206751,40.58271364675939],[-73.8358408009729,40.58287893986489],[-73.82852471261471,40.584854219377384],[-73.82826241816086,40.58575233879518],[-73.8280365363424,40.58605288647553],[-73.82524882618856,40.58690086942223],[-73.82467297702453,40.58549483134204]]],[[[-73.82017347951877,40.615180619137874],[-73.81749810970042,40.61421413256955],[-73.81652681178392,40.614947009657755],[-73.81658687578506,40.614744545487234],[-73.81654752783875,40.61447013724167],[-73.81643150379243,40.61428233610295],[-73.81623366618496,40.61423104686787],[-73.8147181262767,40.614496089222236],[-73.81444032345223,40.61474903867091],[-73.81420926754464,40.61470344327018],[-73.81408062432786,40.61455840973904],[-73.81416449765473,40.6142910708116],[-73.8146826254459,40.61397515785313],[-73.81486725884093,40.61401065008666],[-73.81485722201154,40.61429922621363],[-73.81504193374903,40.61430656231573],[-73.81549526560387,40.614039815969804],[-73.8153570288397,40.613926971775584],[-73.81536653780533,40.613828444486614],[-73.81499776068738,40.61358149136584],[-73.81479563189357,40.61319402998043],[-73.81503638428488,40.61297621441866],[-73.81523956494344,40.61298357992753],[-73.81527590714306,40.61320184104896],[-73.81546948250944,40.61334293001273],[-73.81571906105283,40.61327294163586],[-73.81588601679461,40.61301981158117],[-73.81615626632366,40.6129421160126],[-73.81604375331824,40.61275962694482],[-73.81602636625182,40.612365424463135],[-73.81586106346255,40.612020257478264],[-73.8158160276488,40.61160489390179],[-73.81563522546084,40.611195600147326],[-73.81559858779157,40.61067251699992],[-73.81540366189684,40.61038480251824],[-73.81503874237211,40.610724531615666],[-73.81450261566708,40.61105847350561],[-73.81449876695703,40.61073545432746],[-73.81520720733033,40.60981673359249],[-73.81477073792325,40.60885102928295],[-73.81476257551418,40.60846388072283],[-73.81486539790258,40.608020599486395],[-73.81499971185072,40.60782541333922],[-73.81496328804238,40.60764059509499],[-73.81506129790804,40.607317030278715],[-73.81574174019856,40.60646524523499],[-73.81546066395137,40.60642813801137],[-73.81552816656146,40.606163070614315],[-73.81558381610564,40.60617290309482],[-73.81552536591772,40.6064073802801],[-73.81570815854799,40.606439294196164],[-73.81572726391902,40.60635426294829],[-73.81595962002545,40.60626248335362],[-73.81600875944608,40.60614425896235],[-73.8158882969035,40.60592903502814],[-73.81598548395549,40.60573350543046],[-73.81609284254698,40.60574409324082],[-73.81642529922753,40.605224124746755],[-73.81739192062611,40.60515812403505],[-73.81725370461363,40.60394032519251],[-73.81772032638504,40.60222500041132],[-73.81831121054302,40.60133971221262],[-73.81849065988742,40.59938955997991],[-73.81928142124481,40.597529611713306],[-73.82015695307655,40.59687390790659],[-73.82038406305588,40.59656876218273],[-73.82053385736015,40.596136840760344],[-73.82044605571424,40.59574841531338],[-73.82059544785915,40.595602630222956],[-73.82067265991692,40.5951957066738],[-73.82093095185421,40.59510806160946],[-73.8212003529704,40.594712294941374],[-73.82196050348094,40.5947460164534],[-73.82316573037575,40.59461551365058],[-73.82413506839711,40.59463305775236],[-73.82547793497939,40.59508065825455],[-73.82572957106643,40.594952174735816],[-73.82611860781458,40.595023806304255],[-73.82725223872737,40.594769003685485],[-73.82770218530267,40.594814156448756],[-73.82836889702038,40.59470055154843],[-73.82887841315544,40.59480521038423],[-73.8292113959084,40.59466211132575],[-73.83198806047668,40.594408661883094],[-73.8332174410616,40.59421758789017],[-73.83373516130806,40.59435609816646],[-73.83425247335487,40.594659920803494],[-73.83472137080778,40.595055510818625],[-73.83484699931459,40.59554300111145],[-73.8344549993126,40.59622700081932],[-73.83439599940999,40.59646400037025],[-73.8342009991141,40.59665699998188],[-73.83348999898215,40.596916001035446],[-73.83336099929697,40.59723600126458],[-73.83250811775753,40.597573311990324],[-73.83239364453553,40.59780335388515],[-73.83154105939846,40.59795102722797],[-73.83108000605445,40.5977914646545],[-73.83076009382557,40.59744615897921],[-73.83062852047021,40.59743342622508],[-73.83049675815177,40.59749592886092],[-73.83050466518476,40.59762133567663],[-73.83038922482135,40.59773402008707],[-73.82985422857571,40.597871163300326],[-73.82948341735194,40.59813394240406],[-73.82935195659012,40.59807732015603],[-73.82909777334113,40.597763456392244],[-73.82874408507008,40.59776292986186],[-73.82832490184998,40.59764317821677],[-73.82806159587514,40.5976804026477],[-73.82784691373426,40.597999838261735],[-73.8272209293243,40.59833119507241],[-73.82709706190776,40.59851909966082],[-73.82717084724622,40.598613257515346],[-73.82710314493119,40.59868868550891],[-73.8268952714819,40.59870525165041],[-73.82617637462128,40.59937926765418],[-73.82597985888596,40.599472067191684],[-73.82584854676652,40.59944023957771],[-73.82590629437985,40.59910995852524],[-73.82556790684458,40.598548148585394],[-73.8250761076085,40.59821464429153],[-73.8246542059697,40.59814924787461],[-73.82431733685591,40.598313105704605],[-73.82395871058286,40.59887689667741],[-73.8245227114453,40.59895126398875],[-73.82477088992303,40.59839184454445],[-73.82452624858544,40.59912902722351],[-73.82439004249116,40.59909811302562],[-73.82446713343744,40.59910746485878],[-73.8245173350129,40.59896580990358],[-73.82407791266925,40.59890920450197],[-73.824218703111,40.59907448909024],[-73.82416569800739,40.59929937966592],[-73.82407116207716,40.59929226039683],[-73.82376612281246,40.6000400708211],[-73.82257638956229,40.599887739944286],[-73.82255813159564,40.59994156042159],[-73.82235892247182,40.599921923285606],[-73.82194441759479,40.59980115715137],[-73.82146929833553,40.59999372327309],[-73.82172074151872,40.600125283330016],[-73.82234362149856,40.60022566190845],[-73.82261001431696,40.60018603235346],[-73.82443643762218,40.60034498435496],[-73.824452180088,40.60079696319124],[-73.82430388388853,40.60078520082943],[-73.82429765427821,40.60085210123162],[-73.82398900124126,40.601001987127255],[-73.82388149977814,40.601249216367364],[-73.82353972095224,40.60155944884736],[-73.82350043748211,40.60177169725478],[-73.82367750549004,40.60204143564068],[-73.82361588727112,40.60228649261513],[-73.8230672154984,40.60234199340646],[-73.8229448458644,40.602582910135794],[-73.82276563323774,40.60420260556953],[-73.82278089659063,40.60453487644215],[-73.8229028293737,40.6046872697133],[-73.82281614654016,40.604941011504316],[-73.82259374669812,40.60509140970486],[-73.82246746702332,40.60552498332545],[-73.8229046322365,40.60585127742741],[-73.82236000744032,40.606469261830924],[-73.82224711888016,40.60641986465466],[-73.82211377780155,40.60647195684045],[-73.82167691442451,40.60681890935107],[-73.82126470254788,40.60700285091189],[-73.82119130391574,40.60727960867884],[-73.82089163111473,40.60764215358306],[-73.8209045612577,40.60778124739109],[-73.82003243497508,40.60892365676265],[-73.81994251888361,40.60933574817952],[-73.81998227859295,40.6095603862093],[-73.81980831703245,40.6098349593911],[-73.81961795362014,40.61047904156711],[-73.82051887811052,40.61194994922622],[-73.82043403527163,40.612066787004984],[-73.82057595304474,40.61223314138197],[-73.82087841658108,40.61225734632084],[-73.8210840352837,40.611896582985885],[-73.82098892872907,40.61169300710804],[-73.82110627861097,40.61143206809631],[-73.82126119635655,40.61130685746808],[-73.82128420986953,40.61109692878273],[-73.82106228467087,40.61076384954269],[-73.82062698152254,40.610529995216275],[-73.8204870048953,40.610224379794225],[-73.82085878461666,40.60923105910843],[-73.8211463701835,40.60906241157307],[-73.82138268037701,40.608545544945635],[-73.82161459957231,40.608480319225905],[-73.82176098389223,40.608615760259404],[-73.8216824104728,40.60871510708855],[-73.82182531186055,40.608963997183736],[-73.82166797706793,40.60923231777827],[-73.8217980404594,40.60940161405659],[-73.8218620517526,40.60986921307026],[-73.82209621089376,40.61015803173351],[-73.82233079781052,40.610287703757514],[-73.82253978429823,40.61022834596485],[-73.82289233260502,40.61033702269547],[-73.82319489719487,40.610937836118765],[-73.82400412789146,40.61163176941504],[-73.82394803674015,40.61185463265429],[-73.82410327024171,40.61232609748477],[-73.82234960971456,40.61426002619544],[-73.82141601575294,40.61505476443638],[-73.82075892504568,40.61523268018794],[-73.82017347951877,40.615180619137874]]]]}},{"type":"Feature","properties":{"ntaname":"Rockaway Community Park","boroname":"Queens","ntatype":"9"},"geometry":{"type":"MultiPolygon","coordinates":[[[[-73.77464113309695,40.6008507967622],[-73.7747631301843,40.600831744882136],[-73.77476381099359,40.60084578654363],[-73.77464113309695,40.6008507967622]]],[[[-73.77461657884024,40.60097065161015],[-73.77447954246983,40.60097089056422],[-73.7747472465565,40.60094979101227],[-73.77461657884024,40.60097065161015]]],[[[-73.7763584369479,40.6096558382425],[-73.77522255011044,40.609703547145784],[-73.77453359848452,40.609191681831796],[-73.77412897394223,40.60874659586826],[-73.77445904722425,40.60844792753547],[-73.77481441008918,40.60839956311252],[-73.7746963915617,40.60816875236298],[-73.77430904775183,40.607855925736324],[-73.77421737753347,40.607636638971606],[-73.77432541481345,40.607456943493446],[-73.77460294599074,40.607417648882716],[-73.77484886546655,40.60802483265733],[-73.77523851986172,40.608550943000495],[-73.77560428285047,40.608958911929136],[-73.77591974593633,40.609206044907076],[-73.77600772152827,40.609190754248324],[-73.7749459848408,40.60806542077345],[-73.77473443925498,40.607450649992764],[-73.77459009469831,40.607297656090445],[-73.77458447609521,40.606525967822215],[-73.77482760366993,40.605983859625965],[-73.77491282982935,40.60562960749069],[-73.77488547725292,40.605257988010024],[-73.77518711261325,40.60450025631871],[-73.77513168220321,40.60439672196413],[-73.77479068451454,40.604417009218565],[-73.77468798964463,40.60432464889197],[-73.77491373899659,40.60411251323256],[-73.7753760831684,40.604157308868],[-73.7758814058216,40.603471681753604],[-73.77605391760898,40.60275289490505],[-73.77587304594361,40.60277655015569],[-73.77575502513491,40.60300566533087],[-73.77558895434596,40.603040299588166],[-73.77568814362705,40.60281474067073],[-73.776057935551,40.60251331742237],[-73.7763510243518,40.602522018956385],[-73.77647924254978,40.6024481766436],[-73.77662545802652,40.60220777778574],[-73.77648988688918,40.6021717256867],[-73.77699505209678,40.60169160073968],[-73.7776221564857,40.60124166349314],[-73.77780302365805,40.60096655220429],[-73.77808327739584,40.600799843147755],[-73.77836872940462,40.600838780413035],[-73.77807565215485,40.60070077436686],[-73.77807640267658,40.600514186636985],[-73.77818086978304,40.60038554108597],[-73.77834715405605,40.60036563706558],[-73.77990294141823,40.60074540571975],[-73.78010900085108,40.600727429033945],[-73.78069401326344,40.60021683274387],[-73.78081083231571,40.59994775402459],[-73.78116628337473,40.59977094663748],[-73.78158957195521,40.59929725626398],[-73.7819409000827,40.59907384177445],[-73.78201130686278,40.598816943449116],[-73.78189405688543,40.59843640976223],[-73.78149557370298,40.598016810909854],[-73.78135874440784,40.597969371289764],[-73.7813297399812,40.5977530374471],[-73.78059568703213,40.59731339083212],[-73.78016742223146,40.59720085941034],[-73.78015594130338,40.59688056570247],[-73.78005719891783,40.596877499102824],[-73.77975460373543,40.597274656381224],[-73.77968425616282,40.59668797838994],[-73.77999683607274,40.59656289866606],[-73.78195240544221,40.5964564914369],[-73.7820914949214,40.59785601861651],[-73.78670444989979,40.597623998565574],[-73.78837305307928,40.59750563785208],[-73.78823818787714,40.59610983670438],[-73.78916261774094,40.5960772999383],[-73.78926858007995,40.59645372492012],[-73.7891987448845,40.59678063872354],[-73.78925996090993,40.59691675778682],[-73.78909938750168,40.59742115454555],[-73.78919080249288,40.597788276061195],[-73.78906829121502,40.59801992738281],[-73.78872539542698,40.598330780859555],[-73.78822073050354,40.59855368647943],[-73.78756221247649,40.59917902892556],[-73.78710231226417,40.59944330139516],[-73.78696895025185,40.599595441063414],[-73.78702312925819,40.59966658460255],[-73.78662409463627,40.60001863317852],[-73.78597109766216,40.60031649181488],[-73.78579378813588,40.60056892799348],[-73.78614358698641,40.600648618751876],[-73.78610528241931,40.60071175756693],[-73.78578006551935,40.60059326189322],[-73.78564205273419,40.6007971940185],[-73.78598359117777,40.6009182379421],[-73.78594303730421,40.60098393286845],[-73.78563276373285,40.60081638362869],[-73.78554281915132,40.60133604297981],[-73.78539358086867,40.601518022211245],[-73.78448233170238,40.60180009908569],[-73.78380343380196,40.60223681154599],[-73.78350560905145,40.60256343924549],[-73.78312802340122,40.60376099184688],[-73.78320431690237,40.60389852026706],[-73.78348138271578,40.60404783581123],[-73.78362777073956,40.604416904411345],[-73.78394764971192,40.60482442511702],[-73.7836669629257,40.60532443592932],[-73.78338424455795,40.60551702949765],[-73.7831765582718,40.605835585674996],[-73.78258632670759,40.60636874352901],[-73.78225374776613,40.606583879254835],[-73.7809873307122,40.607907054028956],[-73.77927015444938,40.60930736180771],[-73.77856806939954,40.609643663429175],[-73.777687594258,40.60980458036623],[-73.77703113969356,40.60984827238897],[-73.7763584369479,40.6096558382425]]]]}},{"type":"Feature","properties":{"ntaname":"LaGuardia Airport","boroname":"Queens","ntatype":"8"},"geometry":{"type":"MultiPolygon","coordinates":[[[[-73.87280920016211,40.78590310859761],[-73.87282839783694,40.78595446173851],[-73.8727740594054,40.78594192145899],[-73.87280920016211,40.78590310859761]]],[[[-73.8712485624251,40.78603815125518],[-73.86978081192638,40.785337933326005],[-73.86923491688619,40.78596991541825],[-73.86918113437791,40.78594348957018],[-73.86987007434347,40.7850859070684],[-73.86943751657189,40.783638399311336],[-73.86872657288511,40.783731697751605],[-73.86860526184714,40.78380915092564],[-73.86848597381919,40.78369365683154],[-73.868588043331,40.7836231941228],[-73.86872154015359,40.78368495023974],[-73.8694234479541,40.78359131491797],[-73.87048029898958,40.782306112315425],[-73.87146292358081,40.78212640124357],[-73.87232286918953,40.781100761632636],[-73.87201741809376,40.780955751628575],[-73.87021910757322,40.781247327370586],[-73.8720283196526,40.78093336172091],[-73.87233603998317,40.781085053285125],[-73.87255732673727,40.780821121542765],[-73.87218014326632,40.78052591617362],[-73.86825520270727,40.77851264457851],[-73.86615198692074,40.777590680987764],[-73.86471066497188,40.77673318575118],[-73.8591787193453,40.774072620736675],[-73.85892557017603,40.774030239169484],[-73.85896405555452,40.77393851803246],[-73.85505106271819,40.77219538998928],[-73.8550863591045,40.771831387775016],[-73.85646272989406,40.77027306132644],[-73.85671150743767,40.77023610385124],[-73.85740269216402,40.77049826360193],[-73.8575723000278,40.7704529842609],[-73.85788340878094,40.77065971113753],[-73.85782463231617,40.77043731159283],[-73.85803884070337,40.77020352270565],[-73.85771999546806,40.77030024832813],[-73.85734730950506,40.77018423171299],[-73.85684990452357,40.76954245254096],[-73.85621267610183,40.769195797758],[-73.85614973578456,40.76898684694503],[-73.85624565746282,40.76888571369662],[-73.8566356595733,40.76894032975377],[-73.85704790262325,40.76913955544647],[-73.85767800266133,40.76827626589426],[-73.85805261946524,40.76809065637151],[-73.85877376553057,40.76734999560118],[-73.85937510429778,40.76707532894287],[-73.86016778943647,40.76694222727425],[-73.8606974303085,40.76701133385558],[-73.86085535944486,40.76693211859197],[-73.86098883676625,40.76701427074422],[-73.86103345678848,40.76725679418076],[-73.8611027715228,40.76727194252999],[-73.86131386166113,40.76694063174398],[-73.86212976456463,40.766911335364064],[-73.86226565071622,40.766803167772174],[-73.86243485599893,40.76688891752972],[-73.86268864176526,40.76687591100763],[-73.8627202147973,40.76667064229238],[-73.86215785661597,40.76619175843227],[-73.86216751063272,40.76604799421461],[-73.86153844239246,40.765342532216614],[-73.86043337819608,40.76386888287582],[-73.86093691422919,40.76372861549134],[-73.86293134292119,40.766104482203374],[-73.86427231280356,40.76743285892287],[-73.86598349192941,40.76886012712938],[-73.86800281688815,40.770255169347564],[-73.86883066991146,40.770733202082035],[-73.8702614264835,40.771356962283846],[-73.87128571199985,40.77164418290575],[-73.87259590943471,40.77183094482939],[-73.87383200892604,40.77187090978045],[-73.8752014482224,40.77177130089515],[-73.87611073438418,40.77163050362497],[-73.877536122094,40.771253120208904],[-73.87912387679327,40.7706209376906],[-73.88238366245845,40.76885740484817],[-73.88431910348116,40.767981661495554],[-73.88570463688586,40.767489081703246],[-73.88772988070615,40.76691443487077],[-73.88822093545016,40.768621415668065],[-73.88840615711763,40.76881447688449],[-73.8887444391677,40.76891817992269],[-73.88868841148641,40.76897759712269],[-73.88945486771429,40.773532951628674],[-73.88580762286652,40.77402222447557],[-73.88583361561297,40.77410924094262],[-73.88566947657924,40.774126056084015],[-73.88567007665036,40.77443307121707],[-73.88560236103497,40.77430456444181],[-73.88566773133991,40.77430558790494],[-73.8856323103537,40.77409707478877],[-73.88578804109294,40.77408756570392],[-73.88578473697669,40.774024712164724],[-73.88431556688997,40.774184363984276],[-73.8839162796371,40.77413260709429],[-73.88455150532151,40.77436062233233],[-73.88483742391051,40.77495298074588],[-73.8847736190733,40.77533228058672],[-73.88428830552827,40.775483096534344],[-73.88440957187971,40.77554936087747],[-73.88505522658441,40.77840531274433],[-73.88525026986592,40.77861290174266],[-73.88508345810514,40.77867131316153],[-73.88505291740942,40.77877543567228],[-73.88512416435393,40.77906120928317],[-73.88508410716267,40.779352571616315],[-73.88516152480754,40.77941326522181],[-73.88511968881694,40.77951137588537],[-73.88541287251148,40.77965996003542],[-73.8851088700627,40.77952231004403],[-73.88502497289356,40.77955731793707],[-73.88510057226749,40.77961243183778],[-73.88504930343672,40.7796252458291],[-73.88519336272628,40.779786214601934],[-73.88515854975981,40.77979833087375],[-73.88500897510013,40.779564807620034],[-73.88488113731053,40.77998719674149],[-73.8838520315346,40.780264319754025],[-73.88325271441282,40.78026542290231],[-73.88324038254821,40.78032572327398],[-73.88290491120435,40.78034869723927],[-73.88287851751457,40.780236319606935],[-73.88274449717298,40.780223423067234],[-73.88215899724435,40.78036786706076],[-73.882026294536,40.7804850425229],[-73.88139075985553,40.780601608408254],[-73.87973466843022,40.78065481805003],[-73.879586468348,40.780698109855095],[-73.87960692432854,40.78085031306543],[-73.87947468643911,40.7808569510753],[-73.87947341303357,40.780702689416984],[-73.8793580603621,40.78065668012752],[-73.87930409174346,40.78075940788104],[-73.87920483785501,40.78076738933436],[-73.87913370828667,40.78067822837729],[-73.87870562518967,40.78058590944772],[-73.87905115693171,40.78173053235844],[-73.87930868295156,40.78185365833256],[-73.87885837485491,40.78239817918395],[-73.87974777853677,40.7828365637047],[-73.8797016367226,40.78288281807247],[-73.87914654749963,40.78256828505026],[-73.87906024515817,40.782640471526356],[-73.87912427592009,40.782560356165746],[-73.87883146781734,40.782430714494545],[-73.87833923297961,40.783025921252175],[-73.87515754893558,40.78150944864829],[-73.87484527331479,40.78168492407546],[-73.8712485624251,40.78603815125518]]]]}},{"type":"Feature","properties":{"ntaname":"Flushing Meadows-Corona Park","boroname":"Queens","ntatype":"9"},"geometry":{"type":"Polygon","coordinates":[[[-73.84670933597923,40.76134526913537],[-73.84596638423373,40.76069999140458],[-73.843243813566,40.7553368037672],[-73.84199957037283,40.755715504372596],[-73.83861858898014,40.75704484639162],[-73.83821097020433,40.75525316665709],[-73.83791732703234,40.754541435301064],[-73.83768167055048,40.754135362350084],[-73.83743232555322,40.754103934094246],[-73.83684227245506,40.75333813307133],[-73.83559153783257,40.751377132770244],[-73.83229535672847,40.75194179113857],[-73.83222331272125,40.75141988748444],[-73.8326956984728,40.74930321108258],[-73.833085823199,40.747989125404764],[-73.83411432962475,40.747357310326564],[-73.83462522085614,40.746880950882606],[-73.83537586058117,40.74551788899374],[-73.83543777103765,40.745523974078274],[-73.83567553859353,40.74485051806162],[-73.83595071392978,40.74373057010776],[-73.83586131783862,40.74322798520755],[-73.8360998905771,40.74242906978126],[-73.83699269956922,40.74209334242395],[-73.8370650868407,40.7418647185714],[-73.83710720648943,40.7413962294514],[-73.83669458612133,40.73954125424177],[-73.83662419655053,40.73936506028228],[-73.83627526965145,40.73956837667391],[-73.83564585551946,40.7384910116405],[-73.83539812832238,40.73691239005314],[-73.83560508693313,40.73513453988244],[-73.8360484560617,40.73426558528826],[-73.83584824589427,40.7338337492565],[-73.83489939417063,40.73296764276752],[-73.83448336474244,40.73216391697111],[-73.83400368721344,40.731567710162615],[-73.83386267065022,40.7305531890079],[-73.83307087957822,40.72991903138302],[-73.83248002122932,40.72894085408576],[-73.83170465866348,40.72804033224622],[-73.83073214479985,40.72654932846824],[-73.83021953957032,40.72612069681097],[-73.82979910980455,40.72589725400036],[-73.82866154234544,40.72558142342024],[-73.82805145201368,40.7253248503233],[-73.82755527729189,40.72496095026603],[-73.82730900361362,40.72464607749657],[-73.8271292640289,40.72430371206011],[-73.82556765595902,40.71972101533119],[-73.82539923826937,40.71741485698571],[-73.82518900129183,40.71732316141585],[-73.82289397389587,40.71748940101034],[-73.82165299232271,40.71738887858256],[-73.82170478841732,40.71735989066127],[-73.81952343803869,40.71733973320205],[-73.81930469431614,40.71713608156473],[-73.81998230828785,40.71657551126455],[-73.8201156566577,40.71651419398225],[-73.82157300152225,40.71665078375097],[-73.82340468849675,40.71655002870017],[-73.8235792613867,40.71632385642995],[-73.82391909690725,40.71617753307129],[-73.82430571349012,40.71607458159085],[-73.82517896603255,40.716014997394524],[-73.82542637644188,40.71582819886823],[-73.82594383097658,40.715647299403045],[-73.82989578689859,40.71457124264635],[-73.83097820817336,40.714313605287636],[-73.8314586691967,40.71455445043996],[-73.83050460940986,40.714856945301364],[-73.8301037265875,40.715176707656596],[-73.82983328300575,40.7155677836586],[-73.83207140887906,40.71729059648569],[-73.83488359346718,40.71930327241618],[-73.83501684164105,40.71952679952753],[-73.83538045081515,40.72072218104147],[-73.83596312273758,40.7216771681247],[-73.83649768286769,40.722338536559356],[-73.8373145942717,40.72357150922379],[-73.83906354527967,40.72687953417365],[-73.83985434224356,40.7281775697852],[-73.84032703163582,40.72880711563218],[-73.84146810773275,40.729998093473796],[-73.84285558354436,40.73114091183742],[-73.84418886465552,40.732642019579956],[-73.84542613027915,40.73494980377872],[-73.84590881383592,40.73639980172257],[-73.84605541770422,40.73709918897149],[-73.84689366105576,40.738671217393154],[-73.84721361521655,40.73864398735329],[-73.84775740109578,40.73929908908633],[-73.84779173467615,40.73983078601063],[-73.84794173925815,40.73981640566471],[-73.84809495643508,40.74002699228168],[-73.84986181061382,40.74057672006487],[-73.84996425934501,40.740701772780014],[-73.85011556548316,40.74072356279743],[-73.8536056829371,40.74749682909479],[-73.85436928066457,40.748738930191145],[-73.85442575165439,40.74885172738613],[-73.85086439577863,40.74999564187307],[-73.85261725264013,40.75340506602956],[-73.85300762267897,40.75455456602295],[-73.85335095093606,40.75601283831305],[-73.85365479643505,40.75683659781366],[-73.85407475724476,40.75766325432999],[-73.85463995663274,40.758466157765206],[-73.8552514001428,40.75914753134192],[-73.8557699729594,40.75953834268295],[-73.85638216116355,40.75990664015344],[-73.85810853898091,40.76063718244453],[-73.85912375729214,40.76127549915759],[-73.859756288603,40.761835800163446],[-73.85956252243186,40.76197196766705],[-73.86093691422919,40.7637286154913],[-73.860433378196,40.763868882875755],[-73.85941339397995,40.76248326584206],[-73.85907893363802,40.762522832270975],[-73.85892056312613,40.76240640118538],[-73.85899197332893,40.76224652320753],[-73.8589229818273,40.76212234551656],[-73.85864510487953,40.7625143959092],[-73.85888722660167,40.76213360939796],[-73.85869110268213,40.76222119100361],[-73.8588437150636,40.76205876627676],[-73.85861915281767,40.76193559750166],[-73.85765473616335,40.763079822848724],[-73.8584153868299,40.76345313042283],[-73.85850081255474,40.763376432580095],[-73.85834319309086,40.76356256045556],[-73.85839531409535,40.76347705912193],[-73.85763896535913,40.76309944863398],[-73.85683888701776,40.76400017911506],[-73.85696355939805,40.76407442786328],[-73.85667482296249,40.76393018832551],[-73.8568029095629,40.763980845461006],[-73.85758285470597,40.76307290112933],[-73.85669035223108,40.76263563235635],[-73.85658675388665,40.762722840616995],[-73.85678236963383,40.76250827790935],[-73.85671169399481,40.76261568695268],[-73.85760424037187,40.763053281789155],[-73.85817631070529,40.762396294224025],[-73.85661195813547,40.76164954175432],[-73.85819433132532,40.76237410798473],[-73.85858526218242,40.761917009098845],[-73.85712133534516,40.76118890387295],[-73.8553026602979,40.76064958424984],[-73.85466366458898,40.760171169562284],[-73.85372403934842,40.76024638913757],[-73.85279376595065,40.75997216563208],[-73.85277828694974,40.76012131075255],[-73.85299079399769,40.76019178829334],[-73.85270107838086,40.76012811832171],[-73.85277483386959,40.75996422817612],[-73.85268917291378,40.759928315663856],[-73.85254750230325,40.76006981124051],[-73.85224158541298,40.75992160848667],[-73.85249396232958,40.76001041215976],[-73.8526653441868,40.75991832626708],[-73.85210362063114,40.75968282669989],[-73.85158552901186,40.75935542065714],[-73.85021978858808,40.75956659916017],[-73.8497090835063,40.759838837957595],[-73.84930110814338,40.76024287535016],[-73.84987484496263,40.76110381244604],[-73.85197412962872,40.76024940738195],[-73.85207200177848,40.76039288467229],[-73.84981162475142,40.761270974008326],[-73.84916662406268,40.76029658378545],[-73.84891393715097,40.7602757861712],[-73.84868655659155,40.760138494105675],[-73.84670933597923,40.76134526913537]]]}},{"type":"Feature","properties":{"ntaname":"Forest Park","boroname":"Queens","ntatype":"9"},"geometry":{"type":"Polygon","coordinates":[[[-73.83696237744874,40.704212452834966],[-73.83947815087203,40.70269019499975],[-73.84156377940216,40.70110059921825],[-73.84275664180579,40.70065769530599],[-73.84502472810954,40.69935937751805],[-73.84820912767348,40.69851840854505],[-73.8486811559897,40.698458523853944],[-73.84913837176869,40.6982827412012],[-73.8507084219023,40.7002031251037],[-73.85410116315052,40.700513749327584],[-73.85412473993176,40.70076508480878],[-73.85449319897995,40.70064259375442],[-73.85456630463464,40.70059405158943],[-73.85386250337588,40.69986485574236],[-73.85283262124726,40.69840776658144],[-73.8527076967891,40.69796856205144],[-73.85274511619896,40.69756075076841],[-73.85744447651432,40.696912985386],[-73.86840518883152,40.69473118624327],[-73.8689176262462,40.695146562016056],[-73.87067421777537,40.69784106551843],[-73.86931433152246,40.699355148004855],[-73.8695262768068,40.70160574337995],[-73.86898508283825,40.7017443564554],[-73.86915596091336,40.70289343416234],[-73.86280855583294,40.70341091580511],[-73.8580845148311,40.70289677765264],[-73.85823494833606,40.70283289066995],[-73.85893224244882,40.701320345427305],[-73.85827405761421,40.70122365990838],[-73.857279339531,40.7012125138238],[-73.85722762629649,40.70165172035626],[-73.85529571355171,40.70199100960875],[-73.85529275816589,40.70259550178674],[-73.85252018988406,40.70229172361688],[-73.85305663769039,40.7031370471151],[-73.85470823889172,40.705210974814655],[-73.85471652431808,40.7067694968294],[-73.8493315614799,40.708388333680105],[-73.84857838674766,40.70843872082724],[-73.84697970156076,40.70830910315001],[-73.84567198082914,40.708410366793395],[-73.84453738714153,40.70866105563943],[-73.84314625235133,40.709223456920625],[-73.83828428770079,40.70840935912769],[-73.83714702922727,40.70795704676518],[-73.83808137808256,40.70656204347332],[-73.8381422158709,40.706258901948694],[-73.83806860430222,40.70595740524055],[-73.83696237744874,40.704212452834966]]]}},{"type":"Feature","properties":{"ntaname":"John F. Kennedy International Airport","boroname":"Queens","ntatype":"8"},"geometry":{"type":"MultiPolygon","coordinates":[[[[-73.74699391102992,40.63715064518513],[-73.74712053523142,40.637151241025386],[-73.74715781614948,40.63706052302335],[-73.74713019919568,40.63721686034233],[-73.74699391102992,40.63715064518513]]],[[[-73.74694320506241,40.637529202174306],[-73.74704913170716,40.63754513389714],[-73.74693969946533,40.637554235214076],[-73.74694320506241,40.637529202174306]]],[[[-73.82503467502312,40.66358013480766],[-73.8230521047831,40.66355387863717],[-73.82296101186115,40.66386013874922],[-73.81410520318873,40.662795182954476],[-73.8132684332756,40.66281291820302],[-73.81168861099222,40.66313287201105],[-73.80845016114486,40.664461301263984],[-73.8061439581865,40.66491273087771],[-73.80299527075152,40.66521661128214],[-73.79981954330337,40.665259262643914],[-73.7958191481564,40.664955627953034],[-73.78751177862064,40.66382524414059],[-73.78502513652093,40.66342107306481],[-73.78203938094587,40.662711708093475],[-73.77919377487588,40.6616903598298],[-73.77932933052463,40.66183952084514],[-73.77871547987154,40.66159540040984],[-73.77876683414875,40.66151072370426],[-73.77690452925374,40.6606721569316],[-73.77510069812668,40.66015258382308],[-73.77393604407887,40.65962801745045],[-73.77382964657818,40.659651158771595],[-73.76475455331216,40.65474689727343],[-73.75157384059202,40.6472593017056],[-73.75204902476068,40.64665193747837],[-73.75327090492598,40.64733376251934],[-73.75340365356126,40.64716237460763],[-73.75323328269432,40.64705211468637],[-73.75354191835685,40.64719631282204],[-73.75342238771594,40.64717065904436],[-73.75329210674712,40.6473434032247],[-73.75388964436749,40.64754260405955],[-73.75427809856579,40.64788642258169],[-73.7545036960145,40.647935479054446],[-73.75475592551938,40.647812198893575],[-73.7549276864291,40.64757272103863],[-73.7546120843784,40.64720045945824],[-73.75379289369513,40.64670560418312],[-73.7536600374918,40.646871139191106],[-73.75373770826154,40.646960424080596],[-73.7534018950698,40.64680746171202],[-73.75361134104452,40.64685618225665],[-73.75376146361373,40.64668632265829],[-73.75057032811947,40.64472855667405],[-73.75032661179578,40.64446083675797],[-73.7490763129122,40.64363287005182],[-73.74870701496343,40.643343492840195],[-73.74824424118684,40.64261573172665],[-73.74776524915336,40.642094843285214],[-73.7473988709155,40.64135337630733],[-73.74754412784623,40.64113216798686],[-73.74744650595287,40.640021636688466],[-73.74752877878231,40.63932443500682],[-73.74774229864916,40.63870113112763],[-73.74812488584969,40.636872731142404],[-73.74839815536161,40.63665363732009],[-73.74845072655376,40.63563613808902],[-73.74855478395091,40.635411559073304],[-73.74903528693261,40.63508123469319],[-73.75069606974144,40.63462797576578],[-73.75149345321422,40.63416872663288],[-73.751573756223,40.63404816922165],[-73.75202385504502,40.63391965328302],[-73.7524375857275,40.63367678024348],[-73.75348397724734,40.6335142910793],[-73.7541434201449,40.63315982554371],[-73.75457634166676,40.633058402963314],[-73.75479100304916,40.63288248836342],[-73.75523195109297,40.63272881131614],[-73.75546110339215,40.63277362780716],[-73.75568021846905,40.632585029174045],[-73.75738810055988,40.63210776063099],[-73.75773557554015,40.63182381155192],[-73.7582205583198,40.63176848948044],[-73.75854689310518,40.631550570038115],[-73.75900955400698,40.631489296882684],[-73.75931103879127,40.63134709012276],[-73.75945207812241,40.63115255682758],[-73.75983306493073,40.630975896424694],[-73.76001201553983,40.630971571557104],[-73.76053159841652,40.630663316687176],[-73.76077841089928,40.630672675849375],[-73.76113067824055,40.63051344412548],[-73.76167829301869,40.63044203098101],[-73.76204439165338,40.630251410884895],[-73.76219407813966,40.630259432454125],[-73.76308789604877,40.62965889850087],[-73.76360181048366,40.62958091718052],[-73.763628800826,40.62950508929773],[-73.76453002637294,40.62922113635718],[-73.76500891405117,40.62941218257731],[-73.76501893622955,40.62933633510109],[-73.76474289735042,40.6291680848978],[-73.7661203126078,40.62853128268853],[-73.76649560507087,40.62825037539892],[-73.76686894093312,40.62757535017591],[-73.76700536082704,40.62751882592345],[-73.76702439360957,40.62731700429901],[-73.76772115310419,40.62619061644168],[-73.76777702900303,40.62591846441673],[-73.76827674931236,40.625335218514095],[-73.76831111966818,40.62512260097122],[-73.76860408643708,40.62473271874592],[-73.76863549812097,40.62449293030246],[-73.76878346111555,40.624319531018486],[-73.76884275325851,40.623939292066],[-73.76855325941516,40.62318922917786],[-73.76866781629329,40.62273196462162],[-73.7687970333554,40.6225254603605],[-73.76944652290211,40.622015449101085],[-73.76951843165554,40.62212182850457],[-73.76959295527986,40.62187452314508],[-73.76972348351019,40.62176168896706],[-73.76982198989099,40.62140497333974],[-73.76961487389339,40.62114696917425],[-73.77011166530485,40.62025022928951],[-73.77018004618348,40.620006383942],[-73.77012340107082,40.61987269767069],[-73.77018829077609,40.619791010920075],[-73.77109318600718,40.61997770844979],[-73.77148072077733,40.6201990883329],[-73.77165454622448,40.620416427318325],[-73.77171699359006,40.620961679801646],[-73.77147609178985,40.6215982727252],[-73.7709149994609,40.622403888653146],[-73.77095099682332,40.62265230652348],[-73.77081128816697,40.622949747293475],[-73.77091145641799,40.62307807973253],[-73.77086001184625,40.62333053887435],[-73.77109204771146,40.62332852420132],[-73.77114623041594,40.62322466891044],[-73.77143883575883,40.62328461720603],[-73.7717276019702,40.62358502853137],[-73.77178742105478,40.62350408111821],[-73.77169908339842,40.62343898870735],[-73.7718020500104,40.623487880336555],[-73.77197318247643,40.62327211714478],[-73.77188149277215,40.62320360322224],[-73.77198669766848,40.62325335252343],[-73.77214546871603,40.623046105449966],[-73.77203131365239,40.622991213404546],[-73.77207296747925,40.62293919102819],[-73.7721882393991,40.622995794296166],[-73.77511891122289,40.61923384815514],[-73.77518045935324,40.61926471855515],[-73.77421473239453,40.62043302878669],[-73.77426958644718,40.620454492145825],[-73.77402897743532,40.620667560050535],[-73.77407143925994,40.62070778889998],[-73.77401658973884,40.62068461958846],[-73.77384546439399,40.620902094248855],[-73.77388568146219,40.620943172981924],[-73.77383308283895,40.6209174443933],[-73.77366082856108,40.621136625437885],[-73.77370215781546,40.621180268449976],[-73.77364843566133,40.62115539280322],[-73.77347730577853,40.621373721719124],[-73.7735208770138,40.62141651598602],[-73.77346603268009,40.621391637876584],[-73.77329266580506,40.62160825330742],[-73.77333623347354,40.62165275559767],[-73.77328363204053,40.62162788115416],[-73.77310913954067,40.62184534831741],[-73.77315159799501,40.621886432396764],[-73.77309787427356,40.62186155498449],[-73.77292561377703,40.62208158947021],[-73.77298158091618,40.62210561766296],[-73.7729132212026,40.62209950252387],[-73.77274432037868,40.62232039659811],[-73.77279356159144,40.62234441058039],[-73.77255743973615,40.62255321426673],[-73.77259653212845,40.62259514545023],[-73.77254616949138,40.622571129835734],[-73.77237278964314,40.62278945180024],[-73.77242539274573,40.62281432833494],[-73.77220950703656,40.62300523298986],[-73.77240313572982,40.62309530296785],[-73.77236260074774,40.62314732600268],[-73.77216897866647,40.62305554834399],[-73.77200460487528,40.62326192851492],[-73.77217018268819,40.62335963116804],[-73.77199669204427,40.62328155948655],[-73.7718188277154,40.623499018653355],[-73.77198776382467,40.62359758196095],[-73.7718131662754,40.62351523631519],[-73.77173897449319,40.623605726071006],[-73.77266148743698,40.624570904229074],[-73.77323537240338,40.624994162979746],[-73.77348668206692,40.625059229371814],[-73.77407526349297,40.625783483509146],[-73.77654229821697,40.627651725230415],[-73.7794689755585,40.62731550562166],[-73.78136195814635,40.62484274619734],[-73.7841948316574,40.62089267057813],[-73.78955814223276,40.62279199558915],[-73.78916270446263,40.62299975163363],[-73.78882379753408,40.62339262392319],[-73.78822856145473,40.623765129055016],[-73.78594058253921,40.62584700618246],[-73.7853632067032,40.62670665633421],[-73.78497996067745,40.626544986547984],[-73.78487888652718,40.6266314713766],[-73.78363078949876,40.628142521869314],[-73.78328415732042,40.62895434958599],[-73.78348975662946,40.63016511622125],[-73.78434764110041,40.631373320933804],[-73.78570293674272,40.63209499014989],[-73.7859397466618,40.63207190717154],[-73.78690666618319,40.632261901398],[-73.78743060086758,40.632576537745],[-73.787799723121,40.63302419096059],[-73.78832339352383,40.63342507956142],[-73.78935009766565,40.634007188422075],[-73.78942717129554,40.63426303546036],[-73.78971600022716,40.6340672502114],[-73.7907692383399,40.63384873389886],[-73.7908387611231,40.63389933431169],[-73.79066449470041,40.634152940062556],[-73.79079284210981,40.63428204370623],[-73.79803751757635,40.631196240141435],[-73.7979682943779,40.631101307976415],[-73.7981187213808,40.631037509762386],[-73.7982761534912,40.63125218003499],[-73.79812347917732,40.631317682299404],[-73.79805537168937,40.6312244591009],[-73.790811112505,40.63431035551095],[-73.7910813270647,40.63423263503489],[-73.79130877722088,40.634401301156394],[-73.7912289835559,40.634857064737425],[-73.79174707842999,40.63549302142397],[-73.79222317971443,40.63589008894912],[-73.7934336913014,40.63608669084633],[-73.79425964245607,40.63656420405096],[-73.79474387366984,40.63662936789611],[-73.79515683891081,40.636949494751164],[-73.79579770841833,40.6371828491913],[-73.79591161960919,40.63732391193974],[-73.79668777238415,40.63770917709892],[-73.7969085306403,40.63773632576924],[-73.7969512352895,40.63785568044369],[-73.79725742800946,40.63800761425931],[-73.79764909979069,40.638040206363215],[-73.79823301111061,40.63830609026796],[-73.79852499122477,40.63830611906686],[-73.79863891856455,40.63840377974141],[-73.79923711895684,40.638420110372365],[-73.80015571993104,40.638892164155386],[-73.80044766860635,40.639136312287995],[-73.80177220185242,40.63976028462189],[-73.80465930109132,40.64090521066726],[-73.80565939586307,40.64160198429803],[-73.80608411016604,40.641603700248154],[-73.80670200609586,40.64177618534207],[-73.80864568650573,40.64281492787946],[-73.81002442969555,40.64331398271448],[-73.8107574931199,40.64349239175648],[-73.81203333617123,40.644303575715014],[-73.81364360092505,40.644690950600406],[-73.81565104025476,40.64563002310018],[-73.81593079107418,40.645604911680536],[-73.8161790995191,40.645785694707065],[-73.81728428683004,40.64594916032337],[-73.81830316956214,40.64626766499377],[-73.81881842240605,40.646592515721366],[-73.8193946496049,40.64735285394308],[-73.82010812246997,40.64810402206831],[-73.82122920605727,40.64897515067355],[-73.82215143198066,40.65013528973995],[-73.8221406111059,40.65058633134088],[-73.82251095829807,40.651954423793086],[-73.82260572607488,40.652786106842285],[-73.82296066781274,40.65342519880708],[-73.8232184940707,40.65411655671603],[-73.8234656042142,40.65531301605706],[-73.8234212144709,40.656025495649786],[-73.82286126734066,40.65767097675034],[-73.82246765596551,40.659159866399065],[-73.82221691301815,40.65948338822606],[-73.8216112551027,40.659935285095855],[-73.82169139439544,40.66003508624068],[-73.8216072624332,40.66006973770664],[-73.82153552464982,40.659972382553754],[-73.82160346250188,40.6600806186469],[-73.8217626999445,40.66002797074916],[-73.82174650215825,40.66011836609096],[-73.82160700243736,40.66016103710148],[-73.8215117933092,40.65998210509973],[-73.81970074120684,40.660724086808884],[-73.81979109615273,40.66081263078953],[-73.81971419909215,40.66087372617609],[-73.81965725287023,40.66074191904562],[-73.81869531492681,40.66110505105431],[-73.81764402333793,40.6609490324302],[-73.81767296498694,40.66105972277725],[-73.81750491431545,40.66104832620168],[-73.81756727119134,40.66093673426222],[-73.81656759308223,40.66074251661065],[-73.81613954700232,40.66071525483711],[-73.81616082356737,40.66084445023532],[-73.81598180388713,40.66083581654876],[-73.81605203034856,40.66071157370274],[-73.81468148791375,40.660515214761915],[-73.8146760376376,40.66065007155593],[-73.81457011758387,40.66063459713668],[-73.81462533969706,40.66050667415587],[-73.81262125517522,40.66015705040116],[-73.81143833843886,40.66025421127633],[-73.81129490932015,40.66037443923808],[-73.81124435291241,40.66054463906429],[-73.81145557768768,40.66073655223549],[-73.8150934509165,40.661455251427206],[-73.8183025971643,40.66197075873756],[-73.81867184308027,40.662132777430436],[-73.81900335632905,40.66192678411422],[-73.82005236917719,40.6615865175557],[-73.82233216075919,40.660614858529776],[-73.82292563711152,40.66044162386904],[-73.82331870229751,40.66020791046261],[-73.82347625129688,40.66006003835425],[-73.82406595541083,40.658484146885634],[-73.82409558034699,40.658096044571224],[-73.82426410867653,40.65777909268677],[-73.82404130457019,40.6577556696619],[-73.82405929133718,40.6576959540204],[-73.82426776040361,40.657746511638706],[-73.8249219145991,40.6556667894789],[-73.82492940963448,40.655441531872164],[-73.82429638503632,40.65347013436435],[-73.82413588742779,40.65264311683268],[-73.82393060907134,40.6521901032795],[-73.82347527480852,40.650476295388835],[-73.82342199947043,40.64946400081847],[-73.82332600007187,40.64918300005503],[-73.82318099997532,40.64915699992551],[-73.82290717700756,40.648093446507474],[-73.82319444045571,40.648011161679456],[-73.8239036472566,40.64886672013968],[-73.82390937481915,40.64913097968044],[-73.8240126223632,40.64922918251984],[-73.82445036859482,40.64932806948161],[-73.82458760300769,40.64948314968309],[-73.82499846516194,40.64937693088307],[-73.82534103019944,40.64966537565526],[-73.82545365904,40.64966078213036],[-73.82563190088347,40.64948554109796],[-73.82588910297844,40.64948606931881],[-73.82606144494922,40.64970739441767],[-73.82614483059653,40.650081840942796],[-73.82630014811815,40.65002298577986],[-73.82612305494222,40.64973604142269],[-73.8261720453059,40.64952693614526],[-73.82637153470063,40.64942234560892],[-73.82640735577169,40.649289162828694],[-73.82622033639022,40.64836102709206],[-73.82639242756326,40.648324349284614],[-73.82859942338692,40.6571969730152],[-73.82931420086834,40.65889865674471],[-73.82991335621283,40.65966566868384],[-73.83270533815944,40.665405773282515],[-73.82789758779751,40.663906307528215],[-73.82687353836337,40.66370410799334],[-73.82503467502312,40.66358013480766]]]]}},{"type":"Feature","properties":{"ntaname":"Jamaica Bay (East)","boroname":"Queens","ntatype":"9"},"geometry":{"type":"MultiPolygon","coordinates":[[[[-73.82649350342132,40.59102706175569],[-73.82643165481998,40.59031600502736],[-73.82690355442433,40.58992883878399],[-73.82737385766713,40.58976440102506],[-73.82734320889412,40.58994338164622],[-73.82761912369894,40.58999525984128],[-73.82756509831145,40.59050292671119],[-73.82768905925576,40.5905685410216],[-73.82753853880436,40.590541299716996],[-73.82705426208503,40.590978416458015],[-73.8270787297428,40.5911530029874],[-73.82729798318667,40.59133888639299],[-73.82728545196026,40.59147876306213],[-73.82598356405703,40.59197061825749],[-73.82571279623927,40.592026390371586],[-73.82548333523174,40.591973386213795],[-73.82561798585319,40.59171161437699],[-73.8263277408668,40.59146140794832],[-73.82649350342132,40.59102706175569]]],[[[-73.83193277255799,40.59344779692433],[-73.83116882644556,40.59148814481197],[-73.83357376062695,40.58903517184931],[-73.83407308851592,40.589142035051516],[-73.83458673782867,40.589122164465444],[-73.83519078392537,40.589381746237756],[-73.83583529073186,40.589351305466636],[-73.8366983168281,40.58957226788822],[-73.83687949970036,40.58952025600554],[-73.83691929574124,40.58967274130567],[-73.83708248685804,40.589796165685655],[-73.8380675611295,40.590301871604105],[-73.8381470057435,40.59073375985538],[-73.83880085144699,40.591197765370424],[-73.83875828370542,40.59098699801694],[-73.83839527303603,40.590391752547504],[-73.83908878158884,40.59070516979568],[-73.83977196837401,40.59120658452812],[-73.84062613669406,40.59153455504988],[-73.84050451464873,40.591206651752316],[-73.84136496634314,40.59184579789247],[-73.84179835295112,40.59200759565003],[-73.8417576104176,40.59209723536817],[-73.84237933115936,40.5924783180692],[-73.8424370930023,40.592872845890625],[-73.84256486317125,40.59286019629443],[-73.84264471353575,40.59295353886101],[-73.84279000626988,40.5933273786436],[-73.84336470419666,40.593470143366424],[-73.84350065697967,40.59508410975606],[-73.84056972163728,40.597300702794335],[-73.83745833480359,40.596862867340576],[-73.83658698900055,40.59581127162847],[-73.83627425288662,40.595599592561534],[-73.83569788024997,40.59480894066824],[-73.83492802779432,40.59431189788346],[-73.83475985706413,40.59410960635946],[-73.83476026614608,40.59394429399912],[-73.8340000203018,40.59361971315359],[-73.83193277255799,40.59344779692433]]],[[[-73.8229275781107,40.60006142866587],[-73.82297857646167,40.60004370772757],[-73.82303195034994,40.59993051688249],[-73.82304007849226,40.600068075288576],[-73.8229275781107,40.60006142866587]]],[[[-73.82311740908834,40.600079492524536],[-73.82315293159297,40.59997666315246],[-73.82317356136187,40.59997800581438],[-73.82318015964296,40.60008384902831],[-73.82311740908834,40.600079492524536]]],[[[-73.80997059405912,40.60006753788293],[-73.81014417522893,40.60005485614498],[-73.80997465251588,40.59983670330667],[-73.81018896434578,40.59986040036624],[-73.81022695590148,40.59966334065498],[-73.81029493791374,40.59968938964917],[-73.81025503399775,40.59936251435442],[-73.81035740473052,40.59926152849111],[-73.81029011586071,40.598991670072536],[-73.81048808108193,40.59877931123712],[-73.81096169724401,40.59855703138378],[-73.8113156054143,40.59854983158484],[-73.81152379592731,40.59832970717677],[-73.81157550345664,40.59814119875712],[-73.81222073287898,40.598553907975344],[-73.81239671356778,40.598896567306106],[-73.81305369627472,40.59950371201551],[-73.81329385096036,40.59993416980847],[-73.81357883372245,40.60023793708967],[-73.81359530121162,40.600361847853534],[-73.81373524807448,40.60042188128644],[-73.81429377792436,40.60111483178143],[-73.81460712559036,40.601299029252694],[-73.81489670641665,40.601970182723974],[-73.81501471568703,40.60205629055863],[-73.81501813881465,40.60264533722875],[-73.81491622348221,40.60301682821534],[-73.81494841825628,40.60353377862587],[-73.81480117749582,40.60408034333366],[-73.81444222997993,40.604165201869485],[-73.8142869369858,40.60445566622179],[-73.81320862328825,40.60435543908457],[-73.81266625784592,40.6038889197751],[-73.81170299767653,40.6036139447671],[-73.81085365186505,40.603223713517075],[-73.81016958819596,40.60279976304262],[-73.81003548752496,40.60265429692045],[-73.81007598476843,40.60221008737],[-73.80990829369729,40.60205175006963],[-73.80986333857173,40.60189579000804],[-73.810034259376,40.60161090846066],[-73.80991258100802,40.60132020942929],[-73.81004293231338,40.600954710545366],[-73.80985064502396,40.60036561675879],[-73.80999055209489,40.60022838180648],[-73.80997059405912,40.60006753788293]]],[[[-73.8005283665276,40.60708862654064],[-73.79985205681491,40.60699418950775],[-73.79974676788964,40.60688018894093],[-73.79851946130104,40.606816970500034],[-73.79832654001862,40.60677499186175],[-73.7983596652858,40.60666123179989],[-73.79818204762478,40.60673744516926],[-73.7979273649872,40.60657940538837],[-73.7981075597061,40.606267649993065],[-73.79840918708116,40.606009968258064],[-73.79826575424987,40.60549019609661],[-73.79867707846256,40.60570368346443],[-73.79906630960537,40.605604178285155],[-73.7991955174788,40.60544844537594],[-73.79958079285763,40.60531174870977],[-73.79986673510187,40.60531018134088],[-73.80005328100056,40.60546543259948],[-73.80010928078991,40.6053188663213],[-73.7995254356845,40.60524348441606],[-73.79945062417264,40.605336309981396],[-73.79913605927263,40.605392567226374],[-73.79896610519896,40.605578182072996],[-73.79870714092648,40.605621108231944],[-73.79804918391496,40.60540615521835],[-73.79781142206308,40.60515992032976],[-73.79787852756779,40.60492764847687],[-73.79803735364777,40.60483703790141],[-73.79828516577155,40.60489634430599],[-73.79862422461082,40.60480604843245],[-73.79867919320517,40.60500238610506],[-73.7987685918107,40.605015969149335],[-73.79882557301342,40.60499437902568],[-73.79879614841535,40.60486522174858],[-73.79911476132756,40.60481413727705],[-73.79916063754352,40.60488031956695],[-73.79932361689404,40.604759760870344],[-73.7999379460777,40.60461003690293],[-73.80005850596314,40.604625739324554],[-73.80020559080272,40.60483462980628],[-73.80048632023508,40.60476281828105],[-73.80023550352415,40.60480163108104],[-73.80014800349909,40.60460627074722],[-73.80004650162772,40.60456168230058],[-73.79887239184524,40.604747610942745],[-73.79865170669557,40.604680089937546],[-73.79790083724998,40.60472008615432],[-73.79764071041029,40.60514722555278],[-73.79766326029701,40.60530838892538],[-73.79815149082626,40.60563252772743],[-73.79801861118872,40.6056570824498],[-73.79817550585425,40.60575754405003],[-73.79821561992743,40.60593629724356],[-73.79766143422341,40.6063577559058],[-73.79725850165994,40.60605855387931],[-73.79673180581969,40.605905795467514],[-73.79658401448188,40.6059313548109],[-73.79634761133799,40.60578800285362],[-73.79631444258668,40.605634119164435],[-73.79646765605423,40.605187563614386],[-73.79654947282972,40.60514668837215],[-73.79663193409942,40.60520982976227],[-73.79669375994601,40.6051059232588],[-73.79633892962408,40.60485331441481],[-73.79635556654377,40.60475518902478],[-73.79620455439897,40.60479520851276],[-73.79611452288293,40.60469396320254],[-73.79616563641125,40.60463618682603],[-73.79640372971025,40.604719381658605],[-73.79665126586754,40.604542553899904],[-73.79667836577379,40.60448033883097],[-73.79657663032023,40.60443474373496],[-73.79678247039,40.60437870555],[-73.79679652064151,40.60449886044589],[-73.79693554112792,40.6042932733641],[-73.79705659826001,40.60430593982535],[-73.79708290458872,40.60418805303334],[-73.79723750603863,40.604231543476786],[-73.79731901178185,40.60406667887668],[-73.79800480522238,40.60421036472445],[-73.79817980007648,40.60414184231629],[-73.79882050848144,40.60420217424023],[-73.79896550641789,40.604098813303146],[-73.79916891656158,40.604267912853835],[-73.79972218401612,40.60434436860841],[-73.80019814608502,40.60422429785816],[-73.80037472842119,40.60437665682303],[-73.80054094134664,40.604363613905484],[-73.80062005168234,40.60423043287121],[-73.80074797324964,40.60434841873999],[-73.80078919095601,40.604212951286776],[-73.80096985318211,40.60424214905496],[-73.80095786114359,40.604353226311524],[-73.8010685626984,40.60438008163528],[-73.80109505165473,40.60429569295006],[-73.801229134607,40.60430259092096],[-73.80129062739448,40.604211596724916],[-73.80160261636098,40.60419435966218],[-73.80159699647642,40.60412324759396],[-73.80171364786658,40.604110116743435],[-73.80177730917077,40.60427020851626],[-73.80200208159681,40.60417060732567],[-73.80224677465009,40.60423546548189],[-73.80231331358597,40.60440889339899],[-73.80242464702228,40.60422243990217],[-73.8027240811431,40.604507365392266],[-73.80282338527361,40.604445320878824],[-73.80316436342463,40.60448367823052],[-73.80321951172145,40.60456598608565],[-73.80338062624413,40.60430406946996],[-73.80359060548112,40.60427776501211],[-73.80381183234223,40.60436099741666],[-73.80369450317316,40.604624521149454],[-73.80337740487869,40.604698932963736],[-73.80344258085263,40.60482951824851],[-73.80366440996988,40.60494926768916],[-73.80377309202328,40.60514932818821],[-73.80367025869249,40.60543786146848],[-73.80393554554064,40.60564374180608],[-73.80338852435882,40.60587044319307],[-73.80333672915718,40.606142407342105],[-73.80314302033038,40.606366935435574],[-73.80256351287132,40.60649086343235],[-73.80181702266873,40.6064229530483],[-73.8014663878591,40.60674714581347],[-73.80077334601931,40.60707629575054],[-73.80058101065255,40.606837222507046],[-73.8009674862933,40.60671019375541],[-73.80099698107293,40.60659087556503],[-73.80096804905946,40.60652142421044],[-73.80068780929243,40.60644598472446],[-73.80064444884157,40.60632931621978],[-73.80103373658132,40.606479896652125],[-73.80107400950284,40.6064105651051],[-73.80094321483591,40.60629929711013],[-73.80087007773874,40.60639633248285],[-73.800695724773,40.606235019046004],[-73.80060437517017,40.60633202233251],[-73.80033863924557,40.606278815696925],[-73.80030203215723,40.60633982613806],[-73.80085479651882,40.60663504520579],[-73.800574157707,40.60669285601065],[-73.80048279900365,40.606792635647366],[-73.8005283665276,40.60708862654064]]],[[[-73.82953035855815,40.60724067334978],[-73.829608270395,40.60725635955864],[-73.82957158390492,40.60734239145317],[-73.82952414988597,40.607339324343116],[-73.82953035855815,40.60724067334978]]],[[[-73.79665699659022,40.60896091507148],[-73.79630873959003,40.608735915189634],[-73.79600863317751,40.608217360788714],[-73.79609616374152,40.6081205592704],[-73.79647817834127,40.608002119049615],[-73.79652575979746,40.60789416672973],[-73.79627507920998,40.60785494027453],[-73.79626124248149,40.60762499077681],[-73.79630161390594,40.607497635401806],[-73.7965494167661,40.607287540363735],[-73.79638238010894,40.60723461133166],[-73.79611287711748,40.60740865471475],[-73.79605418096132,40.60758584165099],[-73.79611533581901,40.607793713152525],[-73.79581987999774,40.60813392013506],[-73.79551694367544,40.607354962798276],[-73.79549292599657,40.6068895310582],[-73.79528720929748,40.60641269490287],[-73.79527814038407,40.605814321533884],[-73.79529687413618,40.60563152309],[-73.79572698954176,40.60523061374934],[-73.79603208437757,40.60530041028529],[-73.79602450307608,40.60540289272037],[-73.79560502059154,40.605892468131046],[-73.7955858635244,40.60621377422335],[-73.79570141764704,40.606460525121975],[-73.79587219652055,40.606477449325716],[-73.79625827629188,40.60621496816413],[-73.79674937775948,40.606226355350096],[-73.79789746941422,40.60686880940596],[-73.79866703288238,40.60693560541713],[-73.7990199169026,40.60686844060328],[-73.80052617654209,40.60722633865083],[-73.80107067504782,40.60717936691719],[-73.80166689334773,40.60675617168351],[-73.80172213603619,40.60674224327451],[-73.80164501653122,40.606894037140016],[-73.80179390404601,40.60684404102111],[-73.8018188781399,40.60669566337763],[-73.80192792270815,40.60663741824921],[-73.80249208004453,40.606681629624376],[-73.80326523257317,40.606571932192224],[-73.80348837433606,40.60630001474158],[-73.80377411165543,40.6061205283852],[-73.80388311859176,40.60607396718842],[-73.80401493337446,40.60613150017502],[-73.80386536617192,40.60631684639449],[-73.80386831780298,40.60654954648679],[-73.80360548827602,40.60693415171219],[-73.80336880000814,40.6070805659805],[-73.80308415747787,40.60746513217984],[-73.80253792293627,40.60781046665622],[-73.80182143319593,40.607958823538794],[-73.8014026364165,40.60822680749568],[-73.8016239788134,40.6083546166374],[-73.80099421230568,40.6086720979108],[-73.79817626416364,40.60899129499079],[-73.79665699659022,40.60896091507148]]],[[[-73.82730192542975,40.60948538975413],[-73.82703816633591,40.60936651441572],[-73.8266845082001,40.60939420601783],[-73.82635029826065,40.60928915257159],[-73.82581355251645,40.608917723174855],[-73.82576470455327,40.608641339005366],[-73.82587414263803,40.60846678499902],[-73.82595767866056,40.608505920725435],[-73.82602526466516,40.60844317140376],[-73.82597585955956,40.608395750478344],[-73.8260471227738,40.60829175026824],[-73.82594903294338,40.60824008030459],[-73.82594911268284,40.60806666545303],[-73.82573583636793,40.607927116699635],[-73.82576814632948,40.60785387411046],[-73.82604799274529,40.60781993570851],[-73.82625433623483,40.608017969621265],[-73.82665821514055,40.60801083572901],[-73.82662347704274,40.60794739995117],[-73.82679109718643,40.60790969086307],[-73.82620422783026,40.60784179339325],[-73.8260123433061,40.60774637875483],[-73.82566738192862,40.607786224920865],[-73.82540715279029,40.60669973580819],[-73.82505892367311,40.605914137723985],[-73.82453724237169,40.60507835259407],[-73.82460558197688,40.60473563330289],[-73.8254302839121,40.60487235969977],[-73.82576428774478,40.60503565751677],[-73.82642183920336,40.60511553737013],[-73.82705327593447,40.60508366473798],[-73.82770657743166,40.605237813032026],[-73.82843248710826,40.60554921844642],[-73.82877591264432,40.60559661903875],[-73.82878326098582,40.60568340131698],[-73.82908602632823,40.60582096635413],[-73.82912105594755,40.6060537028122],[-73.8294029064497,40.60658153070734],[-73.82925713338388,40.607060885748886],[-73.82903972669939,40.607355214176],[-73.82884480109931,40.60729835645121],[-73.82776984301383,40.60776506853883],[-73.827587392221,40.60791516563778],[-73.82765524854463,40.608058866007546],[-73.82747154564672,40.608225317265365],[-73.82727527955392,40.608348637353245],[-73.82707969381761,40.60833308436152],[-73.82726100844924,40.60851533572676],[-73.82745588973158,40.60914898273666],[-73.82760231973977,40.60929775823639],[-73.82754056622606,40.60947589533257],[-73.82730192542975,40.60948538975413]]],[[[-73.8321287690353,40.60951664287505],[-73.83122317315167,40.608829587103884],[-73.83125755293602,40.608679603532956],[-73.83117769201087,40.60868386313108],[-73.83130654975977,40.60841153207004],[-73.83109129069895,40.60855461750361],[-73.83082673307533,40.60847424054287],[-73.83036906958674,40.60824105342195],[-73.83005617447249,40.607924796435675],[-73.82977884969132,40.60711557238396],[-73.82987726436338,40.606322837407134],[-73.83027717637614,40.605978161383156],[-73.83027566963443,40.60588518824119],[-73.83070861009456,40.605627385587056],[-73.83092271504819,40.60536498272343],[-73.83112676934216,40.60524658046801],[-73.83162500905205,40.605185184540986],[-73.83177507584244,40.605094363641506],[-73.83189850087527,40.60509110887381],[-73.83195008173324,40.60527288581041],[-73.8322721296802,40.605143308565616],[-73.83312908190847,40.60527288697719],[-73.83438032360009,40.605152218987044],[-73.83508183225781,40.605253886065896],[-73.8355200607966,40.605457621599875],[-73.83574042804207,40.6057852778572],[-73.83446265554129,40.60719253361177],[-73.83437386502005,40.60785151459003],[-73.83422631300998,40.608051343702336],[-73.83384276416898,40.608403631616376],[-73.83305957439904,40.6088830654062],[-73.83308891760281,40.608984771664495],[-73.8329396684999,40.60898094859694],[-73.83247030669611,40.60946154039569],[-73.8321287690353,40.60951664287505]]],[[[-73.76745926884406,40.62051132256402],[-73.76670827781412,40.61491086568314],[-73.76825959056096,40.615401013475505],[-73.77087500376955,40.61586372321711],[-73.76854868123182,40.62055967877602],[-73.76745926884406,40.62051132256402]]],[[[-73.81251793487094,40.620199822549715],[-73.81261842989106,40.62024805001839],[-73.81268781281688,40.62046327842576],[-73.81260967500953,40.62064741759162],[-73.81251793487094,40.620199822549715]]],[[[-73.7895581428932,40.62279199525532],[-73.78419483198816,40.62089267024374],[-73.78491900312562,40.620478691624754],[-73.78521543076681,40.62006349374462],[-73.78507784902251,40.619966613580836],[-73.78520870265943,40.61923734791804],[-73.78515920006002,40.61864728248359],[-73.78478111816777,40.61833567667887],[-73.78478547486449,40.61798072183565],[-73.78451882678748,40.617982670589534],[-73.7845818498871,40.617855050601456],[-73.78435569021109,40.6177644905876],[-73.78445273734563,40.617556590931756],[-73.78432120689804,40.6175000401255],[-73.78429919287515,40.617353118467],[-73.78442813736362,40.61721627124674],[-73.78446087068211,40.617027834124684],[-73.78418536311051,40.61678985942142],[-73.78415704405519,40.616606204287244],[-73.78390060938848,40.61643191346065],[-73.78390756529659,40.61626790874879],[-73.78381802921345,40.6161404442092],[-73.78344597110012,40.615958589859744],[-73.78322554530014,40.61557873072347],[-73.78298118565313,40.615644367195586],[-73.78248993127501,40.615567549887],[-73.78231042657156,40.61544725686297],[-73.78229527471422,40.61516815367775],[-73.78205109149752,40.61517993165973],[-73.78189090283789,40.61504743389129],[-73.78184222127854,40.6151991201338],[-73.78171700912468,40.61517684879679],[-73.78149577687141,40.61504668348647],[-73.78141597273658,40.614892306702295],[-73.78120399415778,40.61487966338091],[-73.78115934985756,40.61477920968291],[-73.780985977487,40.6147495040399],[-73.7807937650353,40.61458756709255],[-73.78070887195283,40.61402680900606],[-73.78085046409926,40.613951190723704],[-73.78114906073209,40.613998270977376],[-73.78112055054561,40.61387581550596],[-73.7809218586961,40.613731004844325],[-73.78090621621647,40.61360367661891],[-73.78115999778085,40.6136017127873],[-73.78126051102045,40.61331793300268],[-73.78177836610467,40.613113284298024],[-73.78197506772605,40.61288354264384],[-73.78261557467621,40.61249796863704],[-73.78287901348989,40.61248867529315],[-73.78302450498049,40.612200083189386],[-73.7834586135197,40.61206136536834],[-73.78355221437404,40.61192445198106],[-73.78371299347843,40.61187334570291],[-73.78382814992248,40.61202289154746],[-73.78394373670243,40.61204024478643],[-73.78447437567272,40.611850295948706],[-73.78464086652882,40.61201952090838],[-73.7847728543081,40.611931639093974],[-73.78497523353337,40.61192957008833],[-73.78507185385064,40.61185141469738],[-73.78507251590146,40.61164578191851],[-73.7852242315061,40.611415951243174],[-73.78577809315796,40.61099347707098],[-73.78621843179218,40.61091106458293],[-73.78646972800934,40.6106789689818],[-73.78684518697278,40.61079472358842],[-73.7871989741248,40.61065584116475],[-73.7871998481021,40.61038166541617],[-73.78741544568325,40.61026211059463],[-73.78757610833075,40.61024527171088],[-73.78770742637627,40.61036546726001],[-73.78791326214522,40.610285062198095],[-73.78785894330079,40.61019438497852],[-73.7882414091315,40.61012654606592],[-73.78829264835377,40.61017560060244],[-73.78837012007149,40.610055790335814],[-73.78853725283804,40.610024273709556],[-73.78859475483434,40.610124748560004],[-73.78865910627547,40.61009059422699],[-73.7887951403108,40.60973588101191],[-73.78876011660967,40.60963789567912],[-73.78908160165909,40.60955280596747],[-73.78911746802308,40.6093839576823],[-73.78901840238645,40.60922220694482],[-73.78995389362198,40.608981566828774],[-73.79011167083347,40.60885945333065],[-73.79001264272644,40.608685463307125],[-73.79047269491804,40.60845618791453],[-73.79046997488503,40.608299509724546],[-73.79038020614568,40.60824549017318],[-73.7905444442656,40.60811114765324],[-73.79072104674592,40.608131053544184],[-73.79085621325443,40.60804806724558],[-73.79087659100047,40.60769558928767],[-73.79133899604274,40.60773804635668],[-73.79139721012226,40.607610854245],[-73.79159894942168,40.607809510118294],[-73.79151114690586,40.608154521417],[-73.7911575130461,40.60825180088683],[-73.79107360039092,40.60837894565791],[-73.79117287672476,40.60847459910892],[-73.79147410140476,40.608702812013185],[-73.79173302638982,40.608759343533464],[-73.79274948626484,40.60864636587311],[-73.79321161830435,40.60877939120727],[-73.79340051851568,40.608978020946864],[-73.79365104095642,40.60898581496933],[-73.79394893617136,40.609255631536364],[-73.79384564915266,40.609417016248315],[-73.7945416651454,40.60974874548244],[-73.79446116506642,40.609812249676544],[-73.79455369214458,40.61001560182977],[-73.79480995093282,40.6102486207517],[-73.79480633875352,40.610378359476286],[-73.79505655097407,40.61048896619446],[-73.79566026939233,40.61054634584683],[-73.79689556095903,40.61100876317962],[-73.79696581925703,40.61114352917758],[-73.79736731722666,40.611154028935836],[-73.79735739829847,40.61124703717338],[-73.79745676195705,40.61131820439642],[-73.79837869240349,40.61131248126384],[-73.79850705499888,40.61135432249611],[-73.79852584119676,40.61151592428709],[-73.79898529394642,40.61148245671422],[-73.79912946875938,40.61160755768721],[-73.7991123901826,40.61194535468883],[-73.79917318059806,40.612026245926856],[-73.7997068564905,40.61188029606458],[-73.80001595851071,40.61163848040795],[-73.80053951677071,40.61165163082725],[-73.80056162893825,40.611776517614935],[-73.80080125919478,40.61193390448178],[-73.80023948919145,40.61208196016945],[-73.79999067005417,40.61257358032988],[-73.80008978990148,40.6127279776091],[-73.79993435271605,40.6131438700306],[-73.79931694077327,40.613358220591735],[-73.79935178325519,40.6135222981804],[-73.7996502507517,40.61361584381587],[-73.7996851015325,40.61377747354066],[-73.79951767033212,40.61390692658466],[-73.79950698933797,40.614254526643506],[-73.7994425953031,40.61430337542777],[-73.79950678346574,40.614323071582284],[-73.79949960873964,40.614572756848034],[-73.79936741505963,40.61473409516345],[-73.79940224366793,40.61490306973779],[-73.7990025211957,40.615362599333686],[-73.7990567414784,40.615492438716764],[-73.79900828287818,40.615582931234584],[-73.79878672560162,40.61554482587289],[-73.79877337735124,40.6157147131201],[-73.79854465662893,40.61588959614431],[-73.7983729305717,40.61574738220408],[-73.79816300611748,40.61571609028377],[-73.7980659971718,40.615926450481965],[-73.79818388949272,40.61594833693453],[-73.79821099349054,40.61606036618434],[-73.79806090374748,40.616326916630335],[-73.79727592477158,40.61666041295648],[-73.79726824101273,40.616804379966766],[-73.79743334153846,40.61691923278827],[-73.79741033823515,40.6171467132062],[-73.79713317353568,40.61738137915957],[-73.79724298146036,40.61759376347141],[-73.79678304311854,40.617704722827874],[-73.7968150682218,40.618038870033764],[-73.79700484778857,40.6183799439582],[-73.7963556790424,40.61845468453555],[-73.79634215632736,40.61867498251826],[-73.79622603236331,40.6188290025059],[-73.79628362735394,40.618904992330016],[-73.79618784055113,40.61905453768128],[-73.79629197255329,40.61932851423583],[-73.79612434843372,40.61951426669932],[-73.7961883089091,40.61960985302939],[-73.79592429813597,40.61979788220806],[-73.7955953430856,40.620211012602304],[-73.79547507898167,40.62076490218594],[-73.79554027260323,40.62091262917236],[-73.79528116515725,40.62099105817692],[-73.79502286258906,40.621291907786116],[-73.79504121343679,40.62142816826514],[-73.79523389664267,40.62160671836823],[-73.79482957564527,40.62182737813389],[-73.79461127502168,40.6217312626505],[-73.79446685514513,40.62178570031389],[-73.79445896084741,40.621986921810475],[-73.79470650023164,40.62218068345662],[-73.79457567259439,40.62251914990216],[-73.7942289526839,40.6226663510713],[-73.79354688017308,40.622695487820714],[-73.79226568069983,40.622339428253824],[-73.79142802632457,40.62227765734301],[-73.79075818793464,40.62232836882704],[-73.79033505540899,40.62259637410597],[-73.78985131948595,40.622607861727865],[-73.7895581428932,40.62279199525532]]],[[[-73.8317818278285,40.624317100727076],[-73.83227940196075,40.623735169593665],[-73.83251299388529,40.623010304880594],[-73.83241551492004,40.622924796385576],[-73.8326048500616,40.62293456810952],[-73.83260315461322,40.62286629872428],[-73.83275070786554,40.622828112805955],[-73.83309705335267,40.622414746338606],[-73.83311492954057,40.62198383493356],[-73.83324923690077,40.62201674121421],[-73.83319538901131,40.62190430604085],[-73.83305164268815,40.62191405329809],[-73.8331082202417,40.62168088857447],[-73.83368214864463,40.621381306355474],[-73.83362241936116,40.62260263983393],[-73.83335781963935,40.622559727163576],[-73.83308424999312,40.62276139780569],[-73.83303086384613,40.623067360007525],[-73.83322850123331,40.62335651084696],[-73.83300795745049,40.6235263461007],[-73.83303289233153,40.62365386605302],[-73.8329234308734,40.623793486218986],[-73.83271697545472,40.623767781389056],[-73.83267620048598,40.623908275227016],[-73.8327713438081,40.62403071789868],[-73.83278939985583,40.62386147483571],[-73.8330373371995,40.62377384306767],[-73.8330631088395,40.62369126103527],[-73.83325934713513,40.62383125933998],[-73.83332936417109,40.62368157131512],[-73.83326601632935,40.623631773425636],[-73.83340903770527,40.62354801788834],[-73.83357550576054,40.62359791761358],[-73.83355923814358,40.62393603500176],[-73.83315963604423,40.62419691415282],[-73.83269995491797,40.62422803677827],[-73.83215639047374,40.62469217891873],[-73.83202017250997,40.62467906515581],[-73.83179316908152,40.624473585581946],[-73.8317818278285,40.624317100727076]]],[[[-73.77348560352752,40.625113148719954],[-73.77381024409397,40.62492559673115],[-73.77383258726536,40.624944848253634],[-73.77348560352752,40.625113148719954]]],[[[-73.8122341915072,40.62530008786395],[-73.8123291937485,40.62470518684184],[-73.8122505778737,40.62455183351797],[-73.81243857462384,40.62453469825414],[-73.81243789543497,40.62439644777375],[-73.81219938914356,40.62407387648187],[-73.81173457107452,40.623866777666265],[-73.81168078177565,40.62364964420236],[-73.81208344133816,40.62339172791084],[-73.81231200816633,40.62337977768193],[-73.81251579982312,40.623539448327776],[-73.81252991145611,40.62313395335935],[-73.81301265177471,40.62226022792422],[-73.81325095310461,40.62255809257776],[-73.81301242929258,40.62356434768019],[-73.8130319049184,40.6238567684221],[-73.8139968299479,40.62499917262055],[-73.81386198761575,40.62504389942085],[-73.81411920864062,40.6251979012286],[-73.81442910028633,40.6251867830369],[-73.81447870774272,40.625470874311084],[-73.8143748449195,40.62566108804537],[-73.81393035212866,40.62580779309218],[-73.81383288662272,40.625926233997795],[-73.81260003546423,40.62631886755726],[-73.81249149581198,40.62654067531403],[-73.81225596194288,40.62638627174055],[-73.81198752013151,40.62602204367667],[-73.81203711143328,40.625653203278425],[-73.8122341915072,40.62530008786395]]],[[[-73.7989766379127,40.62533756241364],[-73.79866235888946,40.62537182585353],[-73.798324523669,40.62492576633419],[-73.79786755353564,40.624644105020806],[-73.79781573308159,40.6244531539525],[-73.7979652912656,40.62435449039977],[-73.79820877848083,40.624457245183216],[-73.79854139796697,40.62469943221239],[-73.79858507044544,40.62490145172894],[-73.79875482519334,40.625077757645165],[-73.79941960846247,40.62480428199549],[-73.80037265255028,40.624108342202824],[-73.80036269148364,40.623935098076174],[-73.79965866928599,40.62419556834497],[-73.7992270150971,40.62419346487138],[-73.79921493427757,40.624084712988704],[-73.79896265762476,40.62395164513465],[-73.79869931749063,40.623664822864214],[-73.79867716995602,40.62343495448778],[-73.79974914103401,40.62105400968609],[-73.79975312732454,40.62041496602114],[-73.79983636671929,40.62005774198484],[-73.80016273997366,40.619626849807965],[-73.80055647841446,40.61947362883495],[-73.80074082485005,40.61948507714906],[-73.8011217454249,40.619698781365905],[-73.8012738294861,40.61983394795827],[-73.80144646728809,40.62034472021757],[-73.80181355944465,40.62083123731026],[-73.80206419853624,40.62079091379661],[-73.80198945377155,40.620392019640725],[-73.80151962681802,40.61939339059039],[-73.80131044905615,40.618542873261966],[-73.80149300444477,40.61840938504075],[-73.80151104449266,40.61772390856523],[-73.80187093706914,40.61676936059185],[-73.8024226082859,40.61581813914129],[-73.80267303157021,40.615686217130566],[-73.80347411308011,40.614400964427716],[-73.80362092326966,40.61602056512737],[-73.80379889207153,40.616312256396945],[-73.80453517195949,40.61698403676418],[-73.8044787116854,40.617553415263124],[-73.8045738080003,40.617633703700676],[-73.8049256253514,40.618587594611945],[-73.80515297076712,40.618713757949216],[-73.80520072780197,40.618886520145985],[-73.80589870617261,40.61961911276764],[-73.80588518289862,40.6197318880241],[-73.80564293053327,40.619891760104565],[-73.80640927866769,40.621113071186436],[-73.80616722810306,40.62137379408142],[-73.80629105268979,40.62173604591741],[-73.80615277781308,40.6218259366704],[-73.80640950588551,40.62233955602615],[-73.80594981646296,40.62338033944919],[-73.80541649344103,40.62379186193321],[-73.80501834123666,40.623753801546535],[-73.80484991332492,40.62379358103284],[-73.80486848799268,40.623858604991355],[-73.8046603866242,40.62384293892274],[-73.80469918889392,40.62398747678823],[-73.80444707240223,40.62403666582976],[-73.80428153547021,40.62428606354052],[-73.80365377301744,40.62468100369328],[-73.80294573123143,40.624718003830466],[-73.80196629631449,40.62522781432319],[-73.80162741972283,40.62559619023175],[-73.79956441906673,40.62612023504819],[-73.79923077405932,40.62631734647613],[-73.79906021857246,40.62658052642458],[-73.79884551336612,40.62653636874066],[-73.79831656079713,40.62618185121418],[-73.79759190359371,40.62610142269964],[-73.7989766379127,40.62533756241364]]],[[[-73.81429373224096,40.62914240124349],[-73.81466886840825,40.627502561822915],[-73.8153154921298,40.627758545020605],[-73.81617361616055,40.62890143469654],[-73.81644551897877,40.62983606492812],[-73.81596975872556,40.63037871835661],[-73.81527605467669,40.63022810523292],[-73.81467414305273,40.629985289404814],[-73.81429373224096,40.62914240124349]]],[[[-73.83597646795329,40.63221669503605],[-73.83592165408902,40.63213033577143],[-73.83506314024721,40.63184423697649],[-73.83506421195499,40.631725749520704],[-73.83570839895008,40.6313166974463],[-73.83593708948987,40.6313496530941],[-73.83613554776493,40.63148751334133],[-73.83618912094076,40.63164536536981],[-73.83619745652483,40.63203014836595],[-73.83597646795329,40.63221669503605]]],[[[-73.82337592129475,40.63898765539522],[-73.82277105438676,40.63557691408522],[-73.82233726122205,40.634729788664586],[-73.82198201352168,40.63362622415184],[-73.82187158512221,40.63294928432899],[-73.82184604252674,40.632040188940096],[-73.8210750553359,40.62973377356121],[-73.8206721594249,40.62891486142964],[-73.820233475854,40.62823890583334],[-73.82010003490933,40.62781703564097],[-73.81993847689746,40.62768208504802],[-73.81825637269327,40.62699602275209],[-73.81823704918678,40.626387104218274],[-73.81788868031326,40.62590844964114],[-73.81623096121099,40.62468982584848],[-73.81617548983215,40.62441263953257],[-73.81675264711568,40.623948497825864],[-73.81795284720685,40.62409328011756],[-73.81864345115447,40.62337490435807],[-73.81866204286588,40.62288315669565],[-73.81754878054136,40.62208740125605],[-73.81757890289501,40.621756160375135],[-73.81672238365348,40.62156829339567],[-73.81662369893353,40.62196723448258],[-73.81620712114656,40.62208787775467],[-73.8153871909272,40.6214977796409],[-73.81530722245182,40.62068726510901],[-73.81543174704281,40.62011653124242],[-73.81718053878453,40.61926727449339],[-73.81744426111263,40.61891175490671],[-73.81744645139102,40.618110895991364],[-73.81764711074587,40.61761194496051],[-73.8177742983464,40.61750112119325],[-73.81751717814184,40.616396411662066],[-73.8171684613695,40.615843198224994],[-73.81711893622064,40.61528219284823],[-73.81652681178392,40.614947009657755],[-73.81749810970042,40.61421413256955],[-73.82017347951877,40.615180619137874],[-73.82075892504568,40.61523268018794],[-73.82141601575294,40.61505476443638],[-73.82234960971456,40.61426002619544],[-73.82410327024171,40.61232609748477],[-73.8246745163808,40.61241991362018],[-73.82473943706756,40.61254932058968],[-73.82460797477681,40.612907205485406],[-73.82468584347531,40.61307641875681],[-73.82520683961239,40.613494977196105],[-73.82525834646223,40.613763619289884],[-73.8255575899775,40.614132105213514],[-73.82575322105271,40.61419208154027],[-73.82609287085887,40.6140831812246],[-73.82619749647583,40.61400376542807],[-73.82619778134844,40.61389435100928],[-73.82635390865963,40.61378615702382],[-73.82662889857608,40.61374580085579],[-73.82703834217757,40.6133950021528],[-73.8272563663286,40.613378714627274],[-73.82758192904869,40.61366765928377],[-73.82772568490178,40.613598247665124],[-73.82787525471664,40.613697629101175],[-73.82769886107026,40.61387671726723],[-73.8272415366104,40.61406502057111],[-73.82750222609408,40.61420466722297],[-73.82845503182496,40.61421603915189],[-73.82900287951898,40.614356110077324],[-73.83009815098151,40.614805339557634],[-73.83091996001424,40.61500548703367],[-73.8314812223769,40.61500631122835],[-73.83202970840816,40.6148976993572],[-73.8324609196554,40.61470933981145],[-73.83401888134374,40.61438116692243],[-73.83370152118083,40.62097860234742],[-73.83305141576847,40.62125840280486],[-73.83254808933157,40.62175118579051],[-73.83225321864289,40.62173511103496],[-73.83184042639684,40.62185113215701],[-73.83158798714337,40.62203280792532],[-73.83178020243537,40.62204731189666],[-73.8322547463697,40.621870225964884],[-73.83244686494334,40.621923128689694],[-73.83267659705902,40.62186372996045],[-73.83288847088699,40.62222670808279],[-73.83285087802793,40.62233189820399],[-73.83273131183289,40.62237439160549],[-73.83275895717289,40.622515233300305],[-73.83258868618613,40.62268138655907],[-73.83247311375645,40.622620062054246],[-73.8324877968946,40.62271963993804],[-73.8322618552963,40.62275486703164],[-73.83140373081574,40.622403626134684],[-73.83101572467703,40.622776204327906],[-73.83068121153819,40.62262568332926],[-73.83052370974471,40.62235360434425],[-73.83038723126813,40.62239084765799],[-73.8304240238869,40.62245956070888],[-73.83023196974978,40.622571948430526],[-73.83021033794219,40.62290112734757],[-73.83007365663893,40.6230435247979],[-73.8302044500389,40.62339933599715],[-73.830061159099,40.62341496934049],[-73.829956447072,40.62370529463867],[-73.82986943301185,40.62339708064706],[-73.82978788833101,40.62366279286652],[-73.8294780269887,40.62376268123582],[-73.8291880922338,40.624200612855745],[-73.82919022779845,40.62426927445618],[-73.82930569906311,40.624290571538964],[-73.82936137582578,40.624202629574256],[-73.82966176956334,40.62419251267328],[-73.82978902781267,40.62412228166232],[-73.82991439623602,40.62388656185418],[-73.8301132480132,40.62382876065499],[-73.83018571966323,40.62349613543355],[-73.83031775744949,40.62336253297858],[-73.83052465124482,40.62286638154589],[-73.8303329445102,40.62284145156669],[-73.83041434354294,40.62263207389433],[-73.83087816625292,40.62286162045542],[-73.83087767556657,40.62305527344121],[-73.83060452993823,40.62325556641176],[-73.83071254214533,40.62348458879443],[-73.83065902048344,40.62363415177496],[-73.83070726903178,40.623741611968654],[-73.83051059004048,40.623853993167415],[-73.83055419450986,40.62397024972475],[-73.8304615157621,40.62407222103477],[-73.83059103417509,40.62402135765423],[-73.83055446714066,40.62386286099446],[-73.83069550147275,40.62382609813258],[-73.83076749772157,40.62368008379537],[-73.83065303587529,40.623260919394404],[-73.83072951947857,40.62316772588815],[-73.83097680227536,40.6231434436802],[-73.83109518037863,40.622928837873296],[-73.83153198708683,40.622878424490416],[-73.83192859030004,40.62319589289803],[-73.83191502430685,40.62307792088486],[-73.83166584821893,40.62293671697016],[-73.83174224483264,40.62287697302153],[-73.83213427171916,40.62317682822493],[-73.8321559345708,40.62330545146655],[-73.83165909439236,40.623865461486105],[-73.83154862281849,40.62409694559084],[-73.831178064402,40.624336421891925],[-73.83096500894166,40.624576129016575],[-73.83092041000708,40.624830037775226],[-73.83134486557041,40.625006488972424],[-73.83117219170973,40.625209973436384],[-73.83101840487433,40.625187420237175],[-73.83076902736457,40.62530427213957],[-73.830768694767,40.62543544485969],[-73.83095160908653,40.62552781504829],[-73.83067982779093,40.6258120894433],[-73.83062761781223,40.62617762365351],[-73.83082381413601,40.62681145240557],[-73.83166916554944,40.62713364976925],[-73.8321787436578,40.626969729985774],[-73.83230301430359,40.627078757910446],[-73.83229881836264,40.62729086173797],[-73.83219237956416,40.62737443473461],[-73.832382711488,40.627433321553085],[-73.83247393097163,40.62757579130979],[-73.83228937353509,40.6281337074823],[-73.83194146344871,40.62809970857498],[-73.83177644033681,40.62817203073235],[-73.83156686812174,40.62847872641973],[-73.83161746228544,40.62875231064673],[-73.8318772216761,40.62888107357643],[-73.83163269210466,40.628523477340465],[-73.8316843562244,40.62837284292996],[-73.83184926610694,40.628345175249116],[-73.83180924629548,40.62823627013067],[-73.8318863203069,40.628177774355166],[-73.83207673193616,40.62820596126898],[-73.83213874488474,40.62830931583892],[-73.83216452674941,40.628253535341386],[-73.83262605056804,40.62826537176936],[-73.832618998135,40.62815651508956],[-73.83277644861103,40.62818186282611],[-73.83301154481222,40.62791985819378],[-73.83304100841805,40.628261271059756],[-73.83286528731682,40.62840835026277],[-73.83289548956779,40.628903478733164],[-73.83236036671096,40.629142258250084],[-73.83196080702167,40.62965272987851],[-73.83183334645669,40.63032330372599],[-73.83189666398192,40.63057239405233],[-73.83160808629125,40.631590329452116],[-73.83119929287734,40.632374581608936],[-73.83114653238903,40.63284391253643],[-73.83133112864137,40.63361769142781],[-73.83193878472683,40.63423622542862],[-73.83195787786688,40.634978880565974],[-73.83231345409078,40.63529880897386],[-73.83249094435592,40.635578552338366],[-73.83245895783436,40.63579410695776],[-73.83309423850446,40.63743998865135],[-73.83340607979225,40.638501355899244],[-73.83289974361324,40.638862684564415],[-73.83221658819181,40.638928490220955],[-73.82866782109734,40.63661471844817],[-73.82808567353285,40.63587972683679],[-73.82591657949192,40.63574741304011],[-73.82505098248626,40.63590526047224],[-73.82443032497304,40.636216520035724],[-73.82413577689938,40.638787997207366],[-73.8245737989033,40.63935387323939],[-73.82419331921291,40.639954072163256],[-73.82337592129475,40.63898765539522]]]]}},{"type":"Feature","properties":{"ntaname":"Jacob Riis Park-Fort Tilden-Breezy Point Tip","boroname":"Queens","ntatype":"9"},"geometry":{"type":"Polygon","coordinates":[[[-73.86286892145503,40.56683057154493],[-73.86268391251231,40.566505656043674],[-73.86300482943784,40.566875957731035],[-73.8634930636021,40.56703431173419],[-73.86475323748427,40.56665257435272],[-73.86557608357211,40.56656001470033],[-73.86661089295467,40.56609386569155],[-73.86630941232441,40.56554606412505],[-73.86663005715064,40.56609011165424],[-73.8668840105974,40.566083976778835],[-73.86848694779975,40.565527010300954],[-73.86825117550175,40.56506948945982],[-73.8685275320513,40.56554546343394],[-73.86862321827094,40.565538008775185],[-73.86924996432208,40.56538476045356],[-73.87062214815248,40.56481330949432],[-73.87027588464699,40.56417465359755],[-73.87064094150506,40.56480994572014],[-73.87091316206484,40.56476458551091],[-73.87263971214556,40.56408418402621],[-73.87237878047488,40.56357511555652],[-73.87274649784031,40.56410544783503],[-73.87320628036977,40.564060272247076],[-73.87395269015373,40.563808644353514],[-73.87393207366158,40.56376293381853],[-73.87399452334085,40.5638016668985],[-73.87454889068532,40.56363553743524],[-73.87459894328933,40.56350864633121],[-73.87502737309381,40.56349195336151],[-73.8753238827359,40.563396032697014],[-73.87528374470891,40.5633099300309],[-73.87533837321412,40.563391487089085],[-73.87598962645154,40.56316690627349],[-73.87595337985894,40.56308953048481],[-73.87600434730521,40.56316186728728],[-73.87624642690405,40.56310099654799],[-73.87663325247196,40.56286386804416],[-73.88026644423222,40.561532741337615],[-73.8802902225469,40.56137455089703],[-73.8804574880559,40.561474064133094],[-73.88128249221315,40.561372133879765],[-73.88241586728299,40.560910897001726],[-73.88237441679654,40.56076043131257],[-73.88252057000679,40.56088139491102],[-73.88324741562239,40.560855921485285],[-73.88488436886676,40.560182368041346],[-73.88485949479866,40.56004280745817],[-73.88495111801016,40.56016017455559],[-73.88511277798881,40.56015096173744],[-73.88611109684388,40.55992191953193],[-73.88696170683083,40.559558154144696],[-73.88697510801244,40.55940048249612],[-73.88707182997247,40.559542104885985],[-73.88789256106386,40.559510651379725],[-73.88938592100853,40.55892039964483],[-73.88961883994118,40.55879238897413],[-73.88963947542898,40.558664351794214],[-73.88971251660598,40.55877239782655],[-73.8902165355367,40.55881154861922],[-73.89079589630367,40.55861937890735],[-73.89192354828316,40.55816042202782],[-73.89208699685538,40.55804822513752],[-73.89213864330381,40.557871540990995],[-73.89226637138374,40.55802542116527],[-73.89252745099394,40.558119293542724],[-73.89347065050556,40.55794557863876],[-73.89495142499342,40.557293925912184],[-73.89491817266482,40.55707879529328],[-73.89518458696956,40.557385037151036],[-73.89551188771007,40.55741427065245],[-73.89699522942584,40.556891792141535],[-73.89708358566905,40.55679596449724],[-73.89707956116767,40.55665743308479],[-73.89735688619393,40.5569984225394],[-73.89799514796813,40.55710213718042],[-73.89911718426406,40.55680035379436],[-73.89912995213602,40.556641173110755],[-73.89921346312974,40.556712099971264],[-73.89956037449603,40.55670666825193],[-73.89980226292084,40.55663175736063],[-73.89982669455507,40.55652451488884],[-73.89990205638642,40.55662042939499],[-73.90027595919126,40.55660389428083],[-73.90053827001803,40.5565258558039],[-73.9005858178681,40.55642220902446],[-73.90070115450013,40.55663356804024],[-73.90124001643903,40.55675974357853],[-73.90279422679708,40.55673299509442],[-73.90405869291789,40.55647148685344],[-73.9065857492389,40.55571062537718],[-73.91625684813248,40.55197106611891],[-73.91948122277849,40.550624815347184],[-73.92641909396755,40.54815578082271],[-73.93054631827445,40.546425920804815],[-73.93611852939223,40.544516414323226],[-73.93889756292747,40.543239735702464],[-73.93966517054302,40.54300419679985],[-73.94047161197727,40.54286312131318],[-73.94055777426162,40.54186051024054],[-73.94073545513277,40.541833959950644],[-73.94012970302194,40.54800529233841],[-73.94008471877939,40.550545943553054],[-73.94026022899975,40.55136784722428],[-73.94029583545688,40.55199201532475],[-73.94011914893782,40.55323263701444],[-73.93982084254529,40.55403368406173],[-73.93950584365908,40.55461039582194],[-73.93865563831596,40.555676592264085],[-73.93683777099544,40.55678136520471],[-73.93628494835441,40.55699946785264],[-73.9350941213122,40.55726953322655],[-73.93330389329637,40.55733416265583],[-73.93222204028586,40.55767634195955],[-73.93167191793873,40.55684931686535],[-73.93118650863464,40.55701583182941],[-73.9304248533454,40.555583318674685],[-73.930563766187,40.55552211613118],[-73.92982291841876,40.55407486354017],[-73.92965374184043,40.55412492418306],[-73.92909878189855,40.5530934450982],[-73.92825926895671,40.553367989407846],[-73.92733925646232,40.55351231498849],[-73.92643642635298,40.553862215121775],[-73.9220661243609,40.555149256470564],[-73.92098631305944,40.55627509443784],[-73.91360361759895,40.556468074544256],[-73.91316528115104,40.55634321413972],[-73.90988945776235,40.556673070095826],[-73.90989988448572,40.557117218095414],[-73.91007829226305,40.55731442046929],[-73.90995298927656,40.56050111325404],[-73.91009502203336,40.56077236384627],[-73.90807296392244,40.56079372322122],[-73.90333022874579,40.56184661676776],[-73.88275680158246,40.567569862123555],[-73.88313094708417,40.56838062601359],[-73.88262970640679,40.56836892982529],[-73.88192258910146,40.568731441525756],[-73.88121987918436,40.56877558101379],[-73.88045583266582,40.568674379943374],[-73.87867467361698,40.56863993983815],[-73.87740017966797,40.56892617883142],[-73.87598454034324,40.569519790674306],[-73.86663956227096,40.574099219437215],[-73.86288301824888,40.576059761756724],[-73.86275061444641,40.575857984980566],[-73.86341227808165,40.57531647766578],[-73.86396641925973,40.575026786720294],[-73.86334740002482,40.57402123244791],[-73.86361132886364,40.573823057520556],[-73.86449302823391,40.573542775758376],[-73.86457245212301,40.573690011971344],[-73.86668359874169,40.57298832953369],[-73.86454176023068,40.569242922955695],[-73.8644663277925,40.56914178602342],[-73.86406802236604,40.56929797921296],[-73.86308767462845,40.56759772886877],[-73.86286892145503,40.56683057154493]]]}},{"type":"Feature","properties":{"ntaname":"St. George-New Brighton","boroname":"Staten Island","ntatype":"0"},"geometry":{"type":"Polygon","coordinates":[[[-74.0725813387358,40.637941875094846],[-74.07683997648454,40.637750259620645],[-74.07854540010258,40.6382933801089],[-74.0787883103561,40.63826855858673],[-74.0817794038654,40.636623014756104],[-74.08373397144585,40.6357371450629],[-74.08587882767334,40.63669159050727],[-74.08690592762002,40.63585724413707],[-74.08870582185955,40.63684520728473],[-74.089221676938,40.63608808091553],[-74.08970378205498,40.63568250148734],[-74.09059119286292,40.63546512007298],[-74.09243893991965,40.63559638474302],[-74.09338942252323,40.63659955499582],[-74.09386276318475,40.63802491759026],[-74.09409312424094,40.63926691373153],[-74.09767290634886,40.63896067917182],[-74.09787969021829,40.64035805599777],[-74.09990409604531,40.64016295461394],[-74.10039166579939,40.64311836615891],[-74.09956938841523,40.64315528211751],[-74.09971600240254,40.64475887116169],[-74.10090273138744,40.644773235425575],[-74.10072755507719,40.64501329209228],[-74.10013234597835,40.644920377242215],[-74.10013219187458,40.645064051455854],[-74.09880066885808,40.64504703431097],[-74.09849981559599,40.64537036245709],[-74.09604555281581,40.64537274744287],[-74.09468500921261,40.64555571773497],[-74.09298828187646,40.645972780752665],[-74.09300507296237,40.64607631431444],[-74.09135697942078,40.64670072460328],[-74.0893975253534,40.64731035953143],[-74.08767442615581,40.64823529411806],[-74.08570754378212,40.64888055337064],[-74.08484403215716,40.648891147339626],[-74.08390321664164,40.648581669190676],[-74.08221272914936,40.64828016229026],[-74.0814222820368,40.64850472494444],[-74.08051823722374,40.64824551473335],[-74.07980996428704,40.64838331298811],[-74.07899546333257,40.64814255442262],[-74.07650657152918,40.646968818686126],[-74.07445282563586,40.645067487718244],[-74.07407812091218,40.64508432891085],[-74.07395839976465,40.645193205445715],[-74.07359107919277,40.64499892804317],[-74.07349851367674,40.64508337397787],[-74.07382911232229,40.64531177264545],[-74.07377880342953,40.645356298464414],[-74.07385653684669,40.64542481559722],[-74.07333813856928,40.645783115659846],[-74.07324539464906,40.64570492577229],[-74.07369011806443,40.64530572405497],[-74.0732385381076,40.64496386391],[-74.07302520507146,40.64513123781774],[-74.07320225954753,40.644943941746284],[-74.07301240029496,40.64483867970196],[-74.0730555981574,40.644807917841526],[-74.07342590747531,40.6450005675102],[-74.07327272901475,40.644916278973085],[-74.07334517133617,40.64485025792913],[-74.07312184183509,40.644714799469135],[-74.0727985034155,40.64491012427151],[-74.0725877555387,40.644790863173824],[-74.07270308267547,40.64464559512514],[-74.07256468233008,40.64471974936093],[-74.07257551719216,40.64461768538877],[-74.07266630771204,40.6446209206597],[-74.0725322202573,40.64455679217041],[-74.07272467145079,40.64462088376627],[-74.07278260546951,40.64449184001802],[-74.07269828799026,40.64444127346753],[-74.07165829759784,40.645033746435196],[-74.07230919046737,40.644577753052324],[-74.07216148380604,40.6445815348067],[-74.07201843213238,40.644411932941026],[-74.07229190281822,40.6442660478206],[-74.07218488601669,40.64411046539531],[-74.07186080870875,40.64420176177033],[-74.07175648087836,40.64401184600137],[-74.07205817506036,40.6439004276988],[-74.07200080155476,40.64378113296976],[-74.0716496940852,40.6437868857248],[-74.07159679201104,40.64346015698622],[-74.07135612110707,40.643497305059206],[-74.07149090063892,40.643428740586074],[-74.07141659716515,40.643193109595934],[-74.07113105720936,40.64320526367847],[-74.07150263147402,40.643129304193074],[-74.07147777322615,40.64280829377516],[-74.07164540901461,40.64280035968082],[-74.07164892198941,40.642679931177234],[-74.07170351967268,40.642796335280146],[-74.07218434969096,40.64271409379185],[-74.07210952444632,40.64246321679294],[-74.07037430990596,40.642691403053334],[-74.07032923715443,40.64252612863507],[-74.07323829183652,40.64218473658512],[-74.07314400519942,40.64185297347557],[-74.07024658698714,40.64220697479965],[-74.07019399559219,40.642007502805484],[-74.07308689819328,40.64163681446722],[-74.07289005609574,40.64092267237364],[-74.07196280895701,40.64099557976127],[-74.07180500367038,40.64102934375642],[-74.07181141822977,40.64112312470468],[-74.07001849082815,40.641278132740645],[-74.06998354653952,40.641068943116984],[-74.0728504119488,40.64080368794263],[-74.0727769001111,40.640528963147524],[-74.07307725837745,40.640513311796504],[-74.07309035578784,40.638618999686045],[-74.07292933384748,40.63859264983843],[-74.07292601136403,40.63844115506278],[-74.07301444562154,40.63840938361642],[-74.07267024642117,40.638376390129515],[-74.07260933867623,40.6382268953212],[-74.07238852950296,40.63824526599691],[-74.07237941129381,40.63816272607427],[-74.0726063273152,40.63813630784501],[-74.0725813387358,40.637941875094846]]]}},{"type":"Feature","properties":{"ntaname":"Tompkinsville-Stapleton-Clifton-Fox Hills","boroname":"Staten Island","ntatype":"0"},"geometry":{"type":"Polygon","coordinates":[[[-74.0725813387358,40.637941875094846],[-74.07257275212663,40.637871910378685],[-74.0734835373575,40.63778735793621],[-74.0734563615981,40.63765394568584],[-74.07353447593366,40.63764172263244],[-74.07337342888036,40.6366107256396],[-74.07210395164897,40.63672523098939],[-74.07209483807563,40.636647278127334],[-74.0733582204565,40.63653609466792],[-74.07290753967675,40.63363436818376],[-74.07332821316406,40.63205844299052],[-74.0729847461238,40.630308979484234],[-74.06802173543952,40.62878758518564],[-74.06813019247991,40.62853904609168],[-74.07291177870592,40.6299963794071],[-74.07251259340856,40.62776877842758],[-74.07239900550856,40.627631101029166],[-74.07229520282672,40.62713842700826],[-74.07319206053835,40.62707053042593],[-74.07349646895571,40.62696756958318],[-74.07351582307808,40.626864261001174],[-74.07564613582021,40.62666371855681],[-74.07423325020851,40.624221079210145],[-74.07292873883453,40.62297167522699],[-74.07116568639002,40.62069878729369],[-74.07118111055189,40.6199790272417],[-74.07140608211206,40.61943137895052],[-74.07183292978974,40.61890075146664],[-74.07225884799016,40.618523275339875],[-74.0737445943214,40.61764077336026],[-74.07454676782186,40.616942929617856],[-74.07487805573737,40.61742137555254],[-74.07630753780245,40.616564870732354],[-74.07831765670772,40.61556147078856],[-74.08110332392782,40.61778874603954],[-74.08720982761629,40.61330697400763],[-74.08747218473557,40.614560803338065],[-74.08782337070241,40.61508780016452],[-74.0878514758857,40.61524307368418],[-74.08657157702844,40.61716938672178],[-74.08618571643342,40.618057359104704],[-74.08581269091128,40.62037554953417],[-74.08524991499915,40.622800871287005],[-74.08496211810699,40.62462523303416],[-74.08415419721771,40.626267115431595],[-74.08362236749537,40.626922578123505],[-74.08306246802614,40.627312504419436],[-74.08261621655829,40.62743470127208],[-74.08222094130656,40.627452545830614],[-74.08165220260304,40.62735102934854],[-74.0808437138653,40.62737949104524],[-74.08064690533867,40.627628676816265],[-74.08051601859174,40.62809988447174],[-74.0797249208974,40.62895068889979],[-74.08173135317769,40.63001222593161],[-74.08140615385045,40.630301236568826],[-74.0849132159821,40.63363992417883],[-74.0857492886773,40.633955557726495],[-74.08443647424689,40.63540524805021],[-74.0817794038654,40.636623014756104],[-74.0789115151239,40.638240383420886],[-74.07854540010258,40.6382933801089],[-74.07683997648454,40.637750259620645],[-74.0725813387358,40.637941875094846]]]}},{"type":"Feature","properties":{"ntaname":"Rosebank-Shore Acres-Park Hill","boroname":"Staten Island","ntatype":"0"},"geometry":{"type":"Polygon","coordinates":[[[-74.05677181637166,40.60789954008818],[-74.06042867173345,40.60635273105865],[-74.06517091184887,40.60421350934944],[-74.06430060502208,40.60309529654121],[-74.06397858489224,40.602143958328035],[-74.06646063300104,40.602905640692896],[-74.0717839220473,40.6049321013684],[-74.07360798586491,40.605504957137164],[-74.07579904088938,40.605934028025935],[-74.0778032605216,40.60606931595313],[-74.08126902788165,40.606148027477055],[-74.08371091042066,40.60644125931974],[-74.0857577041004,40.60701437299834],[-74.0905571121673,40.60900115134233],[-74.08958811541646,40.60984808695279],[-74.08720982761629,40.61330697400763],[-74.08110332392782,40.61778874603954],[-74.07831765670772,40.61556147078856],[-74.07630753780245,40.616564870732354],[-74.07487805573737,40.61742137555254],[-74.07454676782186,40.616942929617856],[-74.0737445943214,40.61764077336026],[-74.07249718942013,40.618351756296285],[-74.07183292978974,40.61890075146664],[-74.0715188806163,40.61926275937871],[-74.07123598252551,40.619791315868746],[-74.07114727753495,40.62016924586963],[-74.07116568639002,40.62069878729369],[-74.07292873883453,40.62297167522699],[-74.07423325020851,40.624221079210145],[-74.07564613582021,40.62666371855681],[-74.07288058751351,40.62692902846959],[-74.07270543377281,40.62687414856302],[-74.07225500955772,40.62460875019414],[-74.07106179330533,40.62279315450602],[-74.07071994036924,40.62257748182347],[-74.07002735061631,40.62145406435345],[-74.06990374594886,40.62143903719105],[-74.06975543088382,40.62120814037514],[-74.06946265791278,40.621087493009725],[-74.06649335296383,40.61889760159536],[-74.06596065271782,40.619359015593915],[-74.06591003230032,40.619315800404074],[-74.0664098895325,40.61886446706466],[-74.0661990795487,40.618722481288955],[-74.06557280841211,40.61927454360011],[-74.06544586069532,40.619202628792074],[-74.06668207982925,40.61806749593871],[-74.06641558649223,40.617872498166136],[-74.06604991535909,40.61819541035291],[-74.06569864744193,40.61795641608936],[-74.06546549952755,40.61810707028097],[-74.06496189280432,40.61777239856543],[-74.06435705092761,40.61824594536876],[-74.06425721751592,40.61817168758575],[-74.06509908407207,40.61751095612564],[-74.06443662005026,40.61706241460274],[-74.06401211701993,40.61740222563108],[-74.06390892174456,40.6173288256522],[-74.06432745858098,40.61698850352494],[-74.06376129978742,40.61679874960264],[-74.06376668678124,40.616603630840466],[-74.06143961457323,40.61437802120237],[-74.06080853165749,40.61303173380639],[-74.06073779377428,40.61304667709528],[-74.06059505750882,40.612251633991725],[-74.0603368079197,40.61190187971726],[-74.0598544432858,40.61210295810573],[-74.06001625116235,40.61276368789559],[-74.06019772795557,40.61278637542956],[-74.05999919777541,40.612783899115904],[-74.05976930738183,40.612056647139525],[-74.06027224809945,40.61181963993938],[-74.0594307620141,40.61165437460566],[-74.05890133421568,40.61100228698908],[-74.05912333939771,40.61082228858669],[-74.0590858430866,40.610633676752094],[-74.05832711414432,40.60976822898027],[-74.05716383879022,40.608742783606445],[-74.05677181637166,40.60789954008818]]]}},{"type":"Feature","properties":{"ntaname":"West New Brighton-Silver Lake-Grymes Hill","boroname":"Staten Island","ntatype":"0"},"geometry":{"type":"Polygon","coordinates":[[[-74.10472221533885,40.645563658070344],[-74.10465198531803,40.6452995966336],[-74.10779778028052,40.6452261619508],[-74.10751255464194,40.64489135475583],[-74.10715906011995,40.64420348103991],[-74.10654652578138,40.644241296953595],[-74.10542286489395,40.638898967615475],[-74.10480990767425,40.63897670248903],[-74.09990409604531,40.64016295461394],[-74.09787969021829,40.64035805599777],[-74.09767290634886,40.63896067917182],[-74.09409312424094,40.63926691373153],[-74.09386276318475,40.63802491759026],[-74.09338942252323,40.63659955499582],[-74.09243893991965,40.63559638474302],[-74.09059119286292,40.63546512007298],[-74.08970378205498,40.63568250148734],[-74.089221676938,40.63608808091553],[-74.08870582185955,40.63684520728473],[-74.08690592762002,40.63585724413707],[-74.08587882767334,40.63669159050727],[-74.08373397144585,40.6357371450629],[-74.08443647424689,40.63540524805021],[-74.0857492886773,40.633955557726495],[-74.0849132159821,40.63363992417883],[-74.08140615385045,40.630301236568826],[-74.08173135317769,40.63001222593161],[-74.0797249208974,40.62895068889979],[-74.08051601859174,40.62809988447174],[-74.08064690533867,40.627628676816265],[-74.0808437138653,40.62737949104524],[-74.08165220260304,40.62735102934854],[-74.0824196007049,40.62745240358892],[-74.08298808797238,40.62735007284408],[-74.08362236749537,40.626922578123505],[-74.08415419721771,40.626267115431595],[-74.08496211810699,40.62462523303416],[-74.08524991499915,40.622800871287005],[-74.08581269091128,40.62037554953417],[-74.0862237036041,40.61794406550173],[-74.08657157702844,40.61716938672178],[-74.08785144004568,40.61524323621465],[-74.08782337070241,40.61508780016452],[-74.08747218473557,40.614560803338065],[-74.08720982761629,40.61330697400763],[-74.08958811541646,40.60984808695279],[-74.0905571121673,40.60900115134233],[-74.0925679637504,40.60982595932551],[-74.09433500458698,40.610328012156984],[-74.095451943118,40.61049594827203],[-74.09766008712893,40.6105077481278],[-74.09987733673753,40.6129186530278],[-74.10209434247723,40.61460049070329],[-74.1035092514209,40.6164160753992],[-74.10518709679577,40.61828147484391],[-74.10569512521545,40.61873798770592],[-74.106089395609,40.61898419570928],[-74.11001550650613,40.62068834425561],[-74.11094392733817,40.621194489000004],[-74.1115339376194,40.62160364605612],[-74.11326249491935,40.623054425544176],[-74.11733137119302,40.62463775886182],[-74.11820219989448,40.62508678258052],[-74.120128878929,40.62653615348815],[-74.12125677839715,40.62782275084324],[-74.12303393314562,40.62901121601586],[-74.1248916787513,40.63172799060493],[-74.11683619484079,40.632674818338906],[-74.11719947073985,40.63456809813073],[-74.12023836595402,40.63430055985003],[-74.1206296291362,40.6365727504909],[-74.11754902194666,40.63695363333981],[-74.11769393482832,40.639433146131594],[-74.11799183606936,40.64057034155316],[-74.11806710362553,40.64129791913379],[-74.12019990679607,40.641075892150496],[-74.1209328702681,40.64090870882333],[-74.12071317500812,40.64104578269454],[-74.11993480088911,40.641197604384026],[-74.11997111213586,40.64131481456246],[-74.11960716681891,40.64138030935503],[-74.11995699875855,40.642209453931834],[-74.11985443942184,40.64223561440755],[-74.11952986105756,40.64146991432207],[-74.11942631292398,40.64142352418487],[-74.11909720493632,40.64147346602096],[-74.11948087155089,40.64235510170996],[-74.11940029532546,40.64237937903549],[-74.11900348200308,40.64146461451025],[-74.11861635236274,40.64153036502918],[-74.11865171598559,40.64180884612194],[-74.11896077402352,40.642504515993394],[-74.11883624616942,40.64254186406052],[-74.1184018508355,40.64152980054306],[-74.11815536520912,40.641593684261935],[-74.1182083148341,40.64175023537677],[-74.11791728617156,40.64182587695297],[-74.11779643252811,40.64178340114886],[-74.11769850319328,40.64154313278351],[-74.1174977996238,40.64158325204416],[-74.11712100630398,40.64166785704609],[-74.11722408283049,40.641844093582876],[-74.11672187663888,40.642031756096756],[-74.11722470082633,40.643027360465375],[-74.11714900527416,40.64304976865246],[-74.11666607646316,40.64210676683669],[-74.11630000082832,40.64220266560504],[-74.1167534287466,40.643161826702496],[-74.11667041382688,40.64318982489303],[-74.11614208569742,40.6422164541512],[-74.11535082182931,40.64247054015837],[-74.11511714752146,40.642784993180626],[-74.1137966608601,40.64360951580808],[-74.1140405314602,40.644042502119945],[-74.11395094068483,40.64413659167542],[-74.11288806510882,40.64453244413513],[-74.11285103066176,40.64447351196074],[-74.11385709322244,40.644076012169954],[-74.11365370966897,40.64368755592379],[-74.11343403737186,40.64382125182671],[-74.11333023192456,40.643723496581345],[-74.11180799136832,40.64461067447692],[-74.11190333685154,40.64470602674049],[-74.11116129469173,40.64509642267887],[-74.111116336666,40.64504690232329],[-74.11176646583958,40.64470615984317],[-74.11172529995714,40.64465936172629],[-74.11092281878437,40.64508160319021],[-74.10973932564566,40.64546372868749],[-74.10886489895967,40.645579128804165],[-74.10472221533885,40.645563658070344]]]}},{"type":"Feature","properties":{"ntaname":"Westerleigh-Castleton Corners","boroname":"Staten Island","ntatype":"0"},"geometry":{"type":"Polygon","coordinates":[[[-74.12125677839715,40.62782275084324],[-74.120128878929,40.62653615348815],[-74.11806688584926,40.625001473849366],[-74.11733137119302,40.624637758861844],[-74.11326249491935,40.623054425544176],[-74.1115339376194,40.62160364605612],[-74.11094392733817,40.621194489000004],[-74.11001550650613,40.62068834425561],[-74.106089395609,40.61898419570928],[-74.10569512521545,40.61873798770592],[-74.10518709679577,40.61828147484391],[-74.1035092514209,40.6164160753992],[-74.10209434247723,40.61460049070329],[-74.09987733673753,40.6129186530278],[-74.09766008712893,40.6105077481278],[-74.10547224679704,40.610156244094256],[-74.1089859530509,40.61012495494256],[-74.11030502721236,40.610277010561624],[-74.1134232989514,40.611009405065],[-74.11564032582696,40.61109610432457],[-74.11744809361569,40.610794312853926],[-74.1213358174041,40.60966649862548],[-74.12138588652023,40.60990931040028],[-74.12485022098907,40.60908212079073],[-74.12875899350655,40.60849579441082],[-74.14354499233964,40.6076811535684],[-74.14530567402106,40.60781990143528],[-74.14638897386595,40.60802947342046],[-74.14723021254628,40.60826302209607],[-74.14869404615584,40.60882795240028],[-74.1505222165361,40.60991036944263],[-74.15368427447888,40.61234968213525],[-74.15256203819584,40.616223981670586],[-74.15208605342593,40.61732098804814],[-74.15143537970914,40.618132866937216],[-74.14816111669752,40.62147178279155],[-74.14764615934031,40.622117976117],[-74.14683903447902,40.623315992422334],[-74.14638593690877,40.62420098917277],[-74.14611213844991,40.624933433966184],[-74.14402437723732,40.624991198114465],[-74.138057916376,40.624222500824715],[-74.13700290902946,40.62434701075326],[-74.13581008190083,40.62506433958986],[-74.13805849429933,40.62706851789406],[-74.13789126637938,40.62745288039293],[-74.13806393712436,40.62756847214289],[-74.1367423769444,40.628662536726665],[-74.1358610835055,40.62806152938546],[-74.13408698129966,40.62954168121696],[-74.13343731220797,40.62907434675627],[-74.13161834338213,40.63058368945437],[-74.13107460187689,40.6311477302151],[-74.13059499762973,40.63088028267297],[-74.13047428855656,40.63088551024507],[-74.13014141475817,40.6299652085308],[-74.13130985252093,40.62632834415264],[-74.13069767193006,40.62634095737179],[-74.12216225438151,40.627476892667],[-74.12125677839715,40.62782275084324]]]}},{"type":"Feature","properties":{"ntaname":"Port Richmond","boroname":"Staten Island","ntatype":"0"},"geometry":{"type":"Polygon","coordinates":[[[-74.12071317500812,40.64104578269454],[-74.1209328702681,40.64090870882333],[-74.12019990679607,40.641075892150496],[-74.11806710362553,40.64129791913379],[-74.11799183606936,40.64057034155316],[-74.11769393482832,40.639433146131594],[-74.11754902194666,40.63695363333981],[-74.1206296291362,40.6365727504909],[-74.12023836595402,40.63430055985003],[-74.11719947073985,40.63456809813073],[-74.11683619484079,40.632674818338906],[-74.1248916787513,40.63172799060493],[-74.12303393314562,40.62901121601586],[-74.12125677839715,40.62782275084324],[-74.12216225438151,40.627476892667],[-74.13069767193006,40.62634095737179],[-74.13130985252093,40.62632834415264],[-74.13014141475817,40.6299652085308],[-74.13047428855656,40.63088551024507],[-74.13059499762973,40.63088028267297],[-74.13107460187689,40.6311477302151],[-74.13161834338213,40.63058368945437],[-74.13343731220797,40.62907434675627],[-74.13408698129966,40.62954168121696],[-74.1358610835055,40.62806152938546],[-74.1367423769444,40.628662536726665],[-74.13806393712436,40.62756847214289],[-74.13789126637938,40.62745288039293],[-74.13805849429933,40.62706851789406],[-74.13581008190083,40.62506433958986],[-74.13700290902946,40.62434701075326],[-74.138057916376,40.624222500824715],[-74.14402437723732,40.624991198114465],[-74.14611213844991,40.624933433966184],[-74.14554597578248,40.62670900834961],[-74.14543939797092,40.62788659815435],[-74.1459357423659,40.62782607947116],[-74.14608756252355,40.62891590278966],[-74.14622202660938,40.629106957187616],[-74.14752618963833,40.62938928830036],[-74.14683016465871,40.63138265450419],[-74.14478228907657,40.63795378080116],[-74.14359998204321,40.638514125689255],[-74.1431280237709,40.6396803731286],[-74.1425776933605,40.639534137502004],[-74.14238795149326,40.639641210830085],[-74.14231969707289,40.63979226696549],[-74.14240463836009,40.64019825178416],[-74.14229766980858,40.64030580659126],[-74.14155622972459,40.64036676931979],[-74.14148047403343,40.64009219379307],[-74.14128623956708,40.640145275161906],[-74.141192218399,40.64038867508127],[-74.14102430552225,40.64050666934669],[-74.14076253645278,40.64058939691139],[-74.13929745763888,40.640805837752076],[-74.13925744852591,40.64073572622181],[-74.13918328035997,40.640854892522],[-74.13757574838482,40.6410011523713],[-74.13734541892016,40.64114653379099],[-74.13737001749979,40.641295463489136],[-74.1343526957353,40.64188679690276],[-74.13430281185268,40.641753794406895],[-74.13349719766673,40.64171690148129],[-74.13341539167402,40.64154711705455],[-74.13299172393485,40.6414169366648],[-74.13256222253698,40.64153185578891],[-74.13240283577125,40.641704388984685],[-74.13125581180257,40.641596830764016],[-74.13146199764817,40.64131010407523],[-74.13108083871545,40.64102656060581],[-74.13032503547936,40.640778471804516],[-74.13017567359888,40.64103376460296],[-74.13012324901676,40.64101654989436],[-74.13027887043049,40.640760622510186],[-74.13018370013307,40.64072382658582],[-74.12967785166326,40.64138531305564],[-74.12949057637465,40.64135483569861],[-74.12997740262725,40.640729872855786],[-74.12987750736707,40.6406868184589],[-74.12992088579603,40.64062898297625],[-74.12930713186948,40.64033741171374],[-74.12922977261063,40.640484372352574],[-74.12893301209805,40.640413928985446],[-74.128994963095,40.64118931324125],[-74.12890729033452,40.641194827586325],[-74.12881201847226,40.64022697800666],[-74.12813214919126,40.640249999438275],[-74.12810900485869,40.640139674293415],[-74.1275267724088,40.64015530471665],[-74.12739568551278,40.639974722156396],[-74.12739119380271,40.639829798962204],[-74.127244818384,40.63976689085703],[-74.12714774563898,40.6393110568504],[-74.12702736020904,40.63931907798447],[-74.12712443009137,40.6398631842644],[-74.12705362205264,40.640241737639165],[-74.12644823919024,40.640377994199206],[-74.126069828622,40.64025447268761],[-74.12619996291652,40.64126431430311],[-74.12634180444695,40.641252783697155],[-74.12636808688981,40.6413323804871],[-74.12564026870697,40.641418492585046],[-74.12563265740359,40.64134171819375],[-74.12613276551232,40.64126438802843],[-74.12599542422451,40.64023124262892],[-74.12557833569394,40.64014732844378],[-74.12469728881055,40.640239351075515],[-74.1241557844501,40.640134716640205],[-74.12363726025602,40.64034287089149],[-74.12340726999287,40.64058895710942],[-74.12285630555337,40.64082050884905],[-74.1226036360171,40.640597074405484],[-74.12290724832499,40.6410192661154],[-74.12282565410312,40.64129387551522],[-74.12195850062344,40.64144698308152],[-74.12184146995479,40.641405894271784],[-74.12186561799234,40.64155594932448],[-74.12198146380668,40.641501066769656],[-74.12187416191063,40.64157831521845],[-74.12180661082161,40.641412159578316],[-74.12177911197604,40.64159254761974],[-74.12155886560586,40.6416216322502],[-74.12176052602646,40.64157431405742],[-74.1217237531887,40.64142866444405],[-74.12138690689441,40.64148533255532],[-74.12132617111742,40.641606569731636],[-74.12137332939034,40.64147647474097],[-74.1213119482967,40.641452531325214],[-74.1211724627497,40.64166914456746],[-74.12128074794364,40.64143249598728],[-74.12121470254198,40.6413968399877],[-74.12107727405026,40.64160741958372],[-74.12118039507698,40.64138344537973],[-74.12071317500812,40.64104578269454]]]}},{"type":"Feature","properties":{"ntaname":"Mariner's Harbor-Arlington-Graniteville","boroname":"Staten Island","ntatype":"0"},"geometry":{"type":"MultiPolygon","coordinates":[[[[-74.15945602437947,40.64144833231906],[-74.15997875699736,40.64144648133915],[-74.16111242522173,40.64183545373741],[-74.16153403110933,40.64415628242311],[-74.15809750008751,40.643757566620316],[-74.15755778855826,40.643239865478535],[-74.15800633391845,40.643023676363896],[-74.15819904046337,40.642595077663586],[-74.15858742502012,40.64246038358198],[-74.15881093745296,40.64175863474051],[-74.15920024534337,40.641650402972395],[-74.15945602437947,40.64144833231906]]],[[[-74.17989568339897,40.645268795975674],[-74.17988406361418,40.64511024036667],[-74.17977452733295,40.64516667984816],[-74.17972987752036,40.64438070211209],[-74.17933117249298,40.64440051127011],[-74.17928100170838,40.64485927216244],[-74.17934021496102,40.64497618758532],[-74.17925123340665,40.645041876970446],[-74.17915399385403,40.645014721150076],[-74.17907466583894,40.644646507056706],[-74.17903555928561,40.64339478702087],[-74.17940482802032,40.64312896647659],[-74.17938528361562,40.642799104404396],[-74.17960074609756,40.64214977598001],[-74.1795871372141,40.64191768346423],[-74.17930397810488,40.64288524045845],[-74.17918728067293,40.64298753899149],[-74.17903926810855,40.64294925064928],[-74.17879078437005,40.64249850396229],[-74.17864062006568,40.64257237458894],[-74.17848313827086,40.64252117472807],[-74.17825662145894,40.64212922736577],[-74.17834127012095,40.64258947649854],[-74.17810992650661,40.642529184611156],[-74.17793070853668,40.642625114590814],[-74.17781237608908,40.64259984464484],[-74.17768636299843,40.64294859651973],[-74.17721118570951,40.643122778603264],[-74.17714537910913,40.64301004822251],[-74.17705776294564,40.643059200719776],[-74.17682386895902,40.64285914598348],[-74.17670489151175,40.642416911284165],[-74.17668345519756,40.64247269091569],[-74.17635786617534,40.64232722056304],[-74.17668723791358,40.64255213912395],[-74.17666795538246,40.6433868447718],[-74.17598183191922,40.64346362228093],[-74.17560250954297,40.643311298170005],[-74.17548417914053,40.64346229451288],[-74.1755864902898,40.64377851932676],[-74.17548401996771,40.64391147255862],[-74.17547166255147,40.64412310495873],[-74.17570768504595,40.6445717241695],[-74.17568470742577,40.644710284895275],[-74.17555892304914,40.64461605412966],[-74.17546691157331,40.644646521605054],[-74.17529691545057,40.645075076819104],[-74.17489620525134,40.64514604796305],[-74.17458621477324,40.64501693152973],[-74.17436572943477,40.64513625814303],[-74.17405908286231,40.64502517320042],[-74.17294123891786,40.64420452335862],[-74.17287698237264,40.644009008112896],[-74.17300185492533,40.64382752144441],[-74.17300154585652,40.643585405079804],[-74.17284673524715,40.64345316387851],[-74.17271527709391,40.643497626157355],[-74.17244784485197,40.64342157125359],[-74.172361653206,40.643256267553035],[-74.17254529348132,40.643192442159446],[-74.1724903037232,40.643154229266955],[-74.17272145305189,40.64294849899678],[-74.17257192685689,40.642987031935775],[-74.17244027861885,40.64281204715884],[-74.17196330566121,40.64285813319608],[-74.17175033852068,40.643092460752435],[-74.1715081109973,40.643134442091025],[-74.17142369357937,40.6430406939212],[-74.1714911516437,40.64298431358339],[-74.17133587281677,40.642855764549566],[-74.17186042582577,40.64252292851905],[-74.171750127869,40.64251675569236],[-74.17184927245123,40.64238040270828],[-74.17172311588911,40.642283271889696],[-74.1717702964697,40.642196989303656],[-74.17167128154743,40.64204364298849],[-74.17172186950624,40.64193954468423],[-74.17156189474113,40.64187719238323],[-74.17147878923343,40.64170250949218],[-74.1714522887394,40.64145472174337],[-74.17149328066839,40.641248941865356],[-74.17160210287629,40.64114586260113],[-74.17158721923735,40.64102959339466],[-74.17202315852221,40.64098921465789],[-74.17251006213226,40.64067682013221],[-74.17293896175401,40.64057955269759],[-74.17298798800311,40.64048910506642],[-74.17246114186392,40.640673621171196],[-74.17202446166858,40.64095546538309],[-74.17156994685423,40.641011532092946],[-74.17156545223334,40.64114830842525],[-74.1714558850582,40.64121303758419],[-74.17138651859226,40.64142273551909],[-74.17137382284403,40.64208501476663],[-74.1710501724002,40.642593819632744],[-74.17099208752387,40.64257180495741],[-74.17127524445608,40.64211168276789],[-74.1712113010523,40.64206757586913],[-74.1711926088523,40.64173962651512],[-74.17028635441109,40.64177530825603],[-74.17007878584938,40.642086160074044],[-74.1691529550316,40.64187285987551],[-74.16906431628865,40.642130016798745],[-74.16840232530441,40.641991240539284],[-74.1681254749266,40.64182533150017],[-74.16774094051357,40.641727774498676],[-74.16757607092507,40.641844793608215],[-74.16677384993424,40.641581637722815],[-74.16671693756925,40.64147880819479],[-74.16653375792963,40.64142263838641],[-74.1662159991705,40.642424100228105],[-74.16609989896034,40.64240658700138],[-74.16631887292462,40.64143667500512],[-74.16580110755902,40.64122451144967],[-74.16563409763798,40.64121437137586],[-74.16544310082271,40.64228054620614],[-74.16494139041183,40.642208999889476],[-74.16519041758112,40.64064230527697],[-74.1647342653693,40.640391467527586],[-74.16457132366727,40.64141866159606],[-74.16441459649114,40.64139678472624],[-74.1645965653148,40.640315745043516],[-74.16416886813508,40.63999410972794],[-74.16400179001295,40.64106585950438],[-74.16386249420357,40.641052797343974],[-74.16404731516643,40.63994665879971],[-74.16394491366576,40.639914605816145],[-74.16345445681999,40.63985656039842],[-74.16324577932504,40.64095741918578],[-74.1628714808774,40.64093748311407],[-74.16280502723454,40.64103818792339],[-74.16167534694235,40.640610784766956],[-74.16228465251963,40.63876565226989],[-74.1618185661238,40.638646279280394],[-74.1614491782677,40.639428336668495],[-74.16130221801548,40.63939373445721],[-74.16166010707116,40.63866499381605],[-74.16124015814863,40.6385950106112],[-74.16090490770392,40.63938614081619],[-74.16073654872477,40.63935101447562],[-74.16108161758906,40.638567768312704],[-74.1608919896109,40.63854118915315],[-74.16081126840741,40.638632958889005],[-74.1607506030907,40.638518399936544],[-74.16034819993045,40.63844372595107],[-74.15994899634484,40.63994013677792],[-74.15986410465041,40.63992782369295],[-74.16022466453221,40.638339061840476],[-74.16005754065978,40.63872235224746],[-74.1598569776778,40.63872920171702],[-74.15964146528943,40.63841423982808],[-74.15957712397915,40.63799258321208],[-74.15922711556972,40.63779611975812],[-74.15905622378894,40.63803931031999],[-74.15900957887429,40.63882257790998],[-74.15889532350849,40.63881527713139],[-74.15893299160665,40.638264017819175],[-74.15864580007839,40.63824900745304],[-74.15863472442109,40.63812847909797],[-74.15815277195988,40.63810996561808],[-74.15814883915031,40.63796751144785],[-74.15789262953881,40.6379650512313],[-74.15784122273031,40.6388739154689],[-74.15773352572349,40.63887903516548],[-74.1577736593679,40.63795715924366],[-74.15610276490888,40.6379395908863],[-74.15611488264739,40.6375307471646],[-74.15569862053152,40.63751793890434],[-74.15568515769912,40.6377874824073],[-74.15482932461856,40.63772385541897],[-74.15475933665323,40.639196327304106],[-74.15469263864526,40.6391939681144],[-74.1547782901187,40.63772154504848],[-74.15459670163443,40.6373433445718],[-74.15425270073519,40.63717231088846],[-74.1534140659779,40.637272719079455],[-74.15279703511403,40.637132754852736],[-74.15270060752238,40.63719243556237],[-74.15269700449552,40.63764184122224],[-74.15221806884477,40.63769258171702],[-74.15229786175502,40.63827428826375],[-74.15213675899915,40.638290747955836],[-74.15204639233266,40.63766721531566],[-74.15119545007292,40.637730789038926],[-74.1513951761365,40.63939651305763],[-74.15124827966457,40.63940934238354],[-74.15112965090485,40.63850068007409],[-74.15055638842084,40.63855933066745],[-74.15039275370141,40.63833817252066],[-74.14996782090546,40.63815007524942],[-74.14979386126062,40.63789278036171],[-74.14967889830886,40.63751767426077],[-74.14944732900051,40.63740539948566],[-74.14931235597447,40.63752595864316],[-74.14945194107334,40.637885156579195],[-74.1494188170834,40.63829164054715],[-74.14919418089713,40.63866833137296],[-74.1488817554377,40.638705207973416],[-74.1485581502623,40.63743783752828],[-74.14851602490882,40.63754707410067],[-74.14877792005885,40.63887625112789],[-74.1476123724889,40.63903703734014],[-74.14749939674456,40.63890959681068],[-74.14602173101828,40.639094550203474],[-74.14605733618387,40.639229257690054],[-74.14519279481542,40.63937849765491],[-74.1446713323428,40.639304268229566],[-74.14402416136582,40.638900523306695],[-74.14386163595745,40.63888796251427],[-74.14374959918905,40.6389615777508],[-74.14384192519624,40.63908835505604],[-74.14381734530271,40.639207478924156],[-74.14357308593789,40.63922678525729],[-74.14336103010835,40.63970984518127],[-74.1431280237709,40.6396803731286],[-74.14359998204321,40.638514125689255],[-74.14478228907657,40.63795378080116],[-74.14683016465871,40.63138265450419],[-74.14752618963833,40.62938928830036],[-74.14622202660938,40.629106957187616],[-74.14608756252355,40.62891590278966],[-74.1459357423659,40.62782607947116],[-74.14543939797092,40.62788659815435],[-74.1455770129871,40.62657401630574],[-74.14638593690877,40.62420098917277],[-74.1471239911658,40.62285901831934],[-74.14816111669752,40.62147178279155],[-74.15143537970914,40.618132866937216],[-74.15198995749482,40.61747802256088],[-74.15245994535967,40.61653799347213],[-74.15368427447888,40.61234968213525],[-74.15731346635691,40.61516912629543],[-74.15898069549299,40.61636752499059],[-74.16170594501975,40.618084972862334],[-74.16312999340077,40.61884698223502],[-74.16562774665574,40.62002446269456],[-74.16812305135599,40.62104803122129],[-74.1698589701873,40.621393025560074],[-74.17266000378692,40.621758967789376],[-74.1736483682704,40.622072759658636],[-74.1746610126554,40.62250902502943],[-74.17572898554205,40.62323117459084],[-74.17766953851833,40.625064986047114],[-74.17929497262774,40.62636699657581],[-74.1817990746365,40.627845436594434],[-74.18408123934904,40.629043271787836],[-74.18606959868262,40.62995448121392],[-74.18657676396244,40.63016911911567],[-74.18676019394366,40.62997335952716],[-74.18987905134348,40.63135753026906],[-74.19620359550308,40.634686050233924],[-74.1960330392925,40.63487718727521],[-74.19602904691452,40.63499584880717],[-74.19588355330791,40.63506696183854],[-74.19557688057968,40.635004218570764],[-74.19530704356409,40.635233895517324],[-74.19517829496982,40.63544294465204],[-74.19520096899954,40.635707944143874],[-74.19449480774604,40.63644952245066],[-74.19454462226433,40.63651620364777],[-74.19441386949632,40.636633584128795],[-74.1945185109163,40.63703429194798],[-74.1945941227932,40.63709318980935],[-74.19473403883919,40.63704077539554],[-74.19478689682471,40.637131511664386],[-74.19462310079363,40.637391184067575],[-74.19442405923665,40.63741899133393],[-74.19433716951313,40.637316301270296],[-74.19397308627501,40.63730911419653],[-74.19358317695,40.63746911738741],[-74.19371964621949,40.63756681423029],[-74.1865249689774,40.64338866267421],[-74.18623209809662,40.64318739685546],[-74.18610078507375,40.64327121851288],[-74.18590896667855,40.64363143950194],[-74.1855741946739,40.643802222588405],[-74.18511431614884,40.643806238290196],[-74.18524793597282,40.64394352619351],[-74.18483594580987,40.64412826684149],[-74.1847486006983,40.64393907425781],[-74.18447219805567,40.64377195455236],[-74.18442444966344,40.6436506915762],[-74.18411319064573,40.64353008412854],[-74.18406483232059,40.64332399044595],[-74.18419239221025,40.64317245379964],[-74.18432855691869,40.64322666873132],[-74.18437046773803,40.64309957689013],[-74.18421443999884,40.6431168952671],[-74.18395490670642,40.64249416070129],[-74.18365067064201,40.64223964155343],[-74.18363631699484,40.642395990256716],[-74.18402611192013,40.643100408569886],[-74.1838457593705,40.64326615731015],[-74.18347427166456,40.64294920957191],[-74.1832421227914,40.64296367709803],[-74.18346315710814,40.64333650150252],[-74.18338476709727,40.643588390740064],[-74.18380044942421,40.64443190122324],[-74.1836674587201,40.64461048505026],[-74.18288931621835,40.64480028294622],[-74.18166763349919,40.64470931377074],[-74.18118434243927,40.644586159245065],[-74.18087212513223,40.64485142967853],[-74.18080686538474,40.644819237623175],[-74.18078836640298,40.64457793774734],[-74.18052719090944,40.644484695632094],[-74.18048173953522,40.644278924274076],[-74.1800407794923,40.644288140673844],[-74.18004772179144,40.644371679724806],[-74.17990671455395,40.64437872066443],[-74.17996507274157,40.64526698280568],[-74.17989568339897,40.645268795975674]]]]}},{"type":"Feature","properties":{"ntaname":"Snug Harbor","boroname":"Staten Island","ntatype":"9"},"geometry":{"type":"Polygon","coordinates":[[[-74.10013219187458,40.645064051455854],[-74.10013234597835,40.644920377242215],[-74.10072755507719,40.64501329209228],[-74.10090273138744,40.644773235425575],[-74.09971600240254,40.64475887116169],[-74.09956938841523,40.64315528211751],[-74.10039166579939,40.64311836615891],[-74.09990409604531,40.64016295461394],[-74.10480990767425,40.63897670248903],[-74.10542286489395,40.638898967615475],[-74.10654652578138,40.644241296953595],[-74.10715906011995,40.64420348103991],[-74.10751255464194,40.64489135475583],[-74.10779778028052,40.6452261619508],[-74.10465198531803,40.6452995966336],[-74.10472221533885,40.645563658070344],[-74.10464577782204,40.64563047031593],[-74.10412356301745,40.64574043220029],[-74.10391463250345,40.64561422213176],[-74.10307296677408,40.64563814841757],[-74.10231679337323,40.6455425996777],[-74.10013219187458,40.645064051455854]]]}},{"type":"Feature","properties":{"ntaname":"Grasmere-Arrochar-South Beach-Dongan Hills","boroname":"Staten Island","ntatype":"0"},"geometry":{"type":"Polygon","coordinates":[[[-74.06397858489224,40.602143958328035],[-74.06195617868077,40.60123645645265],[-74.06108413994077,40.599816393848144],[-74.06375933292199,40.59893485952236],[-74.05964120596207,40.59370938906333],[-74.05976660687638,40.59383525751038],[-74.06055353637058,40.59337975542373],[-74.06215274432587,40.59202504104477],[-74.0650333235618,40.58899099786547],[-74.06503309568002,40.58890931419615],[-74.06436003721248,40.588267891174986],[-74.06477833033044,40.58848831122844],[-74.06722276816883,40.586734449257726],[-74.07021154289359,40.58398135670654],[-74.07096310182041,40.583181990402814],[-74.07144837595611,40.5824340679647],[-74.07149180521229,40.58216878265264],[-74.07059533733295,40.58169054342533],[-74.07065781537815,40.581625625037915],[-74.07146670867036,40.582027243396105],[-74.07177638431078,40.581876534159065],[-74.07335389590739,40.58067893863656],[-74.07499413073515,40.5792365574165],[-74.07350591302134,40.57840175125025],[-74.07332032496498,40.57845733300867],[-74.07335157262345,40.57828545640336],[-74.0735026389054,40.578196640060824],[-74.0735756344424,40.578230790303515],[-74.07349669675456,40.57832795971463],[-74.07508288192615,40.5791601587558],[-74.07579819540712,40.578309250650804],[-74.07523453617956,40.57799880325336],[-74.07534622582462,40.5778879700745],[-74.07832805973456,40.579532215369014],[-74.08849596473402,40.58478842416096],[-74.08912147929875,40.58414256119415],[-74.09261596810605,40.585939810669416],[-74.09844000802548,40.58124170600755],[-74.10525775386915,40.58592143674099],[-74.1020798998636,40.588741752194224],[-74.10149482213728,40.58934426100513],[-74.1008825150878,40.59017921614526],[-74.10097788774021,40.59193641024554],[-74.10092576199395,40.59235074907907],[-74.10064876491016,40.59301302568252],[-74.10009437797481,40.593660501754336],[-74.0970026729387,40.59547367908928],[-74.09490220735692,40.59629562362784],[-74.09427668380125,40.596449272003156],[-74.09375453687329,40.59674489030799],[-74.0927230507176,40.5974642636283],[-74.0917825730082,40.59871923931153],[-74.09172051432097,40.59922085751381],[-74.09197184759606,40.59982426432015],[-74.09283746490823,40.6010892340067],[-74.09290036361642,40.60135887271743],[-74.09244145186298,40.60411958645142],[-74.09271909195756,40.60636212420198],[-74.09264557901983,40.606662786012365],[-74.09239912791497,40.60707229070296],[-74.09172937199197,40.6077211921275],[-74.09140973596101,40.608226298891466],[-74.09055711216726,40.609001151342376],[-74.0857577041004,40.6070143729984],[-74.08371091042066,40.60644125931974],[-74.08126902788159,40.606148027477055],[-74.07780326052155,40.60606931595313],[-74.07579904088938,40.605934028025935],[-74.07360798586485,40.605504957137164],[-74.0717839220473,40.60493210136843],[-74.066460633001,40.602905640692924],[-74.06397858489224,40.602143958328035]]]}},{"type":"Feature","properties":{"ntaname":"New Dorp-Midland Beach","boroname":"Staten Island","ntatype":"0"},"geometry":{"type":"Polygon","coordinates":[[[-74.07601596977959,40.57824491279301],[-74.07639928398518,40.5779948550527],[-74.0762974101844,40.577898625093546],[-74.07649283077296,40.57796084612551],[-74.07688226472024,40.57763678890651],[-74.076915528964,40.57757950001279],[-74.07673747616742,40.57737250932561],[-74.07693881528643,40.57753434458633],[-74.07737472522429,40.57728215840317],[-74.07877412894703,40.57601082224571],[-74.07926321256909,40.575671292205875],[-74.07867933938915,40.57508182522351],[-74.078751853163,40.575042125637374],[-74.07933640538258,40.57562720401707],[-74.0801786744205,40.575180418259656],[-74.08090683283064,40.574689804751735],[-74.08300620740235,40.57278557004976],[-74.08469075903615,40.57147791444318],[-74.08597647408044,40.57223697156032],[-74.08769737508023,40.573061884544025],[-74.08813355233562,40.572827720227416],[-74.0887662656301,40.57237448568604],[-74.08946037563864,40.57168029837588],[-74.09275074217504,40.56809604888875],[-74.092770581362,40.56794341127407],[-74.09387294784271,40.5684089434116],[-74.10470979010059,40.57400594007622],[-74.10524290289504,40.57309404056202],[-74.10604352582462,40.572064179625244],[-74.10637576995441,40.57222437058479],[-74.10874017878626,40.569916494851874],[-74.1066043932734,40.56877826927165],[-74.09407071043623,40.56273162013203],[-74.09511063361221,40.56317327293219],[-74.09542371796327,40.56315463556875],[-74.0956830421416,40.562919397793884],[-74.09567198061373,40.56277559824557],[-74.09588687685134,40.56272491634683],[-74.09629202201873,40.5624208307734],[-74.09687036780355,40.56171797164769],[-74.09702483295516,40.56133643899718],[-74.09741969570308,40.56088364770642],[-74.09799348696802,40.559967105358126],[-74.09819767261997,40.559836477307385],[-74.09829030823775,40.5593326146596],[-74.09783230303407,40.55912045385845],[-74.09784815988272,40.55903366909186],[-74.09876415414928,40.559423551149045],[-74.0993277029557,40.55909741373093],[-74.09929593747896,40.55900497241432],[-74.09938031432738,40.55896419336136],[-74.09986924754335,40.559093501038234],[-74.10009549144357,40.55895344562341],[-74.10173732598003,40.55990557835702],[-74.10321583220052,40.56062071048733],[-74.10557645442844,40.561989973493276],[-74.11013947040145,40.56431066683336],[-74.11376161129488,40.566497190110134],[-74.11636336276891,40.5639156379874],[-74.1230928100806,40.56796636695864],[-74.12489904218616,40.56894914294893],[-74.1231349278997,40.570106791758086],[-74.12216856503926,40.57093949424371],[-74.12144535574095,40.57177561468195],[-74.12136044610845,40.57282674374046],[-74.12183079698006,40.5742170894698],[-74.1218533350965,40.57465318190026],[-74.12153728906142,40.57515325257959],[-74.11978567362736,40.57581555699435],[-74.11910954797456,40.57615725273245],[-74.11849053315868,40.57662683803694],[-74.11749266546012,40.57780179903695],[-74.11701410474791,40.57820868745069],[-74.11593490062117,40.57837697248195],[-74.11561656567139,40.57849283264412],[-74.11367299833394,40.58031293769117],[-74.11306954333422,40.58076852292087],[-74.11127706446453,40.58179072929527],[-74.10987488172452,40.58234916039787],[-74.10924835476192,40.582678413036795],[-74.10790851582654,40.583685637784036],[-74.1052577538692,40.58592143674099],[-74.09844000802553,40.58124170600752],[-74.09261596810609,40.585939810669416],[-74.08912147929881,40.58414256119415],[-74.08849596473402,40.58478842416096],[-74.07832805973456,40.57953221536897],[-74.07601596977959,40.57824491279301]]]}},{"type":"Feature","properties":{"ntaname":"Todt Hill-Emerson Hill-Lighthouse Hill-Manor Heights","boroname":"Staten Island","ntatype":"0"},"geometry":{"type":"Polygon","coordinates":[[[-74.09766008712893,40.6105077481278],[-74.095451943118,40.61049594827203],[-74.09433500458698,40.610328012156984],[-74.0925679637504,40.60982595932551],[-74.0905571121673,40.60900115134233],[-74.09140973596101,40.608226298891466],[-74.09172937199203,40.6077211921275],[-74.09239912791502,40.60707229070296],[-74.09264557901989,40.606662786012365],[-74.09271909195756,40.60636212420198],[-74.09244145186298,40.60411958645138],[-74.09290036361645,40.60135887271744],[-74.09283746490829,40.601089234006665],[-74.09197184759611,40.599824264320105],[-74.09172051432101,40.59922085751381],[-74.09178257300826,40.59871923931153],[-74.0927230507176,40.59746426362824],[-74.09375453687329,40.59674489030799],[-74.0942766838013,40.59644927200312],[-74.09490220735692,40.59629562362784],[-74.09700267293869,40.59547367908926],[-74.10009437797487,40.59366050175428],[-74.10053674763957,40.59318492962258],[-74.10089773576925,40.592452723144476],[-74.10097788774026,40.591936410245474],[-74.10088251508785,40.59017921614526],[-74.10149482213728,40.58934426100513],[-74.10454864459432,40.586500648549496],[-74.10790851582654,40.583685637784036],[-74.10924835476192,40.582678413036795],[-74.10987488172452,40.58234916039787],[-74.11127706446453,40.58179072929527],[-74.11306954333422,40.58076852292087],[-74.11367299833394,40.58031293769117],[-74.11561656567139,40.57849283264412],[-74.11593490062117,40.57837697248195],[-74.11701410474791,40.57820868745069],[-74.11749266546012,40.57780179903695],[-74.11849053315868,40.57662683803694],[-74.11910954797456,40.57615725273245],[-74.11978567362736,40.57581555699435],[-74.12153728906142,40.57515325257959],[-74.12209601973252,40.575132587377],[-74.12318380596186,40.57575185339364],[-74.12535275635315,40.57590104302102],[-74.12706746958176,40.57640521917216],[-74.12749282309098,40.57542515811879],[-74.12773493482423,40.575206624554205],[-74.13278436099986,40.5734790942342],[-74.13378606568077,40.57329660401624],[-74.14418588119743,40.57203741050875],[-74.14387453487329,40.57060659469342],[-74.14438744938825,40.56970610117111],[-74.14634725216152,40.57051823414815],[-74.14710342840984,40.57049868577556],[-74.14790142170932,40.570889581108474],[-74.1503313157434,40.56891285968527],[-74.15171497164665,40.56788728420548],[-74.1535798546557,40.56625318664016],[-74.15466447665042,40.56551344318806],[-74.15502927821258,40.56509341371812],[-74.1558509037068,40.56377444522288],[-74.15685884049493,40.562789094575955],[-74.15725974085757,40.56255331937416],[-74.1615313001748,40.56126935448103],[-74.16377941502323,40.56031697962338],[-74.16494149293702,40.5601117976389],[-74.16982582250603,40.56109042127681],[-74.16962557716029,40.56828066293792],[-74.16982860060396,40.57083444850518],[-74.15315860452137,40.58017259157562],[-74.15252765163696,40.58061699332775],[-74.15230805576691,40.580579303157315],[-74.15137773813919,40.5813587699153],[-74.15098847245255,40.582065261269406],[-74.15026982407966,40.582727380369626],[-74.14812511799133,40.58444328530973],[-74.14785919950027,40.58452457200653],[-74.14727483653007,40.58501222200047],[-74.14762041280433,40.58501946947321],[-74.1463213105958,40.58606929759488],[-74.14592687724368,40.58793646068491],[-74.14551422971522,40.591201430373076],[-74.14541995001444,40.59146702435487],[-74.14272332096203,40.5949030848677],[-74.14002227239804,40.598596533587745],[-74.14046227905241,40.603069980524886],[-74.14202810244467,40.60337183855418],[-74.14303309759816,40.60374974133252],[-74.14647712275294,40.605224997346674],[-74.14714097029949,40.60558483473542],[-74.14750950761587,40.606064886726614],[-74.14723021254628,40.60826302209607],[-74.14530567402106,40.60781990143528],[-74.14354499233964,40.6076811535684],[-74.12875899350655,40.60849579441082],[-74.12485022098907,40.60908212079073],[-74.12138588652023,40.60990931040028],[-74.1213358174041,40.60966649862548],[-74.11744809361569,40.610794312853926],[-74.11564032582696,40.61109610432457],[-74.1134232989514,40.611009405065],[-74.11030502721236,40.610277010561624],[-74.1089859530509,40.61012495494256],[-74.10547224679704,40.610156244094256],[-74.09766008712893,40.6105077481278]]]}},{"type":"Feature","properties":{"ntaname":"New Springville-Willowbrook-Bulls Head-Travis","boroname":"Staten Island","ntatype":"0"},"geometry":{"type":"Polygon","coordinates":[[[-74.15731346635691,40.61516912629543],[-74.14998477050442,40.60953841783097],[-74.14869404615584,40.60882795240028],[-74.14723021254628,40.60826302209607],[-74.14750950761587,40.606064886726614],[-74.14714063632937,40.60558459911424],[-74.14647712275294,40.605224997346674],[-74.14303309759816,40.60374974133252],[-74.14202810244467,40.60337183855418],[-74.14046227905241,40.603069980524886],[-74.14002227239804,40.598596533587745],[-74.14272332096203,40.5949030848677],[-74.14541995001444,40.59146702435487],[-74.14551422971522,40.591201430373076],[-74.14592687724368,40.58793646068491],[-74.1463213105958,40.58606929759488],[-74.14762041280433,40.58501946947321],[-74.14727483653007,40.58501222200047],[-74.14785919950027,40.58452457200653],[-74.14812511799133,40.58444328530973],[-74.1508845035556,40.582175783849294],[-74.15137773813919,40.5813587699153],[-74.15230805576691,40.580579303157315],[-74.15252765163696,40.58061699332775],[-74.15315860452137,40.58017259157562],[-74.16982860060396,40.57083444850518],[-74.16996967227739,40.57292660848067],[-74.1696234487699,40.578429044925855],[-74.1684189655815,40.586578059751716],[-74.16796293919342,40.588304029171034],[-74.1676502624995,40.58888836543288],[-74.16578641105401,40.59070780380282],[-74.16341992127062,40.59244423534333],[-74.16346875666228,40.59299187056294],[-74.16360268159286,40.593374199160394],[-74.16585056471573,40.5936493905095],[-74.16673711904059,40.5938300452645],[-74.16778450060488,40.594185666427684],[-74.16886362231634,40.59472808665136],[-74.16828457999891,40.59643316595075],[-74.16719634764705,40.60207531162772],[-74.17121566155829,40.602502166412904],[-74.17178489216748,40.602643885855784],[-74.1725610301425,40.602977765708964],[-74.17491828595219,40.60221622686646],[-74.17822457221695,40.599828060947424],[-74.17954440204578,40.59674539875325],[-74.18207699921996,40.594249000319664],[-74.18255226126941,40.59355781527148],[-74.18292189718426,40.59327942685225],[-74.18650391816595,40.58943925039326],[-74.18529149797185,40.589365933896545],[-74.18498644547914,40.58923996598696],[-74.18477863481213,40.589028183819],[-74.18468075770302,40.58884808560936],[-74.18467991757967,40.58854430000972],[-74.18540233338032,40.58769396206942],[-74.1853858561741,40.587599653512925],[-74.18788096584716,40.586682277751486],[-74.1907685232148,40.58512746832264],[-74.19131783459515,40.58570448895072],[-74.19232388859866,40.58557483655644],[-74.19253422923927,40.58532329265201],[-74.19332419652648,40.585038281476926],[-74.19423261325561,40.5851468069237],[-74.19598651465469,40.58421306351083],[-74.19803344202843,40.58287871348663],[-74.19964981205854,40.58226262701897],[-74.2000805894048,40.581554557187054],[-74.19996699923995,40.58056800046482],[-74.20016899844596,40.58014100034316],[-74.200488487946,40.57994977832515],[-74.20058399959446,40.57951100141779],[-74.20294999914493,40.58010200075162],[-74.20441199860309,40.580170001424655],[-74.20539891399731,40.579842457555436],[-74.20602841110836,40.579764267650624],[-74.20596154294695,40.58004699376592],[-74.20599255015574,40.58041038393727],[-74.20576494221548,40.58065581015919],[-74.20572403289869,40.58096568943493],[-74.20541737056935,40.581069486480445],[-74.20508136987081,40.58159946830025],[-74.2050885440875,40.58220819007157],[-74.20496559453859,40.58256372107813],[-74.20470911902727,40.582797669407],[-74.20473901192639,40.58317590193016],[-74.2046241736594,40.58320656344094],[-74.20440076433692,40.58371294584213],[-74.20446835234776,40.58404302457265],[-74.20463390208104,40.58432323880145],[-74.2043643389893,40.584634148868254],[-74.2044420011903,40.58505023288697],[-74.20441471663625,40.58552367482492],[-74.20431893886214,40.5856007842593],[-74.20433621964573,40.58575142817514],[-74.20411940258487,40.585895541578516],[-74.20427494216678,40.58611005412832],[-74.20420228531343,40.58641420264519],[-74.20426533002741,40.587320534540545],[-74.20437820037151,40.587560771251646],[-74.20438633322476,40.58792835684889],[-74.2045421222833,40.58799326496634],[-74.20458065694645,40.58821760318023],[-74.2042727034627,40.588482555657386],[-74.20412200974732,40.588881474412474],[-74.20420368247349,40.5890873007842],[-74.20432302142393,40.58913661747353],[-74.20457422072788,40.58871913882308],[-74.20470529848629,40.588772370830746],[-74.20443548400783,40.58921839729189],[-74.2046460894321,40.589285745466],[-74.2044089255159,40.58970676381176],[-74.20420300609315,40.589642972244455],[-74.20385886543349,40.59024952536298],[-74.20369974335648,40.59019990597241],[-74.20394167612139,40.58980739690206],[-74.20388550456217,40.58978610973645],[-74.20265866971728,40.59072214527997],[-74.2023776361115,40.59064471254922],[-74.2020140553329,40.59089579862263],[-74.20246775956585,40.59083882485753],[-74.20305254911655,40.591140542312615],[-74.20296340195799,40.59123092327939],[-74.20245494997208,40.59095112585335],[-74.20202733920853,40.590999079794756],[-74.20212378159053,40.59125332705978],[-74.20189898808043,40.59139325270487],[-74.20184092915534,40.59163648337983],[-74.20200349813028,40.59178076479522],[-74.20230284591754,40.59146932177453],[-74.20231645768172,40.59152396460031],[-74.20092540430579,40.59286637980877],[-74.20074880806406,40.59275033941996],[-74.20047126822207,40.5928117525165],[-74.20033102118357,40.593095398845456],[-74.19974060976999,40.5935646690413],[-74.19936212279543,40.594094082293125],[-74.19948344883885,40.59432093666904],[-74.1987323255388,40.595011798813275],[-74.19856137143587,40.5955527810125],[-74.19800880011675,40.5962618371509],[-74.19795002851603,40.59647035480386],[-74.19763717716224,40.59677668374967],[-74.19751357718711,40.59679898603694],[-74.19749670929889,40.597724259603595],[-74.19738378827994,40.597805642306916],[-74.19730619713819,40.59805952224113],[-74.1974176437266,40.59820367970245],[-74.19743893251952,40.59846083405235],[-74.19875958205299,40.60171197517643],[-74.20014866759912,40.603683350098876],[-74.20138527472524,40.60463696620865],[-74.2022184985121,40.60596968011926],[-74.20281628374592,40.60827082796749],[-74.20267299169235,40.609827861734665],[-74.20230179014106,40.611875642039216],[-74.20244374449372,40.61328469342954],[-74.20045324444482,40.616327996806525],[-74.20058986446027,40.61702892738964],[-74.20082804386197,40.617094288048435],[-74.20091423238283,40.61779882239878],[-74.20087478740132,40.618100410856066],[-74.20078290449894,40.618111675720435],[-74.20069507526793,40.617979433723505],[-74.20054156331668,40.61799763899117],[-74.20043867109608,40.61807554666428],[-74.20035203856098,40.61834219805231],[-74.20051657149195,40.618634035134775],[-74.2008399145064,40.61880430260748],[-74.20069799274243,40.618949758130945],[-74.20068071414978,40.619168454849685],[-74.2009649963294,40.619767580585794],[-74.20103548328903,40.620095456307986],[-74.20098684384325,40.62032189396027],[-74.20106997469082,40.62038153977263],[-74.20077407925913,40.6203948700695],[-74.20050588129759,40.62029967159883],[-74.2004280019192,40.62049541101701],[-74.20052688004162,40.620572967453924],[-74.20087331582049,40.62059115472132],[-74.20112138194695,40.62107332293834],[-74.20125847310119,40.62155483087237],[-74.20143239998191,40.621612609468094],[-74.20130810779165,40.62165809826738],[-74.20123089203638,40.622074211492205],[-74.2013241457915,40.62251564949823],[-74.20127534263133,40.62268827628623],[-74.20154553334768,40.622698052023274],[-74.20163201104117,40.62312156545757],[-74.20158494435563,40.6234983336816],[-74.20134408905501,40.62355256914707],[-74.20139733073725,40.623736121540844],[-74.20107662790335,40.624078346589954],[-74.20114394150427,40.62446772727723],[-74.20097848041529,40.62536232596617],[-74.20106090574286,40.625557784350896],[-74.201060800333,40.62589517900701],[-74.20118252353818,40.626110215709616],[-74.2012161553177,40.62605377157238],[-74.20141670667911,40.62607051389591],[-74.20098625565413,40.629344148106505],[-74.20080479681282,40.62933257144444],[-74.20075483895441,40.62959463411363],[-74.20047681715857,40.62965707750521],[-74.20042573785118,40.629821165953516],[-74.2004081277177,40.63025010119731],[-74.20077267097449,40.630248953413414],[-74.20079169384545,40.63035012431852],[-74.20040311643211,40.63029236277013],[-74.20018462159052,40.631328669464374],[-74.20042997715407,40.63135909807214],[-74.20040053118291,40.631459467819894],[-74.2001726540773,40.63136108053117],[-74.2000207995478,40.6316207362027],[-74.1986224779922,40.63273751535698],[-74.19843746919145,40.63278358177845],[-74.19816703201201,40.632707803230375],[-74.1980296109931,40.63277094193809],[-74.19797469315095,40.6328129705258],[-74.1980251993393,40.63302919247005],[-74.19789751678202,40.63294271906059],[-74.19772903870756,40.633058232673136],[-74.19734396061332,40.63299814705065],[-74.19678530632117,40.633392239771965],[-74.1967356218844,40.63351264729165],[-74.19687865668357,40.633761387721705],[-74.1965037536437,40.633896647617945],[-74.19631031190843,40.6340542321294],[-74.19617678891179,40.63438088099177],[-74.19620359550308,40.634686050233924],[-74.18987905134348,40.63135753026906],[-74.18676019394366,40.62997335952716],[-74.18657676396244,40.63016911911567],[-74.18606959868262,40.62995448121392],[-74.18408123934904,40.629043271787836],[-74.1817990746365,40.627845436594434],[-74.17929497262774,40.62636699657581],[-74.17766953851833,40.625064986047114],[-74.17572898554205,40.62323117459084],[-74.1746610126554,40.62250902502943],[-74.1736483682704,40.622072759658636],[-74.17266000378692,40.621758967789376],[-74.1698589701873,40.621393025560074],[-74.16812305135599,40.62104803122129],[-74.16562774665574,40.62002446269456],[-74.16312999340077,40.61884698223502],[-74.16170594501975,40.618084972862334],[-74.15898069549299,40.61636752499059],[-74.15731346635691,40.61516912629543]]]}},{"type":"Feature","properties":{"ntaname":"Freshkills Park (North)","boroname":"Staten Island","ntatype":"9"},"geometry":{"type":"Polygon","coordinates":[[[-74.16996967227739,40.57292660848067],[-74.16962557716029,40.56828066293792],[-74.16982582250603,40.56109042127681],[-74.17150818599195,40.56139773106547],[-74.17346451734343,40.56228693674818],[-74.17489480804915,40.56283901620865],[-74.17659366008475,40.563241329824464],[-74.17758036657031,40.563755440905766],[-74.17907699873177,40.56987500050622],[-74.179369199157,40.570548314404256],[-74.18376796248495,40.572559051198034],[-74.18440257868932,40.573006983143806],[-74.18609921674206,40.572528017640614],[-74.18749405681544,40.57278677157708],[-74.18903989512604,40.57266650664571],[-74.18903536546124,40.57388172356386],[-74.18922271665767,40.5753214370424],[-74.18918024923585,40.575525565624154],[-74.18955799839836,40.576270001225026],[-74.19006149169859,40.57626723973901],[-74.19020292635241,40.57633878200774],[-74.19054944443518,40.576298441372664],[-74.19064052941431,40.57668502919128],[-74.19195012998998,40.576575957919836],[-74.19749799921163,40.57885900159476],[-74.19887622570491,40.57930361964003],[-74.20058399959446,40.57951100141779],[-74.200488487946,40.57994977832515],[-74.20016899844596,40.58014100034316],[-74.19996699923995,40.58056800046482],[-74.2000805894048,40.581554557187054],[-74.19964981205854,40.58226262701897],[-74.19803344202843,40.58287871348663],[-74.19598651465469,40.58421306351083],[-74.19423261325561,40.5851468069237],[-74.19332419652648,40.585038281476926],[-74.19253422923927,40.58532329265201],[-74.19232388859866,40.58557483655644],[-74.19131783459515,40.58570448895072],[-74.1907685232148,40.58512746832264],[-74.18788096584716,40.586682277751486],[-74.1853858561741,40.587599653512925],[-74.18540233338032,40.58769396206942],[-74.18467991757967,40.58854430000972],[-74.18468075770302,40.58884808560936],[-74.18477863481213,40.589028183819],[-74.18498644547914,40.58923996598696],[-74.18529149797185,40.589365933896545],[-74.18650391816595,40.58943925039326],[-74.18292189718426,40.59327942685225],[-74.18255226126941,40.59355781527148],[-74.18207699921996,40.594249000319664],[-74.17954440204578,40.59674539875325],[-74.17822457221695,40.599828060947424],[-74.17491828595219,40.60221622686646],[-74.1725610301425,40.602977765708964],[-74.17178489216748,40.602643885855784],[-74.17121566155829,40.602502166412904],[-74.16719634764705,40.60207531162772],[-74.16828457999891,40.59643316595075],[-74.16886362231634,40.59472808665136],[-74.16778450060488,40.594185666427684],[-74.16673711904059,40.5938300452645],[-74.16585056471573,40.5936493905095],[-74.16360268159286,40.593374199160394],[-74.16346875666228,40.59299187056294],[-74.16341992127062,40.59244423534333],[-74.16578641105401,40.59070780380282],[-74.1676502624995,40.58888836543288],[-74.16796293919342,40.588304029171034],[-74.1684189655815,40.586578059751716],[-74.1696234487699,40.578429044925855],[-74.16996967227739,40.57292660848067]]]}},{"type":"Feature","properties":{"ntaname":"Oakwood-Richmondtown","boroname":"Staten Island","ntatype":"0"},"geometry":{"type":"Polygon","coordinates":[[[-74.12153728906142,40.575153252579646],[-74.1218533350965,40.57465318190026],[-74.12183079698006,40.5742170894698],[-74.12136044610841,40.57282674374046],[-74.12144535574095,40.57177561468195],[-74.1221685650392,40.57093949424375],[-74.1231349278997,40.57010679175812],[-74.12489904218616,40.56894914294893],[-74.12309281008055,40.56796636695864],[-74.11636336276891,40.56391563798744],[-74.11376161129482,40.56649719011018],[-74.1101394704014,40.56431066683339],[-74.1055764544284,40.561989973493276],[-74.10321583220052,40.56062071048734],[-74.10173732597997,40.55990557835702],[-74.10009549144357,40.55895344562346],[-74.1007996392811,40.558321821116074],[-74.1012435413979,40.557660830813155],[-74.10184637674703,40.556216988780186],[-74.10184032964895,40.55594463924145],[-74.10137477595708,40.55569237210694],[-74.10140516844865,40.55553852566267],[-74.10265076360245,40.556134404785396],[-74.10309839111532,40.555904641451335],[-74.10385795388449,40.55511816010212],[-74.10465943491393,40.554120467311456],[-74.10508907947455,40.553235468010854],[-74.10484447636338,40.553025814556435],[-74.10642822065084,40.55385337311889],[-74.10641256331932,40.55410827558521],[-74.1065636110126,40.55418692754817],[-74.10734831283652,40.55414815203135],[-74.10768623463983,40.55397667097512],[-74.10900753873781,40.55282490443808],[-74.11028457321653,40.55149635741835],[-74.11278846957893,40.54788426222187],[-74.11301045972775,40.54778006593415],[-74.11494202833097,40.54958865011587],[-74.11656289990475,40.54912774222835],[-74.11864720347508,40.55113992856191],[-74.118702494741,40.551300177877714],[-74.11856986254412,40.55147293790205],[-74.11945859159377,40.55222190604609],[-74.12730057734184,40.55729517311905],[-74.13042459507224,40.55443704306459],[-74.13321002462732,40.552383876379636],[-74.13885092683721,40.556951179870545],[-74.13818000935252,40.55759386649769],[-74.1366002932141,40.55838893918494],[-74.13561300165566,40.55898002728752],[-74.13530363363061,40.55942508939094],[-74.1348097327757,40.56082861923827],[-74.13340740082342,40.56212980570152],[-74.1331097915728,40.562867691866714],[-74.13173622883662,40.564539519637954],[-74.13459671279753,40.565270933906795],[-74.13527417135028,40.5655177616255],[-74.14131233542193,40.568433348755306],[-74.14438744938825,40.56970610117111],[-74.14387453487329,40.57060659469346],[-74.14418588119739,40.572037410508784],[-74.13378606568072,40.57329660401624],[-74.1327843609998,40.5734790942342],[-74.12773493482419,40.575206624554205],[-74.1274928230909,40.575425158118804],[-74.12706746958176,40.57640521917216],[-74.12535275635315,40.57590104302102],[-74.1231838059618,40.57575185339364],[-74.12209601973252,40.575132587377],[-74.12153728906142,40.575153252579646]]]}},{"type":"Feature","properties":{"ntaname":"Great Kills-Eltingville","boroname":"Staten Island","ntatype":"0"},"geometry":{"type":"Polygon","coordinates":[[[-74.14699303293699,40.570485923476994],[-74.14634725216146,40.57051823414815],[-74.14131233542193,40.568433348755306],[-74.13527417135028,40.5655177616255],[-74.13459671279753,40.565270933906795],[-74.13173622883662,40.564539519637954],[-74.1331097915728,40.562867691866714],[-74.13340740082342,40.56212980570152],[-74.1348097327757,40.56082861923827],[-74.13530363363061,40.55942508939094],[-74.13561300165566,40.55898002728752],[-74.1366002932141,40.55838893918494],[-74.13818000935252,40.55759386649769],[-74.13885092683721,40.556951179870545],[-74.1331682593334,40.55235617916022],[-74.13455868159954,40.55125507820446],[-74.13607343283425,40.55043330077783],[-74.13738988034493,40.54959237019136],[-74.13734798549274,40.549564998978965],[-74.13836533062728,40.548661215063895],[-74.138411936361,40.548691832156166],[-74.13865265777541,40.54848581744848],[-74.13711185568107,40.547023482811085],[-74.13585712456327,40.546451696213715],[-74.13641153119026,40.54625235004207],[-74.13651613439171,40.54591474713276],[-74.13697129085212,40.5459749879037],[-74.1370644605977,40.54595749698572],[-74.13702342911336,40.54588496485551],[-74.13709627808753,40.545952217654616],[-74.13706316637999,40.54586400799247],[-74.1371798712987,40.54579286466078],[-74.13626085280931,40.54496329743614],[-74.13611540724054,40.545019845680066],[-74.13638379802063,40.54485467200903],[-74.13628433241061,40.54494704058953],[-74.1371928751982,40.54578429520283],[-74.13750833508846,40.5455775572389],[-74.13673370161484,40.54480374252663],[-74.13658907071057,40.544845486096115],[-74.13687348630864,40.5446825939102],[-74.13674888757124,40.544782584983345],[-74.13742434617801,40.545466247547225],[-74.1375028996026,40.54542009226431],[-74.13744723484227,40.54549436974299],[-74.13794966050548,40.54600033657565],[-74.13868599030415,40.54543627770578],[-74.13886951340523,40.54513019811007],[-74.13869488246425,40.54499107030523],[-74.13872158725846,40.54492928743039],[-74.13810404192895,40.5444989905797],[-74.13804143918787,40.54454775280531],[-74.13762430745243,40.54425356692105],[-74.13775620755665,40.54414492877839],[-74.1376791831006,40.5442586257182],[-74.13802791690193,40.54450591667183],[-74.13810064050065,40.54445865189606],[-74.1387553470356,40.54493395892961],[-74.13901965079306,40.5447155610301],[-74.13798990164315,40.54399004328696],[-74.13786798524534,40.54405254413111],[-74.13804346897703,40.54390456196136],[-74.13801001828881,40.543971226914735],[-74.13903307178522,40.54470490979767],[-74.13953937915745,40.544295140872336],[-74.13943253002753,40.54421721801899],[-74.13910838810352,40.54447295798515],[-74.13914541346126,40.54450958012015],[-74.13903265990314,40.54442809733332],[-74.13909334926191,40.544460688869435],[-74.13942069337877,40.54420594353738],[-74.1392876729529,40.544116589404844],[-74.13897454160877,40.544376101820696],[-74.13890742982488,40.54432897553369],[-74.13915675876315,40.54419811050679],[-74.13922032859702,40.54406669966887],[-74.13908266855009,40.54396822488413],[-74.13883900358991,40.5441735200842],[-74.13887570388356,40.54424355793506],[-74.13872812446066,40.544130023037816],[-74.13882839412128,40.54415924074431],[-74.13907750658744,40.54396015366844],[-74.13883460585515,40.543791358388106],[-74.1385375337886,40.54404148861398],[-74.1385858115911,40.544104638490474],[-74.1384153583861,40.543978426813894],[-74.13851174337033,40.54402358193508],[-74.13882325395878,40.543784055399456],[-74.13853996268223,40.543587927687724],[-74.13846183951553,40.54371528689732],[-74.13835645886167,40.54365220578588],[-74.13820667266971,40.543773677857644],[-74.13827964456058,40.54386669457077],[-74.13815068621103,40.543772036757375],[-74.13836531286421,40.54360179918799],[-74.13843929330592,40.54364185611483],[-74.13852649744686,40.54357854280884],[-74.13844148726754,40.54361964466249],[-74.13848274781958,40.543539303551796],[-74.13834151288614,40.543551827809054],[-74.13852282835141,40.54340155074948],[-74.13845971967868,40.543506285991725],[-74.13859005240393,40.54345034036763],[-74.13853314542554,40.543544367341084],[-74.13956971698569,40.54427227483074],[-74.13983697786095,40.54405246234102],[-74.13870632397385,40.543291411337165],[-74.13890636539452,40.543131777602504],[-74.13877140226944,40.54329133270572],[-74.13886061078239,40.5433656938735],[-74.13903671923063,40.5432269944434],[-74.13894447378168,40.54333946290882],[-74.13898355608603,40.54338441137312],[-74.1396764048069,40.54388899585884],[-74.13988897406256,40.54375247188513],[-74.13970350694184,40.54390877718646],[-74.1398652726434,40.54402684400971],[-74.14004115970624,40.54388399962403],[-74.14001283835921,40.54383042684498],[-74.14031078013868,40.54405040205587],[-74.14038573073617,40.544033185008075],[-74.14046054656262,40.543932017356816],[-74.1403284869439,40.543802086768714],[-74.14023491179564,40.54382610831686],[-74.14028458104862,40.54377162512771],[-74.13934994841908,40.543096085094376],[-74.13921993485886,40.54316608513808],[-74.13940810077389,40.543016584082835],[-74.13938508033546,40.543088781862046],[-74.14022641531369,40.543696063328355],[-74.14029571947275,40.543640457658285],[-74.14012638219599,40.54351339341706],[-74.14028734539116,40.5433850711193],[-74.13945753440684,40.542785602098675],[-74.13936132804027,40.54282586399888],[-74.1395368154802,40.54268215086996],[-74.13947877205682,40.54276849257787],[-74.14030634258137,40.54336711011456],[-74.14062715566955,40.54311302969269],[-74.13975584890552,40.542481156158004],[-74.13963169074272,40.542541098068966],[-74.13985859891679,40.542357175129375],[-74.13977484776484,40.54246404779891],[-74.14064614869928,40.5430942154049],[-74.14084520303737,40.54293884447668],[-74.14104442644137,40.54308698562655],[-74.14109069897191,40.54305205535602],[-74.14098421950682,40.542948997587544],[-74.14125673409742,40.54315014688887],[-74.14132426794353,40.54309413433302],[-74.1403850058994,40.54242077086415],[-74.14040685268897,40.54236085545142],[-74.14028673369373,40.54245578801652],[-74.14016510037457,40.54236621843368],[-74.14033528229646,40.54222820875716],[-74.14020723540699,40.542365224299324],[-74.1402863017844,40.542422126531214],[-74.14040656300695,40.54232708255226],[-74.14048119210136,40.54238203751141],[-74.1404271914179,40.542424662941066],[-74.14129718766439,40.543061288181356],[-74.14141073560408,40.54302241508055],[-74.14107892119061,40.54279117185177],[-74.1411614790294,40.542718673715],[-74.14108436804693,40.542638913704046],[-74.14132653105811,40.54274704748751],[-74.14114311233298,40.542587659354986],[-74.14124949366365,40.54266034135916],[-74.14133547193083,40.54258879297304],[-74.14056897693413,40.54205256919171],[-74.14046378256693,40.542127442536135],[-74.14026290400702,40.54196151152278],[-74.14049581011314,40.54206085532416],[-74.14067998093041,40.54190859297123],[-74.14061919912058,40.54205602214666],[-74.141349013796,40.542577523131754],[-74.14146151585437,40.542483902224085],[-74.14129442123794,40.54233587638847],[-74.14148097474445,40.54246770907066],[-74.14153109439724,40.54242600080072],[-74.14134854694547,40.542290464871066],[-74.14154957906085,40.54241061800736],[-74.14179719957052,40.54220041538255],[-74.14089451090516,40.54157111018776],[-74.14063984172134,40.54169454203749],[-74.14095816832888,40.54143207796516],[-74.140894775834,40.54153709486072],[-74.14187307971923,40.542166658129624],[-74.1416722624308,40.54233546409541],[-74.14229632246266,40.54225784965829],[-74.14218344220694,40.542017860550104],[-74.14235183775372,40.54168143281428],[-74.14233794435549,40.541512648253956],[-74.14247662236058,40.54133371027757],[-74.14220447533609,40.540962267900966],[-74.14226793838115,40.54080754429991],[-74.14204152478355,40.54064981042463],[-74.14207489936221,40.54051345279049],[-74.14190836281284,40.54036409376559],[-74.14190488240087,40.54021670143875],[-74.14177661383256,40.54008845633491],[-74.14188655355451,40.539987209325155],[-74.14184063475035,40.53974592264974],[-74.14200459282473,40.539567959164565],[-74.14172892651293,40.53933948409726],[-74.14230351275852,40.53906997528989],[-74.14223700269909,40.53903065475156],[-74.1423383157749,40.538949190408566],[-74.14176587793868,40.53854204150254],[-74.14226513007999,40.53814035366493],[-74.14186762291457,40.53844409071938],[-74.14222992228778,40.53811445287569],[-74.14207893644108,40.538003964285316],[-74.1421671801914,40.53793276106833],[-74.14121865335657,40.53725399893524],[-74.14104157916334,40.53734688446226],[-74.14129825471927,40.53713817845116],[-74.14124113051692,40.537234692236865],[-74.14218574841665,40.537917777286474],[-74.142389636896,40.53775326000239],[-74.14158287625018,40.53708757795338],[-74.14173410572272,40.537039510874926],[-74.14305162613793,40.537239873856684],[-74.14383385685339,40.537136911849835],[-74.14418283373914,40.53679403136693],[-74.14455507258062,40.53594693127312],[-74.14474069813576,40.5358010442114],[-74.14543374382961,40.5358230728271],[-74.14602008284655,40.53555352772052],[-74.14594981064577,40.53543232026104],[-74.14599669615095,40.53539039281208],[-74.14669647685274,40.53541430804622],[-74.14794319980366,40.5349230174966],[-74.14921733198096,40.53424158776191],[-74.14977717423358,40.53388786880264],[-74.14975846489824,40.53342430275565],[-74.15030045304682,40.532922722368696],[-74.15021506106473,40.532897345219965],[-74.15031544439398,40.53290835175527],[-74.15069553552408,40.53254583893819],[-74.1511202569052,40.532741382506885],[-74.15175798831618,40.53240179402822],[-74.15168241234379,40.5322764228883],[-74.15185337744485,40.5321640210235],[-74.15212000379614,40.53217795388151],[-74.15245660936574,40.532067943498475],[-74.15400107666713,40.53083155281913],[-74.15389831682721,40.53067377343833],[-74.15410381534747,40.53076082199778],[-74.15449818827862,40.53031774276386],[-74.15462807870793,40.53035429675414],[-74.15469794899194,40.530248880104004],[-74.15449652300563,40.53010216686221],[-74.15454357374338,40.530062135801224],[-74.15492894849395,40.53022548357582],[-74.15564782339436,40.52964298459843],[-74.15550357251377,40.52943802684051],[-74.15573153369051,40.529600904030936],[-74.1559900025442,40.52941960271475],[-74.15644868150012,40.52893184170155],[-74.15613437434128,40.52864936882063],[-74.15618731852328,40.528611371091884],[-74.15667105208163,40.52899331160743],[-74.15701861946272,40.52897765580974],[-74.1582610310742,40.52830049966575],[-74.15797239457906,40.52806708584459],[-74.15832645126989,40.52827842678335],[-74.15890180648705,40.527935908563805],[-74.15939460542376,40.52742775264716],[-74.15970134520087,40.527295992329115],[-74.15988276897272,40.52736935821625],[-74.16441461183055,40.533502945439295],[-74.16872899049814,40.53952625909837],[-74.16901768927826,40.540096720770606],[-74.16891524988489,40.54046288627097],[-74.1690953549095,40.54102743259857],[-74.17516866688504,40.54377553058066],[-74.18073102506344,40.546679815299925],[-74.17989172433573,40.54766283537272],[-74.17942703423205,40.548339056682615],[-74.17621902235055,40.55437102497936],[-74.17594325444493,40.554911583810785],[-74.175973652715,40.55509877531128],[-74.17565395121544,40.55568954249012],[-74.17408773859523,40.55807600211668],[-74.17349322276512,40.559674401051126],[-74.17321541453633,40.56007766285998],[-74.17185166456856,40.561520923021405],[-74.17110336283419,40.5612850300861],[-74.16494149293702,40.560111797638946],[-74.16377941502317,40.56031697962338],[-74.16153130017474,40.56126935448106],[-74.15741136739638,40.5624985667578],[-74.15685884049493,40.562789094575955],[-74.15585090370675,40.56377444522291],[-74.15502927821258,40.56509341371812],[-74.15466447665042,40.56551344318811],[-74.15357985465563,40.566253186640196],[-74.15171497164661,40.56788728420555],[-74.1503313157434,40.56891285968531],[-74.14790142170932,40.570889581108474],[-74.14699303293699,40.570485923476994]]]}},{"type":"Feature","properties":{"ntaname":"Arden Heights-Rossville","boroname":"Staten Island","ntatype":"0"},"geometry":{"type":"Polygon","coordinates":[[[-74.17794544142512,40.56398336711049],[-74.17659366008475,40.563241329824464],[-74.17500041378516,40.56287547776676],[-74.17346451734343,40.56228693674818],[-74.17185166456856,40.561520923021405],[-74.17321541453633,40.56007766285998],[-74.17349322276512,40.559674401051126],[-74.17408773859529,40.55807600211668],[-74.17565395121544,40.55568954249012],[-74.17597365271506,40.555098775311244],[-74.17594325444493,40.55491158381074],[-74.17621902235055,40.55437102497936],[-74.17942703423209,40.54833905668258],[-74.1798917243358,40.54766283537272],[-74.18073102506344,40.54667981529989],[-74.1875734734277,40.55014768293606],[-74.18858834960737,40.54894385055932],[-74.18929875744895,40.548378302423444],[-74.1927385771099,40.54614001713753],[-74.1958618560285,40.54431814885974],[-74.19730759051119,40.54326204622896],[-74.19833192827926,40.5430295921267],[-74.20023944593186,40.542847166186604],[-74.20349157974407,40.542151428265896],[-74.2069901807071,40.541746680181284],[-74.21217844475578,40.541388265016124],[-74.2147509895201,40.54140536743101],[-74.2177889300695,40.54112540160595],[-74.21844304925177,40.54296149275314],[-74.2213156264965,40.55025307436053],[-74.22114869759753,40.550489658404786],[-74.21911576391385,40.552232314138195],[-74.21778377554132,40.55304918803179],[-74.21789528076901,40.5537398454427],[-74.21787719052297,40.554243428603385],[-74.21756752792291,40.55458581092408],[-74.21491900919649,40.55554545702527],[-74.21350175429647,40.555667619111716],[-74.21220033961043,40.55644343036306],[-74.21050789381333,40.55706418237116],[-74.20699885216024,40.55756748910412],[-74.20613872468545,40.55754450634722],[-74.20520041044203,40.55733222103733],[-74.20440667329153,40.55695788671274],[-74.20358414233537,40.55624965909996],[-74.20322864603428,40.556081142270386],[-74.20194631667609,40.55587385313366],[-74.20091501274085,40.556005261052],[-74.20018273856881,40.556454434239974],[-74.19769481155731,40.55888705419156],[-74.1938615075442,40.56222232150761],[-74.19352912548528,40.56242559583281],[-74.19317388298266,40.56260434487513],[-74.19288347934547,40.562653840506385],[-74.19175412901556,40.56250762770017],[-74.19091666329804,40.56261966510492],[-74.19065725690967,40.562709567338665],[-74.18997972996691,40.56331160689364],[-74.18947754545948,40.563580991679686],[-74.18525395887458,40.56454935521814],[-74.18439606673734,40.56505598425243],[-74.183623708385,40.56536826481549],[-74.18272650599992,40.56549428383791],[-74.18180816582793,40.56538457936648],[-74.17794544142512,40.56398336711049]]]}},{"type":"Feature","properties":{"ntaname":"Annadale-Huguenot-Prince's Bay-Woodrow","boroname":"Staten Island","ntatype":"0"},"geometry":{"type":"Polygon","coordinates":[[[-74.18757347342765,40.55014768293606],[-74.17516866688504,40.54377553058066],[-74.1690953549095,40.54102743259857],[-74.16891524988489,40.54046288627097],[-74.16901768927826,40.540096720770606],[-74.16872899049814,40.53952625909837],[-74.16485861472816,40.53410481777489],[-74.15988276948492,40.52736935815962],[-74.16005554683797,40.52734493861712],[-74.16034097376038,40.52754982762875],[-74.16158217423518,40.52701347777687],[-74.1622719610864,40.52719426180595],[-74.16312608537125,40.52676093369112],[-74.16372001594736,40.52635003249365],[-74.16388629373284,40.52632451923431],[-74.1655417511386,40.52541961918436],[-74.16657896787397,40.525016503863704],[-74.16884431819767,40.5235906811516],[-74.16999711161473,40.523045772452576],[-74.17050791660368,40.523048719785685],[-74.17108803104712,40.52343161839181],[-74.17128682067415,40.523457767642434],[-74.17269667263014,40.522968735523776],[-74.17342635928968,40.52256915991767],[-74.17601245479067,40.520875962829265],[-74.17761992136633,40.51932993503639],[-74.17758295522239,40.51923086736882],[-74.17831876687067,40.5199457857981],[-74.17886114181039,40.52004366566252],[-74.179243813445,40.519984216676356],[-74.17939137553202,40.52027827878748],[-74.1798101694893,40.5205523377063],[-74.18105192746964,40.520663254540764],[-74.18243461417494,40.520318205802404],[-74.18316855058309,40.51990627326035],[-74.18342370583268,40.5198897240656],[-74.184831164799,40.51934135910359],[-74.1865673319135,40.51811585040507],[-74.18849871610387,40.51631272655313],[-74.18926875557469,40.515344977375136],[-74.18884297821849,40.5150871663459],[-74.1894507396979,40.51534873644355],[-74.18971218498393,40.51532037853449],[-74.19178922663296,40.513051644123614],[-74.192208698358,40.512793534169724],[-74.19344318349437,40.51156730997422],[-74.19409643736367,40.51064124236241],[-74.19521339999068,40.509977652955875],[-74.19593485609657,40.50985620307622],[-74.19649936986063,40.50992353048525],[-74.19860831704987,40.5111970231467],[-74.19967205359374,40.51142685047984],[-74.19992695040725,40.51182804548663],[-74.20005925616819,40.51261937203846],[-74.19990247926103,40.512721865205044],[-74.19892572794019,40.51277730650115],[-74.19907307095482,40.51308388453719],[-74.19918724694908,40.513093162152884],[-74.19928603075309,40.51299594024469],[-74.19995659988135,40.51293021841032],[-74.20082898254392,40.51303070446121],[-74.20268081102336,40.51273866175481],[-74.204797379034,40.51229356995674],[-74.20530532180614,40.51232600498016],[-74.20756866998165,40.51185615162791],[-74.20820370574602,40.511638980458],[-74.20898954521239,40.511263112387574],[-74.2096878939744,40.51079736934264],[-74.20927776586194,40.510483379847145],[-74.2091899682504,40.51049905695538],[-74.20932200398505,40.51039862939939],[-74.20930183457776,40.510461710567306],[-74.20971374205719,40.510777702740555],[-74.21013466033601,40.51041675033073],[-74.21074115188405,40.50969101716236],[-74.21110649762768,40.5090404461133],[-74.21130869266948,40.508914333002416],[-74.21180347991107,40.50829641670932],[-74.21179183198154,40.508173273997755],[-74.21198682416689,40.50810359168399],[-74.21227147519917,40.507667503275705],[-74.21241247755225,40.50762853289339],[-74.21263191376386,40.50735860955344],[-74.21338169971648,40.506766288517355],[-74.21353206367547,40.50659164952076],[-74.2135313080367,40.506397477228056],[-74.2138553385419,40.50660702497607],[-74.21434250129722,40.506518911287486],[-74.21496518636381,40.50616104895304],[-74.21565837410027,40.50561657743336],[-74.21754755029839,40.503360049492116],[-74.2179457023221,40.50336009050678],[-74.2182869203203,40.503182073553944],[-74.21977016413433,40.50274268831762],[-74.22063842804553,40.50274870264069],[-74.22184144387126,40.5025384173564],[-74.22211299867861,40.50318399994673],[-74.2220849985328,40.5042720014158],[-74.2231159988773,40.50484399999219],[-74.22318830799011,40.505538650011815],[-74.2229159982704,40.507227000256954],[-74.22321582339256,40.50865861081407],[-74.22657761120445,40.517270650144845],[-74.2267232877282,40.51916332058878],[-74.2260682711951,40.51887643063512],[-74.22567982751566,40.518561830416125],[-74.22475670969936,40.51832259712255],[-74.2237959579363,40.51819634592904],[-74.22499765853073,40.52046066135082],[-74.22423604366516,40.52199396607608],[-74.2239845577237,40.522869520888655],[-74.22482100538618,40.52299331050159],[-74.22468933226631,40.52323228244607],[-74.22412133616149,40.523205827645285],[-74.22398775719164,40.52326784692407],[-74.22369980470266,40.52499287062142],[-74.22359412659941,40.526305925294096],[-74.22394884392557,40.53083583060911],[-74.22456676676615,40.53702124285877],[-74.2244751411176,40.53890806628754],[-74.22416101615856,40.54106700792713],[-74.22342751071987,40.5436043321642],[-74.2221411935891,40.546331412766676],[-74.22064536037085,40.54859150967488],[-74.21778893006945,40.541125401605996],[-74.2147509895201,40.541405367431054],[-74.21217844475578,40.54138826501616],[-74.2069901807071,40.54174668018132],[-74.20349157974407,40.542151428265896],[-74.20023944593186,40.54284716618664],[-74.19833192827926,40.5430295921267],[-74.19730759051113,40.54326204622896],[-74.19586185602846,40.54431814885974],[-74.1927385771099,40.54614001713757],[-74.1892987574489,40.54837830242348],[-74.18858834960731,40.54894385055932],[-74.18757347342765,40.55014768293606]]]}},{"type":"Feature","properties":{"ntaname":"Tottenville-Charleston","boroname":"Staten Island","ntatype":"0"},"geometry":{"type":"Polygon","coordinates":[[[-74.21324031408828,40.55667262424103],[-74.20569605025547,40.558516005602925],[-74.2069988521602,40.55756748910415],[-74.21050789381327,40.55706418237116],[-74.21220033961043,40.556443430363096],[-74.21350175429642,40.55566761911176],[-74.21509339535018,40.55549893255988],[-74.21743499008304,40.554651465417116],[-74.21773358199421,40.554457170148304],[-74.21787719052297,40.55424342860343],[-74.21790502217154,40.553908470724906],[-74.21778377554132,40.55304918803183],[-74.21911576391379,40.55223231413822],[-74.22114869759753,40.55048965840485],[-74.2213156264965,40.55025307436053],[-74.22064536037085,40.54859150967488],[-74.22196601427792,40.54663897695513],[-74.22312973632955,40.544323990876705],[-74.22349827680979,40.54340861444952],[-74.22397104932324,40.54187201952583],[-74.22432217036898,40.540164505726864],[-74.22452629579469,40.538278243874636],[-74.22456676676615,40.53702124285877],[-74.22394884392557,40.53083583060911],[-74.22359412659941,40.526305925294096],[-74.22369980470266,40.52499287062142],[-74.22398775719164,40.52326784692407],[-74.22412133616149,40.523205827645285],[-74.22468933226631,40.52323228244607],[-74.22482100538618,40.52299331050159],[-74.2239845577237,40.522869520888655],[-74.22423604366516,40.52199396607608],[-74.22499765853073,40.52046066135082],[-74.2237959579363,40.51819634592904],[-74.22475670969936,40.51832259712255],[-74.22567982751566,40.518561830416125],[-74.2260682711951,40.51887643063512],[-74.2267232877282,40.51916332058878],[-74.22669461462563,40.51854872676008],[-74.22657761120445,40.517270650144845],[-74.22321582339256,40.50865861081407],[-74.2229159982704,40.507227000256954],[-74.22318830799011,40.505538650011815],[-74.2231159988773,40.50484399999219],[-74.2220849985328,40.5042720014158],[-74.22211299867861,40.50318399994673],[-74.22184144387126,40.5025384173564],[-74.22211262695903,40.50260205034628],[-74.22247162611438,40.50250169082406],[-74.22304657848122,40.50247817860867],[-74.22336089183645,40.502312537908956],[-74.22391804808397,40.50224773408146],[-74.22444440868648,40.50196274325488],[-74.22507057813161,40.50176464516368],[-74.2266157423934,40.502219070980345],[-74.22729413517966,40.50229749912169],[-74.22843856574715,40.50225668530893],[-74.22971584171228,40.502085687589165],[-74.23033039937471,40.501863262085955],[-74.2303389250036,40.501804178874764],[-74.23055401780135,40.501946854659934],[-74.2312444324436,40.501826860821765],[-74.23359904119738,40.50091253160142],[-74.23526495944597,40.50060602871536],[-74.23642784022809,40.50007741253468],[-74.23678845614225,40.50000083546577],[-74.23740362027449,40.499500438058774],[-74.2376677035975,40.49912325493395],[-74.23798737387625,40.49916598084827],[-74.23851321635341,40.49889607536387],[-74.23984851236642,40.49758301313815],[-74.24095895398543,40.49764327908168],[-74.24213374088167,40.49752329766127],[-74.24278408346605,40.49763670724478],[-74.24432798252431,40.49754674020985],[-74.24548938982623,40.497044773867316],[-74.2467610277419,40.49613398761203],[-74.24757893521297,40.496178854070635],[-74.24837449690861,40.49633059884152],[-74.24964219479591,40.49683795483123],[-74.25085489422248,40.4980061635954],[-74.25110411485612,40.49893419735174],[-74.2514705292901,40.49919119512836],[-74.2525998273979,40.49964307538386],[-74.2531612450116,40.50012537621635],[-74.25340575136973,40.50051414573515],[-74.25384590620644,40.50163566934477],[-74.25427407656716,40.502161180509816],[-74.25472027611403,40.50296520065719],[-74.25523408934774,40.50393456923267],[-74.25534274727752,40.504302398677126],[-74.25530710377622,40.50653645411922],[-74.25558915994101,40.507645320522165],[-74.25553185854763,40.50786122885206],[-74.25524817753366,40.50824323121578],[-74.25462856709909,40.508674825727205],[-74.2549813000949,40.50877117277594],[-74.25497290370959,40.50880566213341],[-74.25461850728021,40.50868390880002],[-74.25448711664836,40.50880437483048],[-74.25434543215597,40.5087916526541],[-74.25412000836137,40.508991167103204],[-74.25399753082058,40.50897031494752],[-74.25411121318568,40.509167047180924],[-74.25403804567854,40.50925267164586],[-74.25430713012459,40.50937626384619],[-74.25438877737021,40.50934418413483],[-74.25431454169502,40.50941369515178],[-74.25402069505333,40.509272975787646],[-74.25389169939272,40.509423932520164],[-74.25368911881061,40.50942559643936],[-74.25456815513067,40.50988011080031],[-74.25464651262905,40.50982624592461],[-74.25452621732236,40.50997301488114],[-74.25455333637105,40.509895972679146],[-74.25364812518256,40.5094705304365],[-74.25331579805132,40.50986150454117],[-74.25314984243326,40.510388497044545],[-74.25306394553081,40.511055257369975],[-74.2532580688567,40.51108868938098],[-74.25306274811025,40.511067653457964],[-74.25300847211699,40.51119398970707],[-74.25308195034557,40.51139283989576],[-74.253526850769,40.51167776653465],[-74.2530363538174,40.51143316096152],[-74.25299713901227,40.511859145919765],[-74.25308950868654,40.512121961374085],[-74.2519519748828,40.51299700204483],[-74.2519293126887,40.513209444490435],[-74.25214378829148,40.51355347081711],[-74.2521259139706,40.51371037980015],[-74.25135331413048,40.5143928980403],[-74.25061193066347,40.51468099904223],[-74.25011171056995,40.5150448198553],[-74.25007568832649,40.51521909275458],[-74.25055526413557,40.51571634242909],[-74.25045509857972,40.515772007110684],[-74.25019601571452,40.515509931094016],[-74.25027518309636,40.51546306675999],[-74.25015626516763,40.515361188199655],[-74.24988824874998,40.51552154519314],[-74.25047627306114,40.516117299299566],[-74.2505600727182,40.51610674053004],[-74.25041535921194,40.51618833452352],[-74.25045139325613,40.51612945938256],[-74.24935660923893,40.51500592819388],[-74.24927734257923,40.51505009569945],[-74.24933775243687,40.51514081437956],[-74.24921528676096,40.51508486129946],[-74.24963220109235,40.515545377951206],[-74.24951393678674,40.51569398097668],[-74.24994158808036,40.51613748819118],[-74.24943096899277,40.51568788610029],[-74.24864764632107,40.51611262849697],[-74.24884323664611,40.51630588956233],[-74.24868189274346,40.51618172785646],[-74.248624669402,40.51621575055057],[-74.24875958315138,40.516356221134416],[-74.24854589291671,40.51616991714866],[-74.24851245601104,40.51622571739883],[-74.24860080823233,40.51631333242066],[-74.2482842208389,40.51648694955386],[-74.24894624665613,40.51719453978692],[-74.24940770788909,40.51698083041867],[-74.24851449056031,40.517475626265245],[-74.24891910587387,40.517208434196675],[-74.24751811835532,40.515735864778854],[-74.24693048008477,40.51606645441794],[-74.24659499869348,40.51607244351721],[-74.24644039650948,40.51596502750351],[-74.24612857679283,40.51613739257391],[-74.24630085040997,40.51614061103558],[-74.24674997194062,40.5164956132407],[-74.24651040267673,40.516669855306176],[-74.24699556996588,40.517182085195735],[-74.24647899705508,40.51668732771364],[-74.24637736435442,40.516739093359135],[-74.24653682834443,40.51695996088228],[-74.24634969801765,40.51675337193509],[-74.245208614625,40.5172897436257],[-74.24566989001562,40.51778970855405],[-74.24559938749194,40.51785729450072],[-74.24571276694398,40.517984422124314],[-74.2456347316994,40.518075580745965],[-74.24508804460534,40.51806683940441],[-74.24429835217606,40.51851500310796],[-74.24365228511596,40.51829461462335],[-74.24282337422676,40.51830818329599],[-74.24263711942864,40.518242768834625],[-74.24232477833276,40.51832652502193],[-74.24125968675028,40.51918046932055],[-74.24109075921773,40.519345604331704],[-74.24103122918544,40.519542512688126],[-74.24049069687521,40.51919162846761],[-74.24009650833139,40.519868230532005],[-74.23984977618808,40.52000168482093],[-74.23982258316771,40.52009071144395],[-74.23991820715061,40.52011367795768],[-74.24003142061719,40.5203131190187],[-74.24055584307511,40.520447528900256],[-74.2407328454876,40.52056915165404],[-74.24117293552197,40.52106013143217],[-74.24133219575523,40.520894517580395],[-74.24293235036323,40.521227160630374],[-74.24258375639448,40.5221986490008],[-74.24276246783715,40.52272678912772],[-74.24261397838434,40.52308093752467],[-74.2427395761292,40.523267485528656],[-74.2428015694389,40.52400729679086],[-74.24335792685498,40.524818912815405],[-74.24396500758677,40.52490536583547],[-74.24396835839076,40.5249989335868],[-74.24333883884039,40.52585380568276],[-74.2430738951373,40.52669417721691],[-74.24303493813956,40.527067839223804],[-74.2428867441094,40.5272973359152],[-74.24287584567703,40.52758625836365],[-74.24294799832866,40.52772601705572],[-74.24284226712035,40.52800297456053],[-74.2428867138121,40.52820013082621],[-74.24251028997365,40.52844593476356],[-74.24242002838024,40.528734436730375],[-74.24245540959376,40.528954699547505],[-74.2421880176231,40.52943755166044],[-74.24216769876057,40.52970480867319],[-74.24224528137324,40.529822779505146],[-74.2417116046203,40.53053729306696],[-74.24150733322897,40.53104134279533],[-74.2415309233182,40.531470073292496],[-74.24171924066688,40.53160972765367],[-74.24166784213212,40.531923319447735],[-74.24181061621528,40.5325626754217],[-74.24217799663413,40.53257613897937],[-74.24228200338332,40.5333874970205],[-74.24207044355147,40.53347940083749],[-74.24196458870276,40.53363371793077],[-74.24204570286004,40.53434637705064],[-74.24240026879407,40.53475292789573],[-74.24263289675442,40.53478335430915],[-74.2426301545685,40.53492896961477],[-74.24286609209756,40.535171618177976],[-74.24295641189781,40.53540676169805],[-74.24332459386453,40.53564965326293],[-74.24369670587637,40.53608011192729],[-74.2441249598849,40.53619629572923],[-74.24397655106576,40.53646049855938],[-74.24414782538697,40.53688140991723],[-74.2445875391072,40.53693292707299],[-74.24493693114279,40.53666387641475],[-74.24521393085176,40.536766407513696],[-74.24533651176237,40.5369059949374],[-74.24535957048438,40.53701335061738],[-74.2452587110649,40.537146089448015],[-74.2449619248464,40.53724338859952],[-74.24480104574177,40.537385392187254],[-74.2444855276317,40.537797481550385],[-74.24442748922033,40.53801643339913],[-74.2444702508515,40.538158581791926],[-74.24468147600625,40.53834001491326],[-74.24468448971047,40.53849711057635],[-74.24511419899554,40.53893868265135],[-74.24539376219913,40.53955167471587],[-74.24542969776915,40.540385765367645],[-74.24560205698324,40.540949594577555],[-74.24582363793573,40.54105394518446],[-74.24599284790557,40.541278932158036],[-74.2462602701755,40.54193061177842],[-74.24648614815786,40.54221339265584],[-74.2476777803961,40.543125403303],[-74.24792244709678,40.54304911927155],[-74.24803463735688,40.543093240441635],[-74.24770550072215,40.54352432044172],[-74.24761937463568,40.54350933127694],[-74.24613743768708,40.54569644693217],[-74.24336346552948,40.54786513573861],[-74.24329878677618,40.547828344531894],[-74.2435844765117,40.547623990376195],[-74.24293585929021,40.54711321924541],[-74.24220318463067,40.54694867729517],[-74.24179850544299,40.54700162778576],[-74.24039182810051,40.54766331017396],[-74.23939195750435,40.5483602848394],[-74.23876882860985,40.54894167524401],[-74.23837191304226,40.54914156681453],[-74.23761963467504,40.550123469081406],[-74.23688278114177,40.55029792275871],[-74.23641459661086,40.550508223953976],[-74.23628825134065,40.55069369950581],[-74.23616473136117,40.55142942466193],[-74.23650799202574,40.552027270991765],[-74.23649544338242,40.55221437360132],[-74.23639962086499,40.55233533319216],[-74.2348986580098,40.553005217174075],[-74.2341502629073,40.55277908804199],[-74.23377755011583,40.55251419951387],[-74.23332400080318,40.55250914356611],[-74.23269611466445,40.55292810595],[-74.23229112867268,40.55336369797718],[-74.23193331444938,40.55414983011733],[-74.23121793211251,40.55486078455038],[-74.23071036198294,40.55555759476172],[-74.23055514386452,40.555563741384354],[-74.23024952153514,40.5553867461628],[-74.22978862412488,40.555516497963815],[-74.22931954185886,40.555491587465546],[-74.22924779391576,40.55561013666188],[-74.22935253825372,40.555750600118024],[-74.22924756014353,40.55587091141046],[-74.22914086703469,40.555872787574074],[-74.22905162187638,40.55610708210527],[-74.22872429974608,40.556297016636826],[-74.22833214372007,40.55639035431165],[-74.22810792998989,40.55636161422434],[-74.22743682730528,40.556038533516634],[-74.22676949189993,40.55611098518444],[-74.22640494543121,40.556255713348634],[-74.22390334134657,40.55589706604731],[-74.2238642149825,40.556097694585674],[-74.22344265106311,40.55604656990374],[-74.22347210933358,40.5559458695641],[-74.22375741210317,40.55598102566968],[-74.22378606708787,40.55588026700477],[-74.22316128942742,40.555787142691976],[-74.22297219698923,40.555503374124164],[-74.22257486801371,40.55540620977982],[-74.22237077098528,40.555487153571896],[-74.22179863887051,40.55541707075928],[-74.22157006613199,40.55564898295788],[-74.22145260819202,40.55552907449657],[-74.221431953254,40.555378779453086],[-74.22129864604456,40.55536622468574],[-74.2212137505764,40.55543130591708],[-74.22118322823303,40.555683343417684],[-74.22105338275374,40.55570153122303],[-74.22097904527034,40.55591180005461],[-74.22086715093401,40.55594020227793],[-74.22055340151061,40.55588528417051],[-74.22040587158548,40.555635296159544],[-74.22029711809111,40.55559792156556],[-74.22018456182457,40.555425594895866],[-74.22010627164778,40.554928812423356],[-74.21992072431505,40.55469843787561],[-74.21974356930723,40.55461267207267],[-74.21917586317076,40.55475879414038],[-74.21908060899511,40.55484700270071],[-74.21925824504437,40.55515619511904],[-74.21919554653131,40.555394647826425],[-74.21931015501103,40.55551218275434],[-74.2193370127915,40.5556913674838],[-74.21921716371094,40.555796970381415],[-74.21917849469095,40.55552810538746],[-74.21907546885927,40.555507141035974],[-74.21895832633062,40.554857582913385],[-74.21878077419609,40.554672289284625],[-74.21859325782808,40.554674210247974],[-74.21853638146906,40.55493288147904],[-74.21881905965172,40.555874718986374],[-74.21875399923744,40.555893469788224],[-74.2187503688056,40.55602774053745],[-74.21867044327848,40.55605041133378],[-74.2184151987481,40.555727625651656],[-74.21817360193396,40.55560052324868],[-74.21807146383061,40.555292928825374],[-74.21775342391737,40.55500528477637],[-74.21604245994743,40.55554411878445],[-74.21474053198814,40.55624238913232],[-74.21499256964766,40.5567949327961],[-74.21462340412226,40.556913361719715],[-74.21447533239655,40.556688864101865],[-74.21434447631465,40.55672657185728],[-74.21422698854404,40.55655731841979],[-74.21395537383668,40.556657154295785],[-74.21376467317752,40.55639694382807],[-74.21324031408828,40.55667262424103]]]}},{"type":"Feature","properties":{"ntaname":"Freshkills Park (South)","boroname":"Staten Island","ntatype":"9"},"geometry":{"type":"Polygon","coordinates":[[[-74.19749799921163,40.57885900159476],[-74.19195012998992,40.576575957919836],[-74.19064052941431,40.57668502919128],[-74.19054944443518,40.576298441372664],[-74.19020292635237,40.57633878200779],[-74.19006149169854,40.57626723973904],[-74.1895579983983,40.57627000122506],[-74.1891802492358,40.57552556562419],[-74.18922271665767,40.5753214370424],[-74.18903536546124,40.57388172356391],[-74.18903989512604,40.57266650664571],[-74.18749405681544,40.57278677157708],[-74.18609921674201,40.57252801764066],[-74.18440257868932,40.57300698314384],[-74.18376796248495,40.57255905119808],[-74.179369199157,40.5705483144043],[-74.17907699873177,40.56987500050626],[-74.17758036657031,40.5637554409058],[-74.17794544142505,40.56398336711053],[-74.18159556385048,40.56531796213426],[-74.18225953167803,40.565472350733906],[-74.18295815945308,40.56548020091099],[-74.18383608416057,40.56530981798435],[-74.18525395887453,40.56454935521817],[-74.18947754545944,40.563580991679686],[-74.18997972996685,40.563311606893684],[-74.19065725690967,40.56270956733869],[-74.19091666329795,40.56261966510496],[-74.19175412901554,40.56250762770022],[-74.19268475880968,40.56265171787688],[-74.1931738829826,40.56260434487513],[-74.19386150754414,40.56222232150761],[-74.19769481155726,40.558887054191594],[-74.20031905404083,40.556338226428785],[-74.20079377103798,40.55604436576232],[-74.20116467879508,40.55594175653106],[-74.20207763950978,40.55588077624736],[-74.2032286460342,40.556081142270436],[-74.20358414233532,40.55624965909998],[-74.20440667329153,40.556957886712766],[-74.20520041044199,40.55733222103737],[-74.20613872468545,40.55754450634726],[-74.2069988521602,40.55756748910415],[-74.20569605025547,40.558516005602925],[-74.21324031408828,40.55667262424103],[-74.21313586263256,40.55705101056256],[-74.21294006227775,40.5572067209109],[-74.21264343711212,40.55728972705874],[-74.21267302577782,40.557647560512464],[-74.2122695040372,40.55797279205761],[-74.21199843164408,40.55837806748117],[-74.21175620455124,40.55912475727636],[-74.21197029168968,40.55929773807977],[-74.21188042321681,40.559596937862004],[-74.2111744026009,40.56045988235528],[-74.21117303560395,40.56073012838615],[-74.21129678768314,40.560860885135654],[-74.21134005281321,40.561230353085506],[-74.21119328295505,40.56154221937746],[-74.21109600355074,40.56213147078937],[-74.21134392485384,40.56292331278048],[-74.21137997858774,40.56349220527506],[-74.21096277401229,40.564290450150466],[-74.21072667691158,40.565273911864914],[-74.20962824988962,40.56731836464242],[-74.20952461322831,40.56757815706767],[-74.20953467232908,40.56792804865823],[-74.20932175268335,40.568025300757085],[-74.20924168547243,40.56840985887997],[-74.2088666111235,40.56890979443196],[-74.20892636328513,40.56962429794761],[-74.20861881766685,40.569862585606664],[-74.20844022310412,40.57018165623108],[-74.20801705315667,40.57051795790472],[-74.208013601338,40.57062336385604],[-74.20816851102184,40.57071942341444],[-74.20783559014976,40.572610000446645],[-74.20726298207309,40.57411302777292],[-74.20707800410261,40.57426633971425],[-74.20708141086799,40.57437199994355],[-74.20722650140135,40.574486796413154],[-74.20709136979458,40.5746044467962],[-74.20707024366338,40.57474302582508],[-74.20728431413326,40.57525453337536],[-74.20697412386814,40.575525127206156],[-74.20681205626926,40.57592202069098],[-74.20688655587759,40.57621727105977],[-74.20708917179337,40.576305589836416],[-74.20692739963445,40.576543990351816],[-74.20670274735936,40.57654318001698],[-74.20658040531899,40.576652736334324],[-74.20653125429845,40.5769016378717],[-74.20669297509788,40.57698904594743],[-74.20680827961648,40.57717956829017],[-74.20663528237779,40.57739612172781],[-74.2063234419551,40.57753881946761],[-74.20618117210444,40.57790352758738],[-74.20617390140798,40.57816347474331],[-74.20591732509237,40.57861664705121],[-74.20606648882051,40.579603275644274],[-74.20602841110832,40.579764267650624],[-74.20539891399731,40.57984245755548],[-74.20441199860304,40.580170001424655],[-74.20294999914489,40.58010200075162],[-74.20058399959441,40.57951100141783],[-74.19887622570491,40.57930361964003],[-74.19749799921163,40.57885900159476]]]}},{"type":"Feature","properties":{"ntaname":"Fort Wadsworth","boroname":"Staten Island","ntatype":"6"},"geometry":{"type":"Polygon","coordinates":[[[-74.05974734627634,40.59384861207067],[-74.06375933292206,40.59893485952236],[-74.06108413994083,40.599816393848144],[-74.06195617868083,40.601236456452604],[-74.06397858489224,40.602143958328035],[-74.06430060502208,40.60309529654121],[-74.06517091184887,40.60421350934944],[-74.06042867173345,40.60635273105865],[-74.05677181637166,40.60789954008818],[-74.05649565936768,40.60724764825641],[-74.05601041410917,40.606780566634775],[-74.05552126122367,40.60648289256885],[-74.0552871969709,40.60653888957629],[-74.05516001122322,40.60673049135105],[-74.05498867839405,40.60666069640936],[-74.05518218103515,40.606474566331975],[-74.05505974095807,40.60626542045301],[-74.05381069805442,40.60591271885318],[-74.0536072967492,40.60523880992083],[-74.05402039958975,40.604934719911284],[-74.05353964480113,40.603633557567406],[-74.05303330746446,40.601466470296835],[-74.05309560985,40.6012111313829],[-74.05338789482067,40.60086861765575],[-74.05342199900808,40.60051607104164],[-74.05319033527638,40.600281156191585],[-74.0522541191048,40.5998511669077],[-74.05222826888257,40.59977610230407],[-74.0523724578031,40.599718782921],[-74.05287153843389,40.59986725546726],[-74.05434118553421,40.59881917533704],[-74.05431150481265,40.59877750576039],[-74.05447422333906,40.59875553954863],[-74.05719369838718,40.59639507881249],[-74.05974734627634,40.59384861207067]]]}},{"type":"Feature","properties":{"ntaname":"Hoffman & Swinburne Islands","boroname":"Staten Island","ntatype":"9"},"geometry":{"type":"MultiPolygon","coordinates":[[[[-74.05050806403284,40.56642203466358],[-74.04998352562573,40.566395924928464],[-74.04931640362085,40.56588774778062],[-74.04923629842082,40.565362736870895],[-74.05002620092776,40.56531818112419],[-74.05074409977213,40.56588712593522],[-74.05073571037052,40.566032774595975],[-74.05090601705051,40.5660943416282],[-74.05088200371617,40.566178290004295],[-74.05070831606588,40.56619410555606],[-74.05067916748574,40.566310845234],[-74.05107159803777,40.566722493398],[-74.05050806403284,40.56642203466358]]],[[[-74.05314036821026,40.577702714540756],[-74.05406044939913,40.57711644574164],[-74.05489778210803,40.577782440920004],[-74.05469316907485,40.579691632229625],[-74.05485134625349,40.57970759257522],[-74.05484560052173,40.57994579142779],[-74.05368629150418,40.5805487596146],[-74.05293190639816,40.57990247466604],[-74.05314036821026,40.577702714540756]]]]}},{"type":"Feature","properties":{"ntaname":"Miller Field","boroname":"Staten Island","ntatype":"9"},"geometry":{"type":"Polygon","coordinates":[[[-74.08469075947518,40.57147791419157],[-74.08595297385914,40.57029822710444],[-74.08654858694766,40.56963231913577],[-74.08691263653223,40.56898584268376],[-74.08621632224195,40.5685326976447],[-74.08725078316105,40.56908167819307],[-74.0883043682055,40.56832985617136],[-74.08920295037284,40.56717403620829],[-74.08914045954032,40.56713347366964],[-74.08924906075131,40.567015570534906],[-74.08998259932834,40.567380011533295],[-74.09054960106333,40.5670835972115],[-74.09123807762191,40.56650661322832],[-74.09404968409801,40.56298164811385],[-74.09399643661986,40.562806059650796],[-74.09407071043617,40.56273162013203],[-74.10660439327334,40.56877826927169],[-74.10874017878626,40.569916494851874],[-74.10637576995441,40.57222437058479],[-74.10604352582456,40.572064179625244],[-74.10524290289504,40.57309404056202],[-74.10470979010053,40.57400594007626],[-74.09387294784271,40.56840894341164],[-74.092770581362,40.56794341127407],[-74.09275074217504,40.56809604888875],[-74.08946037563858,40.57168029837588],[-74.08853447459332,40.572558506577906],[-74.08769737508017,40.573061884544025],[-74.0859764740804,40.572236971560365],[-74.08469075947518,40.57147791419157]]]}},{"type":"Feature","properties":{"ntaname":"Great Kills Park","boroname":"Staten Island","ntatype":"9"},"geometry":{"type":"Polygon","coordinates":[[[-74.11338340528424,40.54807337515175],[-74.1147378116535,40.547996611179336],[-74.11497175661174,40.54789475161018],[-74.11526784223545,40.547571000223556],[-74.11546177820851,40.54751536221782],[-74.11561408855269,40.54754356997046],[-74.11580699962332,40.547738870425064],[-74.11608004748928,40.54786494683688],[-74.11654532176979,40.5478723931468],[-74.11729988901608,40.54746402665053],[-74.11804133083795,40.54730661339739],[-74.11863273509876,40.54678489414477],[-74.11948690777245,40.545691803289735],[-74.11986445505437,40.54542735102611],[-74.12046754805189,40.54527894006101],[-74.12146925608437,40.545300687305875],[-74.12221377619161,40.545063383376316],[-74.12249960095284,40.54485810670808],[-74.12424449712773,40.54311038091094],[-74.1263818513107,40.54052075545944],[-74.13071184272671,40.534535075436416],[-74.1335644349814,40.53151117530839],[-74.13618848993349,40.529620796687475],[-74.13690799076248,40.52928191838023],[-74.13728504251763,40.52974046748241],[-74.13743797279717,40.52967586404675],[-74.13825140393503,40.529691336389924],[-74.13865059438028,40.529802164648885],[-74.13888337538795,40.52996068003427],[-74.13901786087868,40.53027092605102],[-74.13900228724886,40.53092216494201],[-74.13915076012373,40.53152011206245],[-74.14027015269482,40.53330001669346],[-74.1406109270312,40.53413060019034],[-74.1405860719319,40.5346999368412],[-74.14045248183922,40.535158980548424],[-74.14025575724298,40.535443547853426],[-74.13998525609897,40.53548611237221],[-74.13906788385064,40.53528807494019],[-74.13822429107671,40.53520826769066],[-74.13576761375313,40.53523224833755],[-74.13482603249982,40.535299706282366],[-74.13395313243473,40.535566460200094],[-74.13340691483275,40.53589811492269],[-74.1330261157119,40.53624033644863],[-74.13336905396233,40.536356194723005],[-74.13301207668793,40.536256065043034],[-74.1329712040365,40.53629468857766],[-74.13316120141162,40.53637400270123],[-74.13294266453623,40.53632203308215],[-74.1311954568939,40.53787240877474],[-74.13128337090431,40.53793349133642],[-74.13152564883086,40.537718542135934],[-74.13129269799677,40.53795670136842],[-74.13181387201769,40.53830735868589],[-74.13211244495555,40.53805229667788],[-74.13176571749533,40.537817446292756],[-74.13169767601974,40.537857122813264],[-74.131846271475,40.53773464329711],[-74.1317852073062,40.53780229074923],[-74.13213560512352,40.5380331266803],[-74.13242438513319,40.537774960735106],[-74.13199817051284,40.537480984941396],[-74.13191182124632,40.5375328409772],[-74.13207952279558,40.537395033638],[-74.13201821176251,40.53746460223478],[-74.13245302764166,40.53776028136421],[-74.13275480490115,40.53750453648014],[-74.13232205590616,40.53720522203963],[-74.13223596269246,40.53726255073678],[-74.13239801584072,40.5371188639277],[-74.1323376970766,40.53718812078447],[-74.13277603711705,40.53748401091606],[-74.13307445571547,40.537229123304215],[-74.13264694004069,40.53693703830822],[-74.13255786139074,40.536991407757576],[-74.132735602333,40.536854535243414],[-74.1326672694533,40.53692018908509],[-74.13309457511372,40.537212016922794],[-74.13339187377338,40.536957984347744],[-74.13295577183409,40.536661238722054],[-74.13287438280999,40.53671963230256],[-74.13303508839532,40.536574875626066],[-74.13297252934821,40.536643282519876],[-74.13341004365368,40.53693972187112],[-74.13380823263034,40.53656217567626],[-74.13386054140278,40.536597961991426],[-74.12996934203085,40.53996776961431],[-74.13020869361581,40.53970266381747],[-74.12976405619074,40.539415222949714],[-74.1296837544282,40.53947171959338],[-74.12984555503498,40.539326856961786],[-74.12978384857315,40.53939867623602],[-74.13022754297755,40.539683717053855],[-74.13052164283047,40.53942555811981],[-74.13008440018636,40.53911792687652],[-74.13000272815052,40.539172394161284],[-74.13016935798461,40.53903287802359],[-74.13010505586585,40.539101735968124],[-74.13054176521159,40.53940930625587],[-74.13083906851791,40.53914759239006],[-74.13040743526528,40.538847416267004],[-74.130322448993,40.538900471244645],[-74.1304852836071,40.53875891675803],[-74.13042531514317,40.53883031223023],[-74.13085918854104,40.539131339802516],[-74.13115328715367,40.538873574606406],[-74.13071925808853,40.538581361915085],[-74.13065428041827,40.53861731113316],[-74.13079971896295,40.53849249031434],[-74.13073782459347,40.53856443328926],[-74.1311743698487,40.53885516039364],[-74.13147424215231,40.538598314380366],[-74.13103945368901,40.538304978965],[-74.13097509115991,40.53834174990228],[-74.13111962282582,40.53821889232536],[-74.13105906666092,40.538288981063054],[-74.13149740072379,40.53858138037319],[-74.13179350815561,40.53832599148931],[-74.13116466312675,40.53790013586929],[-74.1281332627139,40.54055296599784],[-74.1275631496643,40.541453976697866],[-74.12738789577712,40.54229542965965],[-74.127443217672,40.54273687799024],[-74.12767003295579,40.54338134577051],[-74.12773143427255,40.54342308430129],[-74.12789824961541,40.54336617156232],[-74.12788626375576,40.54330807707498],[-74.12792830441732,40.543373247056834],[-74.12756660762842,40.54349933393463],[-74.1276299403818,40.543608893618334],[-74.12798968324853,40.543484343632],[-74.12803068497496,40.54355055827913],[-74.12781893446551,40.54356439964473],[-74.12838196100421,40.54434484866056],[-74.12944814578941,40.54548399596794],[-74.13011404715083,40.54597572563072],[-74.13155026187704,40.54652452886203],[-74.13308664365876,40.54683429509304],[-74.13435503363992,40.546788934707465],[-74.13585712346627,40.54645169671764],[-74.13711185568107,40.547023482811085],[-74.13865265777541,40.54848581744848],[-74.138411936361,40.548691832156166],[-74.13836533062728,40.548661215063895],[-74.13734798549274,40.549564998978965],[-74.13738988034493,40.54959237019136],[-74.13607343283425,40.55043330077783],[-74.13455868159954,40.55125507820446],[-74.1317782803098,40.55348997151768],[-74.13042459507224,40.55443704306459],[-74.12730057734184,40.55729517311905],[-74.11945859159377,40.55222190604609],[-74.11856986254412,40.55147293790205],[-74.118702494741,40.551300177877714],[-74.11864720347508,40.55113992856191],[-74.11656289990475,40.54912774222835],[-74.11494202833097,40.54958865011587],[-74.11395149790316,40.548725323471565],[-74.11338340528424,40.54807337515175]]]}}]}